SYMBOL,EXCHANGE,SERIES,ISIN,DATE,CMP,OPEN,HIGH,LOW,PREV_CLOSE,CHANGE_PCT,VWAP,VOLUME,TURNOVER,AVG_VOL_20D,VOL_SPIKE_RATIO,DELIV_PER,EMA_50,EMA_200,DIST_FROM_EMA50_PCT,DIST_FROM_EMA200_PCT,EMA_GOLDEN_CROSS,RSI_14,HIGH_52W,LOW_52W,DIST_FROM_52W_HIGH_PCT,DIST_FROM_52W_LOW_PCT,DAYS_OF_HISTORY,RETURN_1D_PCT,RETURN_1W_PCT,RETURN_1M_PCT,RETURN_3M_PCT,RETURN_6M_PCT,RETURN_1Y_PCT,IS_SME
20MICRONS,NSE,EQ,INE144J01027,2026-10-09,196.12,196.0,198.7,193.51,194.81,0.67,196.92,67881,13367296.58,116280.0,0.58,,206.46,198.1,-5.01,-1.0,True,38.79,224.8,133.14,-12.76,47.3,270,0.67,-5.37,-10.56,-1.12,21.45,-5.33,False
21STCENMGM,NSE,EQ,INE253B01015,2026-10-09,43.12,42.95,43.12,41.55,41.07,4.99,42.73,22609,965975.94,5395.0,4.19,,39.26,39.05,9.83,10.43,True,69.3,52.74,28.6,-18.24,50.77,270,4.99,13.47,11.74,35.21,47.82,-16.37,False
360ONE,NSE,EQ,INE466L01038,2026-10-09,1048.0,1041.3,1048.0,1031.0,1041.1,0.66,1039.75,253881,263971909.6,932689.0,0.27,,1098.92,1101.28,-4.63,-4.84,False,41.07,1210.0,929.25,-13.39,12.78,270,0.66,0.77,-5.59,-7.17,7.85,2.34,False
3BBLACKBIO,NSE,EQ,INE994E01018,2026-10-09,1586.4,1554.7,1596.0,1526.1,1530.0,3.69,1570.97,11178,17560320.0,19567.0,0.57,,1416.02,1316.4,12.03,20.51,True,57.72,1710.4,1102.8,-7.25,43.85,120,3.69,-3.67,9.01,38.12,,,False
3IINFO-RE,NSE,BE,INE748C20012,2025-10-20,1.28,1.54,1.54,1.21,1.51,-15.23,1.31,677228,884372.53,799281.0,0.85,,2.34,2.53,-45.27,-49.46,False,,2.61,1.28,-50.96,0.0,10,-15.23,-32.63,,,,,False
3IINFOLTD,NSE,BE,INE748C01038,2026-10-09,22.67,23.0,23.0,22.53,23.0,-1.43,22.79,110302,2514132.67,302174.0,0.37,,23.05,20.26,-1.64,11.88,True,42.83,27.6,12.72,-17.86,78.22,270,-1.43,0.98,1.57,20.78,44.39,5.1,False
3MINDIA,NSE,EQ,INE470A01017,2026-10-09,30170.0,30140.0,30355.0,29790.0,30025.0,0.48,30109.78,1743,52481355.0,6153.0,0.28,,33040.89,33253.91,-8.69,-9.27,False,32.79,37635.0,28930.0,-19.84,4.29,270,0.48,-2.03,-8.98,-14.7,-4.51,2.46,False
3PLAND,NSE,EQ,INE105C01023,2026-10-09,30.65,30.0,30.9,29.8,30.77,-0.39,30.18,3243,97879.1,7093.0,0.46,,31.51,33.89,-2.73,-9.55,False,43.63,44.46,28.72,-31.06,6.72,270,-0.39,-1.51,-5.4,-3.92,-11.57,-28.57,False
5PAISA,NSE,EQ,INE618L01018,2026-10-09,339.55,333.05,355.45,333.05,338.2,0.4,347.75,85063,29580368.6,146787.0,0.58,,340.25,340.58,-0.21,-0.3,False,52.91,405.6,249.1,-16.28,36.31,270,0.4,7.33,0.64,-7.16,12.16,-1.06,False
5PAISA-RE,NSE,BE,INE618L20018,2026-04-07,0.33,0.33,0.33,0.33,0.3,10.0,0.33,116095,38311.35,31536.0,3.68,,0.13,0.11,158.86,207.66,True,,0.33,0.1,0.0,230.0,6,10.0,230.0,,,,,False
63MOONS,NSE,EQ,INE111B01023,2026-10-09,766.3,761.95,779.45,759.35,761.55,0.62,769.3,98604,75855982.15,392458.0,0.25,,806.22,754.44,-4.95,1.57,True,37.13,931.4,470.3,-17.73,62.94,270,0.62,-4.48,-11.74,12.92,39.99,-8.51,False
A2ZINFRA,NSE,EQ,INE619I01012,2026-10-09,14.0,13.7,14.4,13.35,13.72,2.04,13.97,227015,3170438.77,189664.0,1.2,,14.84,15.53,-5.64,-9.85,False,40.53,18.81,12.06,-25.57,16.09,270,2.04,-2.64,-11.39,3.17,-18.75,-16.91,False
AAATECH,NSE,EQ,INE0D0U01013,2026-10-09,107.92,104.14,112.0,102.05,103.44,4.33,107.15,543936,58284458.55,216723.0,2.51,,95.4,94.14,13.12,14.64,True,64.26,125.44,82.79,-13.97,30.35,270,4.33,16.37,16.49,13.25,9.84,35.56,False
AADHARHFC,NSE,EQ,INE883F01010,2026-10-09,443.65,446.65,452.0,442.8,450.55,-1.53,447.67,120965,54152676.05,364118.0,0.33,,467.68,483.8,-5.14,-8.3,False,40.34,556.5,432.5,-20.28,2.58,270,-1.53,-1.06,-7.51,-17.0,-5.87,-13.05,False
AAKAAR,NSE,SM,INE1GYP01013,2026-10-09,68.0,68.0,68.0,68.0,66.0,3.03,68.0,1600,108800.0,8000.0,0.2,,64.86,67.81,4.85,0.29,False,57.55,95.75,48.0,-28.98,41.67,242,3.03,1.49,7.94,-8.23,21.43,,True
AAKASH,NSE,EQ,INE087Z01024,2026-10-09,8.14,8.02,8.28,8.02,8.2,-0.73,8.1,65036,527044.28,138396.0,0.47,,8.72,8.91,-6.69,-8.64,False,33.41,11.9,7.68,-31.6,5.99,270,-0.73,-2.4,-4.12,-7.92,-1.21,-15.12,False
AARADHYA,NSE,ST,INE124401014,2026-10-08,124.0,121.0,124.0,121.0,122.35,1.35,122.98,3600,442740.0,29580.0,0.12,,110.91,106.67,11.81,16.25,True,53.29,176.95,65.0,-29.92,90.77,205,1.35,-1.08,1.76,55.0,5.08,,True
AAREYDRUGS,NSE,EQ,INE198H01019,2026-10-09,104.08,102.01,105.7,100.54,103.89,0.18,103.42,152052,15724791.11,273310.0,0.56,,94.84,83.74,9.75,24.28,True,60.16,108.81,50.75,-4.35,105.08,270,0.18,0.22,6.17,25.65,67.44,25.64,False
AARNAV,NSE,BE,INE750R01016,2026-10-09,36.56,35.54,37.3,35.54,35.54,2.87,35.98,3680,132414.71,20620.0,0.18,,32.73,28.91,11.71,26.47,True,60.77,37.31,21.69,-2.01,68.56,153,2.87,2.99,15.73,45.43,56.24,,False
AARON,NSE,EQ,INE721Z01010,2026-10-09,127.13,122.0,132.0,121.1,121.05,5.02,125.71,22164,2786216.19,16164.0,1.37,,126.62,140.83,0.4,-9.73,False,53.12,218.52,109.27,-41.82,16.34,270,5.02,3.27,1.7,6.89,-14.1,-32.24,False
AARTECH,NSE,BE,INE01C001026,2026-10-09,47.82,47.5,48.0,46.1,47.69,0.27,46.87,10006,468935.01,32740.0,0.31,,49.11,48.72,-2.63,-1.84,True,41.42,62.93,34.8,-24.01,37.41,270,0.27,-0.21,-6.93,-2.92,2.18,-7.84,False
AARTIDRUGS,NSE,EQ,INE767A01016,2026-10-09,413.3,415.0,419.0,408.05,414.0,-0.17,414.02,78159,32359610.6,200669.0,0.39,,419.36,408.97,-1.45,1.06,True,43.44,524.6,319.75,-21.22,29.26,270,-0.17,-1.83,-1.95,4.16,14.31,-15.05,False
AARTIIND,NSE,EQ,INE769A01020,2026-10-09,460.15,478.0,486.4,459.3,478.05,-3.74,466.47,738046,344278959.25,541436.0,1.36,,490.77,461.65,-6.24,-0.32,True,38.51,543.15,340.0,-15.28,35.34,270,-3.74,-1.06,-8.65,-4.95,9.12,22.74,False
AARTIPHARM,NSE,EQ,INE0LRU01027,2026-10-09,855.5,880.7,892.0,850.0,879.05,-2.68,865.3,444377,384517494.75,896647.0,0.5,,849.59,776.67,0.7,10.15,True,44.98,975.0,591.95,-12.26,44.52,270,-2.68,-11.67,-1.33,20.59,24.3,3.36,False
AARTISURF,NSE,BE,INE09EO01013,2026-10-09,483.75,488.0,490.0,475.55,485.8,-0.42,483.62,6675,3228150.35,13389.0,0.5,,501.54,453.82,-3.55,6.59,True,40.99,658.55,321.1,-26.54,50.65,270,-0.42,-2.96,-10.21,24.98,23.63,3.93,False
AARVEEDEN,NSE,BE,INE273D01019,2025-10-10,151.42,157.89,157.89,150.0,156.1,-3.0,151.92,13502,2051204.83,19872.0,0.68,,168.61,173.57,-10.19,-12.76,False,24.8,178.71,151.42,-15.27,0.0,25,-3.0,-8.18,-10.69,,,,False
AARVI,NSE,EQ,INE754X01016,2026-10-09,138.54,138.26,140.99,137.56,138.26,0.2,138.64,2140,296684.99,8235.0,0.26,,142.3,137.55,-2.65,0.72,True,45.98,161.75,117.26,-14.35,18.15,270,0.2,1.04,-2.55,-10.76,5.62,15.72,False
AASTHA,NSE,EQ,INE2FMX01012,2026-10-09,27.65,28.5,28.84,27.4,28.68,-3.59,27.78,463503,12875680.41,1149613.0,0.4,,70.34,107.27,-60.69,-74.22,False,22.12,136.49,27.65,-79.74,0.0,68,-3.59,-14.79,-64.02,-77.5,,,False
AATMAJ,NSE,SM,INE0OB201016,2026-10-09,23.95,24.15,24.15,23.95,22.95,4.36,24.05,10000,240500.0,9700.0,1.03,,19.92,20.22,20.21,18.46,False,74.39,25.25,17.75,-5.15,34.93,188,4.36,19.75,29.11,9.11,-0.42,,True
AAVAS,NSE,EQ,INE216P01012,2026-10-09,1193.0,1190.5,1206.4,1180.0,1190.5,0.21,1194.27,31732,37896563.4,91620.0,0.35,,1297.72,1376.86,-8.07,-13.35,False,35.62,1736.4,1073.9,-31.29,11.09,270,0.21,0.18,-7.77,-21.82,-1.35,-26.98,False
ABAN,NSE,BE,INE421A01028,2026-10-09,17.71,17.71,17.71,17.71,18.64,-4.99,17.71,39022,691079.62,43338.0,0.9,,15.85,22.59,11.75,-21.61,False,67.3,45.34,13.18,-60.94,34.37,220,-4.99,15.3,21.72,30.6,-21.5,,False
ABANSENT,NSE,EQ,INE365O01028,2026-10-09,30.17,30.0,30.9,29.02,28.45,6.05,30.24,52653,1592484.99,10179.0,5.17,,27.63,27.67,9.17,9.02,False,67.22,47.96,24.9,-37.09,21.16,120,6.05,9.31,8.64,11.12,,,False
ABB,NSE,EQ,INE117A01022,2026-10-09,6780.0,6795.0,6798.0,6575.0,6770.0,0.15,6735.91,336748,2268304411.0,188785.0,1.78,,7171.21,6694.82,-5.46,1.27,True,38.53,7735.0,4691.5,-12.35,44.52,270,0.15,-1.74,-8.22,-0.82,3.27,30.8,False
ABBOTINDIA,NSE,EQ,INE358A01014,2026-10-09,26000.0,25580.0,26040.0,25580.0,25580.0,1.64,25893.31,3422,88606915.0,8732.0,0.39,,26560.98,27217.52,-2.11,-4.47,False,44.19,30255.0,25180.0,-14.06,3.26,270,1.64,-3.13,1.74,-4.29,0.58,-11.23,False
ABCAPITAL,NSE,EQ,INE674K01013,2026-10-09,380.7,371.0,385.5,370.5,368.65,3.27,379.95,6519404,2477069015.0,3208393.0,2.03,,391.05,367.38,-2.65,3.63,True,45.23,424.7,292.25,-10.36,30.27,270,3.27,1.51,-4.09,-6.76,12.5,30.22,False
ABCOTS,NSE,EQ,INE08PH01015,2026-10-09,193.88,190.67,195.99,185.9,190.67,1.68,193.01,2691,519397.08,15705.0,0.17,,205.29,272.89,-5.56,-28.95,False,40.85,446.05,189.91,-56.53,2.09,270,1.68,2.09,-6.78,-7.65,-51.66,-55.1,False
ABDL,NSE,EQ,INE552Z01027,2026-10-09,711.55,693.45,722.2,690.1,693.45,2.61,710.4,1078501,766170854.25,1254839.0,0.86,,651.05,592.35,9.29,20.12,True,61.81,723.45,384.15,-1.64,85.23,270,2.61,4.72,19.69,9.68,55.65,40.15,False
ABFRL,NSE,EQ,INE647O01011,2026-10-09,43.65,43.3,43.93,43.07,43.18,1.09,43.62,2708597,118148307.04,4886443.0,0.55,,51.22,61.31,-14.78,-28.8,False,29.07,87.99,43.18,-50.39,1.09,270,1.09,-1.98,-16.44,-27.27,-26.6,-48.34,False
ABGSEC,NSE,EQ,INF209KC1134,2026-10-09,113.15,113.44,113.44,112.61,112.99,0.14,113.39,73,8277.51,216.0,0.34,,113.79,112.73,-0.56,0.38,True,45.37,115.49,109.63,-2.03,3.21,247,0.14,-0.38,-0.38,-0.45,0.64,,False
ABH,NSE,SM,INE1R2M01019,2026-10-09,44.7,44.0,47.75,43.25,45.5,-1.76,44.41,82800,3676800.0,165540.0,0.5,,66.72,84.94,-33.0,-47.37,False,24.27,94.05,39.8,-52.47,12.31,27,-1.76,7.84,-38.68,,,,True
ABHAPOWER,NSE,SM,INE0UYG01015,2026-10-08,23.25,22.05,23.25,22.05,22.4,3.79,22.65,3200,72480.0,5840.0,0.55,,24.65,29.5,-5.67,-21.19,False,44.66,45.95,22.4,-49.4,3.79,243,3.79,0.65,-2.92,-15.76,-19.97,,True
ABINFRA,NSE,BE,INE00YB01025,2026-10-09,12.5,12.19,12.55,11.67,12.19,2.54,12.43,335254,4165812.38,284924.0,1.18,,11.84,31.22,5.61,-59.97,False,56.93,202.63,9.07,-93.83,37.82,270,2.54,-0.48,8.6,21.6,-22.26,-93.31,False
ABLBL,NSE,EQ,INE14LE01019,2026-10-09,72.46,71.95,73.4,71.78,71.95,0.71,72.51,1264107,91663109.65,3247949.0,0.39,,83.27,99.57,-12.98,-27.23,False,19.77,147.9,71.95,-51.01,0.71,270,0.71,-2.66,-14.27,-24.17,-28.14,-45.48,False
ABMINTLLTD,NSE,BE,INE251C01025,2026-10-09,39.5,40.96,43.0,39.11,40.96,-3.56,39.16,3139,122908.48,561.0,5.59,,48.03,46.31,-17.77,-14.7,True,21.57,69.37,35.17,-43.06,12.31,255,-3.56,-12.61,-27.85,-3.47,-12.8,-12.22,False
ABMKNO,NSE,EQ,INE850B01026,2026-10-09,161.22,160.0,162.0,156.0,161.27,-0.03,159.86,749,119731.57,2042.0,0.37,,182.13,213.0,-11.48,-24.31,False,32.93,254.8,161.22,-36.73,0.0,120,-0.03,-4.08,-13.85,-23.23,,,False
ABREL,NSE,EQ,INE055A01016,2026-10-09,1022.3,1018.0,1031.5,1002.3,1018.0,0.42,1021.53,315769,322568140.2,228490.0,1.38,,1256.96,1383.67,-18.67,-26.12,False,18.28,1890.4,1018.0,-45.92,0.42,270,0.42,-7.11,-25.49,-29.35,-19.08,-39.49,False
ABSL10BANK,NSE,EQ,INF209KC1670,2026-10-09,163.61,163.05,165.0,163.05,161.32,1.42,163.83,166,27196.17,2456.0,0.07,,166.17,170.58,-1.54,-4.09,False,46.99,183.1,154.26,-10.64,6.06,149,1.42,0.81,-2.21,-6.27,-1.99,,False
ABSLAMC,NSE,EQ,INE404A01024,2026-10-09,1004.05,1004.9,1013.8,990.5,1004.9,-0.08,1004.04,133287,133825328.85,215121.0,0.62,,1032.13,990.98,-2.72,1.32,True,45.95,1199.0,716.95,-16.26,40.04,270,-0.08,1.25,-3.25,-12.43,3.11,26.85,False
ABSLBANETF,NSE,EQ,INF209KB17D5,2026-10-09,56.76,56.28,56.93,56.09,55.92,1.5,56.74,308051,17478919.19,113413.0,2.72,,57.67,57.91,-1.58,-1.99,False,44.81,62.91,51.48,-9.78,10.26,270,1.5,1.41,-2.66,-4.43,-0.3,1.83,False
ABSLLIQUID,NSE,EQ,INF209KB18T9,2026-10-09,1000.0,1000.0,1000.01,1000.0,1000.0,0.0,1000.0,11685,11685001.75,8896.0,1.31,,1000.0,1000.0,0.0,0.0,False,52.37,1000.01,999.99,-0.0,0.0,270,0.0,0.0,0.0,0.0,0.0,-0.0,False
ABSLMSCIN,NSE,EQ,INF209KC1662,2026-10-09,27.68,27.47,27.68,27.47,27.34,1.24,27.59,87,2400.7,514.0,0.17,,28.85,29.35,-4.05,-5.7,False,35.2,34.79,26.75,-20.44,3.48,155,1.24,0.0,-5.66,-6.74,0.69,,False
ABSLNN50ET,NSE,EQ,INF209KB16D7,2026-10-09,72.02,73.25,73.25,71.3,73.75,-2.35,71.84,19064,1369581.79,17544.0,1.09,,75.53,74.17,-4.65,-2.89,True,35.3,78.78,64.56,-8.58,11.56,270,-2.35,-1.41,-6.28,-5.14,3.67,1.67,False
ABSLPSE,NSE,EQ,INF209KB19Z4,2026-10-09,9.48,9.44,9.72,9.4,9.44,0.42,9.48,93543,886854.64,96884.0,0.97,,10.02,10.23,-5.35,-7.33,False,25.83,11.17,9.44,-15.13,0.42,270,0.42,-2.57,-6.42,-7.87,-8.49,-5.58,False
ABSMARINE,NSE,SM,INE0QRV01016,2026-10-09,310.0,317.95,318.0,301.5,314.45,-1.42,307.83,47500,14622050.0,71925.0,0.66,,289.51,241.54,7.08,28.34,True,51.47,345.95,149.55,-10.39,107.29,270,-1.42,-6.26,-6.26,33.08,51.96,70.14,True
ACC,NSE,EQ,INE012A01025,2026-10-09,1133.0,1132.1,1142.4,1124.6,1130.1,0.26,1131.5,118169,133707938.0,144920.0,0.82,,1258.77,1422.05,-9.99,-20.33,False,21.3,1913.7,1130.1,-40.8,0.26,270,0.26,-4.21,-10.28,-18.17,-19.7,-37.91,False
ACCELYA,NSE,EQ,INE793A01012,2026-10-09,1061.6,1045.7,1067.0,1016.0,1094.4,-3.0,1041.55,48021,50016245.1,19289.0,2.49,,1117.69,1178.71,-5.02,-9.94,False,24.61,1501.4,1024.6,-29.29,3.61,270,-3.0,-2.98,-5.59,-4.27,-6.82,-27.84,False
ACCENTMIC,NSE,SM,INE0Q5D01013,2026-10-09,649.75,650.0,655.95,636.0,645.6,0.64,645.7,52000,33576525.0,57925.0,0.9,,620.83,487.0,4.66,33.42,True,49.04,725.75,243.55,-10.47,166.78,270,0.64,-3.01,1.06,26.55,53.12,165.26,True
ACCORD,NSE,ST,INE113X01015,2026-09-04,188.45,188.45,188.45,188.45,198.35,-4.99,188.45,2000,376900.0,19400.0,0.1,,126.87,61.24,48.54,207.71,True,70.93,210.65,19.85,-10.54,849.37,101,-4.99,-8.76,71.71,611.13,,,True
ACCPL,NSE,ST,INE0T8T01010,2026-10-09,188.95,187.85,189.0,180.0,180.0,4.97,188.39,48000,9042780.0,22920.0,2.09,,192.76,141.32,-1.97,33.71,True,42.71,219.0,54.6,-13.72,246.06,265,4.97,-7.06,-10.02,17.51,144.91,194.31,True
ACCURACY,NSE,EQ,INE648Z01023,2026-10-09,4.12,4.12,4.17,4.05,4.12,0.0,4.14,26589,110069.26,62530.0,0.43,,4.48,5.09,-8.09,-19.04,False,36.85,7.03,3.47,-41.39,18.73,270,0.0,-0.24,-3.96,-21.67,-29.45,-41.56,False
ACE,NSE,EQ,INE731H01025,2026-10-09,1176.9,1190.0,1209.4,1169.3,1179.8,-0.25,1188.49,321543,382150266.4,354110.0,0.91,,1150.82,1033.54,2.27,13.87,True,47.46,1253.9,748.95,-6.14,57.14,270,-0.25,-2.92,4.97,19.0,37.31,9.72,False
ACEINTEG,NSE,EQ,INE543V01017,2026-10-09,17.2,16.37,17.49,16.15,16.45,4.56,16.97,3102,52655.07,2333.0,1.33,,17.81,19.48,-3.41,-11.71,False,48.85,25.76,15.25,-33.23,12.79,270,4.56,0.35,-0.98,-18.13,-2.66,-27.12,False
ACETEC,NSE,SM,INE1J6M01010,2026-10-08,132.7,134.0,134.0,129.5,140.0,-5.21,132.07,3600,475440.0,11700.0,0.31,,135.91,126.99,-2.36,4.49,True,42.18,153.0,116.5,-13.27,13.91,99,-5.21,-8.48,4.45,9.62,,,True
ACEVECTOR,NSE,EQ,INE580P01029,2026-10-09,30.58,29.0,31.7,28.7,29.12,5.01,30.49,60598129,1847759108.47,66770881.0,0.91,,26.55,26.2,15.19,16.71,True,,31.11,25.93,-1.7,17.93,5,5.01,,,,,,False
ACGL,NSE,EQ,INE451C01013,2026-10-09,1676.4,1681.7,1702.8,1671.0,1690.1,-0.81,1682.62,472,794194.8,936.0,0.5,,1738.59,1759.76,-3.58,-4.74,False,41.37,1806.2,1622.7,-7.19,3.31,38,-0.81,3.31,-5.85,,,,False
ACI,NSE,EQ,INE128X01021,2026-10-09,455.05,463.9,465.1,451.35,462.2,-1.55,458.98,225673,103578962.1,266945.0,0.85,,491.96,543.01,-7.5,-16.2,False,38.12,693.05,455.05,-34.34,0.0,270,-1.55,-4.21,-6.12,-13.73,-24.85,-33.98,False
ACL,NSE,EQ,INE666E01020,2026-10-09,39.26,39.49,39.49,38.62,38.97,0.74,39.21,3310,129791.07,13606.0,0.24,,43.58,54.96,-9.92,-28.56,False,26.87,85.55,38.97,-54.11,0.74,270,0.74,-0.18,-7.16,-20.12,-24.54,-53.29,False
ACLGATI,NSE,EQ,INE152B01027,2025-11-11,66.05,66.31,66.89,64.95,65.35,1.07,65.95,909770,59998253.29,631820.0,1.44,,61.74,61.76,6.98,6.94,False,60.95,66.37,57.18,-0.48,15.51,45,1.07,-0.48,13.45,,,,False
ACMESOLAR,NSE,EQ,INE622W01025,2026-10-09,418.1,420.4,423.3,411.5,420.4,-0.55,416.45,584873,243572244.75,2452922.0,0.24,,408.91,342.52,2.25,22.07,True,47.17,458.65,198.96,-8.84,110.14,270,-0.55,-3.34,1.33,10.9,53.04,50.94,False
ACSTECH,NSE,BE,INE366C01021,2026-10-09,70.4,70.4,70.4,70.4,71.83,-1.99,70.4,11838,833395.2,216766.0,0.05,,61.49,47.63,14.49,47.8,True,54.3,84.38,32.34,-16.57,117.69,120,-1.99,-9.57,23.21,66.51,,,False
ACTIVEINFR,NSE,SM,INE0KLO01025,2026-10-05,172.5,172.5,172.5,172.5,181.25,-4.83,172.5,600,103500.0,12360.0,0.05,,175.76,175.26,-1.85,-1.58,True,45.36,186.0,170.0,-7.26,1.47,130,-4.83,0.88,-4.06,0.67,0.82,,True
ACUTAAS,NSE,EQ,INE00FF01025,2026-10-09,3160.6,3059.0,3190.0,3031.1,3056.7,3.4,3138.41,365667,1147611874.0,386726.0,0.95,,3238.28,2795.13,-2.4,13.08,True,46.06,3694.8,1381.5,-14.46,128.78,270,3.4,-1.12,-0.68,-7.06,35.31,139.84,False
ADANI-RE,NSE,BE,INE423A20016,2025-12-05,430.65,377.0,435.5,368.0,378.8,13.69,392.92,953402,374607112.8,2016284.0,0.47,,487.53,506.91,-11.67,-15.04,False,,514.3,349.8,-16.26,23.11,9,13.69,-2.66,,,,,False
ADANIENSOL,NSE,EQ,INE931S01010,2026-10-09,1262.0,1264.9,1285.2,1256.1,1251.5,0.84,1269.22,993699,1261220788.6,1825455.0,0.54,,1424.24,1318.47,-11.39,-4.28,True,33.36,1741.6,812.7,-27.54,55.28,270,0.84,-4.86,-10.35,-23.7,17.58,44.68,False
ADANIENT,NSE,EQ,INE423A01024,2026-10-09,2634.4,2605.1,2653.0,2582.3,2596.0,1.48,2622.86,1611868,4227707633.9,1611923.0,1.0,,2924.15,2711.75,-9.91,-2.85,True,34.21,3212.1,1758.8,-17.99,49.78,270,1.48,-6.48,-10.79,-16.56,28.9,5.13,False
ADANIGREEN,NSE,EQ,INE364U01010,2026-10-09,1255.8,1240.0,1275.0,1238.4,1235.7,1.63,1257.07,2735030,3438130029.6,2181268.0,1.25,,1314.11,1243.03,-4.44,1.03,True,44.87,1604.5,772.8,-21.73,62.5,270,1.63,-1.59,-2.8,-18.27,21.96,22.3,False
ADANIPORTS,NSE,EQ,INE742F01042,2026-10-09,1761.0,1710.1,1770.0,1699.1,1708.0,3.1,1749.71,9906351,17333249893.7,2433695.0,4.07,,1745.54,1653.46,0.89,6.5,True,50.94,1883.2,1303.6,-6.49,35.09,270,3.1,1.34,2.98,-3.67,21.17,25.47,False
ADANIPOWER,NSE,EQ,INE814H01029,2026-10-09,189.0,188.0,191.6,187.25,188.0,0.53,189.39,18864523,3572781466.75,20031837.0,0.94,,204.83,228.42,-7.73,-17.26,False,37.47,248.91,132.96,-24.07,42.15,270,0.53,-3.67,-9.31,-13.48,11.63,30.66,False
ADDICTIVE,NSE,ST,INE0RDH01021,2026-10-09,42.5,41.8,42.5,41.8,42.2,0.71,41.97,47500,1993500.0,11400.0,4.17,,44.61,65.27,-4.74,-34.88,False,47.05,132.0,37.7,-67.8,12.73,197,0.71,3.66,-0.47,6.25,-27.84,,True
ADDIND,NSE,EQ,INE757C01021,2026-10-09,76.56,73.89,79.99,70.01,72.46,5.66,73.37,1603,117608.15,910.0,1.76,,81.17,86.44,-5.68,-11.43,False,42.86,89.5,72.46,-14.46,5.66,37,5.66,0.21,-4.14,,,,False
ADFFOODS,NSE,EQ,INE982B01027,2026-10-09,289.7,290.0,290.15,281.4,288.3,0.49,288.5,103320,29808022.55,123892.0,0.83,,275.79,258.05,5.04,12.26,True,62.39,320.4,157.89,-9.58,83.48,270,0.49,2.95,5.85,-9.44,56.7,31.07,False
ADISOFT,NSE,SM,INE20PL01012,2026-10-09,279.25,285.0,285.0,275.15,285.6,-2.22,279.42,70400,19671280.0,152040.0,0.46,,232.3,214.13,20.21,30.41,True,60.75,306.85,171.75,-8.99,62.59,112,-2.22,12.31,24.08,56.31,,,True
ADL,NSE,EQ,INE0CHO01012,2026-10-09,71.0,73.0,73.0,70.5,73.64,-3.59,71.12,60,4267.35,1149.0,0.05,,72.25,73.78,-1.73,-3.76,False,47.28,93.51,52.52,-24.07,35.19,268,-3.59,-2.1,-2.16,-0.22,15.17,-15.66,False
ADOR,NSE,EQ,INE045A01017,2026-10-09,1479.6,1490.0,1520.0,1470.0,1486.1,-0.44,1487.9,17659,26274793.3,28131.0,0.63,,1537.92,1294.68,-3.79,14.28,True,37.17,1730.3,851.8,-14.49,73.7,270,-0.44,-5.78,-9.01,11.68,70.08,53.41,False
ADROITIND,NSE,BE,INE505M01015,2026-10-09,202.91,201.83,214.0,201.83,212.45,-4.49,203.83,941171,191836910.64,1348237.0,0.7,,241.92,246.65,-16.12,-17.73,False,,248.39,202.91,-18.31,0.0,7,-4.49,-14.01,,,,,False
ADROITINFO,NSE,BE,INE737B01033,2026-10-09,11.25,11.16,11.67,11.16,11.56,-2.68,11.31,57042,644911.53,244230.0,0.23,,11.3,10.26,-0.45,9.64,True,43.64,14.67,8.23,-23.31,36.7,270,-2.68,-19.3,5.83,24.86,20.06,7.45,False
ADSL,NSE,EQ,INE102I01027,2026-10-09,109.97,98.82,115.4,98.82,98.42,11.74,110.89,4125965,457533779.28,735690.0,5.61,,107.0,121.68,2.77,-9.62,False,56.46,201.12,87.17,-45.32,26.16,270,11.74,3.37,8.63,-8.4,-2.85,-38.38,False
ADVAIT,NSE,EQ,INE0ALI01010,2026-10-09,1888.8,1878.9,1900.0,1832.0,1871.6,0.92,1871.82,30880,57801670.9,34894.0,0.88,,2033.82,1926.85,-7.13,-1.97,True,40.74,2450.6,1375.6,-22.92,37.31,178,0.92,1.38,-12.31,-14.44,3.33,,False
ADVANCE,NSE,EQ,INE1B0W01010,2026-10-09,113.27,113.88,116.52,112.1,113.85,-0.51,113.83,384379,43754133.55,254616.0,1.51,,116.12,114.16,-2.45,-0.78,True,44.28,147.57,84.96,-23.24,33.32,248,-0.51,-2.98,-1.96,2.52,11.92,,False
ADVANIHOTR,NSE,EQ,INE199C01026,2026-10-09,47.41,48.07,48.07,47.02,47.23,0.38,47.38,6975,330467.97,19186.0,0.36,,49.06,52.44,-3.37,-9.58,False,42.69,62.14,46.98,-23.7,0.92,270,0.38,0.92,-3.52,-10.06,-9.45,-19.59,False
ADVENTHTL,NSE,EQ,INE28GN01010,2026-10-09,120.25,118.45,121.58,115.83,118.45,1.52,118.36,76802,9090089.33,142789.0,0.54,,132.06,169.57,-8.94,-29.09,False,35.09,328.65,118.45,-63.41,1.52,224,1.52,-2.84,-9.44,-18.56,-21.82,,False
ADVENZYMES,NSE,EQ,INE837H01020,2026-10-09,267.15,268.0,273.7,266.05,264.9,0.85,269.37,236224,63631454.05,218190.0,1.08,,295.36,313.93,-9.55,-14.9,False,27.58,392.1,255.3,-31.87,4.64,270,0.85,-2.59,-10.61,-19.01,-8.78,-17.98,False
ADVIKCA,NSE,EQ,INE178T01024,2026-10-09,0.99,1.0,1.01,0.97,0.98,1.02,0.99,114766,113843.9,373199.0,0.31,,1.07,1.16,-7.8,-14.87,False,44.29,1.23,0.95,-19.51,4.21,38,1.02,-1.0,-7.48,,,,False
AEGISLOG,NSE,EQ,INE208C01025,2026-10-09,1388.9,1383.0,1413.2,1366.1,1382.3,0.48,1388.93,596347,828286312.5,1005613.0,0.59,,1320.54,1046.89,5.18,32.67,True,52.58,1486.0,587.95,-6.53,136.23,270,0.48,-0.87,9.53,11.46,127.6,81.38,False
AEGISVOPAK,NSE,EQ,INE0INX01018,2026-10-09,284.8,286.2,290.0,273.9,285.2,-0.14,280.48,1171591,328612394.85,1889026.0,0.62,,284.85,253.49,-0.02,12.35,True,45.3,318.3,161.65,-10.52,76.18,270,-0.14,-2.05,-2.01,0.57,49.46,9.34,False
AEPL,NSE,EQ,INE757T01025,2026-10-09,14.75,14.85,15.34,14.43,14.85,-0.67,14.81,30457,451148.49,29136.0,1.05,,15.72,16.62,-6.18,-11.25,False,40.18,19.66,13.99,-24.97,5.43,143,-0.67,-3.85,-18.55,-12.77,-18.15,,False
AEQUS,NSE,EQ,INE947N01017,2026-10-09,273.5,268.45,276.0,260.6,268.0,2.05,270.65,3217255,870742355.25,5380302.0,0.6,,248.23,206.38,10.18,32.52,True,60.72,288.15,115.11,-5.08,137.6,205,2.05,-0.56,17.94,9.94,118.49,,False
AEROENTER,NSE,EQ,INE065D01027,2026-10-09,123.31,125.48,127.29,122.51,125.45,-1.71,124.07,319734,39670982.13,764540.0,0.42,,128.01,110.74,-3.67,11.35,True,44.98,154.73,64.94,-20.31,89.88,270,-1.71,1.13,-19.22,-1.33,57.54,40.19,False
AEROFLEX,NSE,EQ,INE024001021,2026-10-09,520.5,535.0,546.9,514.0,529.0,-1.61,522.8,1089632,569663515.05,1387276.0,0.79,,506.19,387.39,2.83,34.36,True,48.64,573.5,158.8,-9.24,227.77,270,-1.61,-0.16,-9.24,25.86,98.96,198.73,False
AERON,NSE,SM,INE0WL801011,2026-10-09,84.0,86.85,88.0,80.0,84.05,-0.06,84.47,22000,1858400.0,8400.0,2.62,,81.19,88.49,3.46,-5.07,False,54.32,119.3,71.0,-29.59,18.31,266,-0.06,1.94,-1.12,-0.59,5.0,-23.98,True
AERONEU,NSE,EQ,INE035801013,2026-10-09,69.52,70.9,70.9,68.95,68.4,1.64,69.78,51072,3563794.56,59420.0,0.86,,76.1,82.35,-8.64,-15.58,False,42.94,103.98,63.79,-33.14,8.98,270,1.64,-1.47,-6.22,-20.88,-12.75,-12.38,False
AEROPLANE,NSE,EQ,INE05TO01019,2026-10-09,218.41,216.05,220.8,213.19,216.09,1.07,217.92,1092045,237978365.38,1063634.0,1.03,,198.41,193.82,10.08,12.69,True,63.84,218.44,171.41,-0.01,27.42,58,1.07,4.93,9.58,,,,False
AESTHETIK,NSE,SM,INE0TSF01011,2026-10-09,69.7,69.75,69.75,69.7,69.45,0.36,69.72,2000,139450.0,6300.0,0.32,,70.44,82.77,-1.05,-15.79,False,52.58,148.3,60.45,-53.0,15.3,223,0.36,7.07,1.01,-1.83,-28.88,,True
AETHER,NSE,EQ,INE0BWX01014,2026-10-09,1748.1,1749.4,1759.7,1701.2,1744.1,0.23,1728.7,139555,241248552.5,372725.0,0.37,,1624.81,1311.61,7.59,33.28,True,57.86,1799.8,732.6,-2.87,138.62,270,0.23,4.68,6.4,16.48,54.04,132.48,False
AFCONS,NSE,EQ,INE101I01011,2026-10-09,242.04,241.98,243.41,239.76,242.11,-0.03,241.71,326416,78897857.14,2824050.0,0.12,,267.5,312.42,-9.52,-22.53,False,33.07,465.7,241.5,-48.03,0.22,270,-0.03,-0.14,-13.63,-19.56,-20.33,-46.82,False
AFFLE,NSE,EQ,INE00WC01027,2026-10-09,1417.5,1405.1,1438.5,1405.1,1401.4,1.15,1424.25,88030,125376538.8,142259.0,0.62,,1548.35,1582.24,-8.45,-10.41,False,31.39,1967.4,1268.7,-27.95,11.73,270,1.15,-2.21,-11.92,-4.25,0.19,-27.22,False
AFFORDABLE,NSE,EQ,INE692Z01013,2026-10-09,159.8,160.94,162.0,158.0,158.28,0.96,160.11,6962,1114662.78,20572.0,0.34,,169.58,184.53,-5.77,-13.4,False,40.95,284.02,120.87,-43.74,32.21,270,0.96,-4.94,-2.7,-7.81,-4.36,-30.45,False
AFIL,NSE,EQ,INE916Y01027,2026-10-09,7.59,7.73,7.85,7.35,7.58,0.13,7.64,262054,2001518.41,534054.0,0.49,,8.69,8.58,-12.64,-11.55,True,27.79,10.91,4.88,-30.43,55.53,270,0.13,-3.44,-16.32,-22.15,-15.38,-12.05,False
AFSL,NSE,EQ,INE00ZE01026,2026-10-09,201.07,201.5,201.5,201.0,201.0,0.03,201.08,1540,309670.32,7368.0,0.21,,202.29,203.57,-0.6,-1.23,False,45.57,216.74,201.0,-7.23,0.03,270,0.03,0.03,-0.04,-0.04,-0.48,-1.94,False
AGARIND,NSE,EQ,INE204E01012,2026-10-09,374.8,372.65,380.0,364.55,369.15,1.53,370.41,25639,9496987.95,35284.0,0.73,,435.66,528.12,-13.97,-29.03,False,29.42,949.55,362.6,-60.53,3.36,270,1.53,-2.9,-14.99,-30.31,-7.03,-60.38,False
AGARWALEYE,NSE,EQ,INE943P01029,2026-10-09,477.75,470.0,482.5,459.15,471.0,1.43,476.74,245391,116988227.9,261510.0,0.94,,494.86,478.28,-3.46,-0.11,True,39.24,560.7,406.55,-14.79,17.51,270,1.43,-1.79,-8.07,-0.79,12.57,-5.83,False
AGARWALFT,NSE,SM,INE0MLA01012,2026-10-09,25.3,25.3,25.3,25.3,24.35,3.9,25.3,3000,75900.0,6675.0,0.45,,30.76,41.19,-17.75,-38.57,False,37.64,68.75,23.0,-63.2,10.0,184,3.9,-10.6,-15.81,-35.13,-36.59,,True
AGARWALTUF,NSE,SM,INE0P8X01016,2026-10-09,175.6,164.0,176.45,164.0,164.45,6.78,171.18,50400,8627400.0,119700.0,0.42,,152.88,135.66,14.86,29.44,True,61.91,175.6,83.2,0.0,111.06,269,6.78,2.42,13.29,22.97,60.0,15.34,True
AGASTYAEN,NSE,BE,INE753W01010,2026-10-09,62.89,62.89,62.89,62.89,64.17,-1.99,62.89,70519,4434939.91,74068.0,0.95,,70.88,72.0,-11.28,-12.65,False,,72.42,62.89,-13.16,0.0,10,-1.99,-9.58,,,,,False
AGI,NSE,EQ,INE415A01038,2026-10-09,770.45,786.3,787.85,766.3,782.6,-1.55,776.77,62751,48743397.95,179029.0,0.35,,755.84,707.93,1.93,8.83,True,48.21,886.05,468.55,-13.05,64.43,270,-1.55,-2.57,-1.7,7.97,43.06,-8.76,False
AGIIL,NSE,EQ,INE976R01033,2026-10-09,254.1,250.95,256.1,248.0,250.05,1.62,253.4,245340,62169374.45,1245197.0,0.2,,282.99,382.52,-10.21,-33.57,False,34.71,1394.0,235.0,-81.77,8.13,270,1.62,-2.27,-6.46,-26.48,-25.21,-79.83,False
AGL,NSE,EQ,INE1YPB01014,2026-10-09,12.24,12.28,12.51,12.06,12.15,0.74,12.2,1232033,15032440.56,1811395.0,0.68,,14.07,17.4,-13.02,-29.67,False,33.49,20.9,12.15,-41.44,0.74,69,0.74,-2.78,-23.6,-24.4,,,False
AGNI,NSE,SM,INE0LF301013,2026-10-09,14.85,14.5,14.85,14.5,14.2,4.58,14.67,15000,220000.0,21375.0,0.7,,15.9,19.66,-6.62,-24.47,False,45.26,34.25,13.6,-56.64,9.19,241,4.58,2.06,-1.0,-18.41,-8.9,,True
AGRITECH,NSE,EQ,INE449G01018,2026-10-09,95.7,93.45,102.28,90.0,92.99,2.91,97.95,16437,1609967.06,4124.0,3.99,,99.6,113.28,-3.92,-15.52,False,49.79,173.01,87.1,-44.69,9.87,270,2.91,6.38,-4.06,-15.02,-14.64,-28.27,False
AGROPHOS,NSE,EQ,INE740V01019,2026-10-09,22.91,22.01,23.09,22.01,21.89,4.66,22.6,12471,281826.79,21040.0,0.59,,25.18,30.55,-9.02,-25.01,False,43.46,44.49,21.72,-48.51,5.48,270,4.66,-0.39,-2.26,-23.63,-30.74,-45.39,False
AGSTRA,NSE,BZ,INE583L01014,2026-10-09,2.33,2.33,2.33,2.33,2.37,-1.69,2.33,19740,45994.2,160193.0,0.12,,2.29,3.18,1.95,-26.78,False,54.62,5.33,1.89,-56.29,23.28,213,-1.69,-8.27,18.88,-5.67,-41.75,,False
AGUL,NSE,SM,INE0O6N01012,2026-10-05,43.5,43.5,43.5,43.5,45.75,-4.92,43.5,2000,87000.0,3900.0,0.51,,59.71,65.33,-27.14,-33.41,False,28.17,85.15,43.5,-48.91,0.0,123,-4.92,-10.22,-31.92,-37.54,,,True
AHCL,NSE,EQ,INE0Y8W01025,2026-10-09,28.11,26.6,28.11,25.51,26.78,4.97,27.06,20427857,552780401.41,57018267.0,0.36,,23.44,50.63,19.93,-44.48,False,56.74,168.61,13.11,-83.33,114.42,270,4.97,-14.46,80.08,80.31,-76.46,-78.57,False
AHIMSA,NSE,ST,INE136T01014,2026-09-04,25.75,25.75,25.75,25.75,25.8,-0.19,25.75,231000,5948250.0,36600.0,6.31,,24.48,24.07,5.18,7.0,True,72.68,27.15,22.6,-5.16,13.94,15,-0.19,4.25,,,,,True
AHLADA,NSE,EQ,INE00PV01013,2026-10-09,37.28,37.49,37.88,36.0,36.78,1.36,36.79,6011,221125.14,11862.0,0.51,,37.88,42.49,-1.57,-12.27,False,48.29,62.66,32.06,-40.5,16.28,270,1.36,0.59,2.7,-2.33,-12.63,-38.78,False
AHLEAST,NSE,EQ,INE926K01017,2026-10-09,135.27,132.8,135.9,132.8,132.78,1.88,135.44,306,41445.75,1164.0,0.26,,138.58,146.11,-2.39,-7.42,False,47.0,170.07,131.04,-20.46,3.23,270,1.88,-0.54,-0.08,-5.05,-15.94,-8.94,False
AHLUCONT,NSE,EQ,INE758C01029,2026-10-09,557.6,550.0,562.85,549.0,554.05,0.64,554.78,35359,19616371.35,66293.0,0.53,,642.48,772.13,-13.21,-27.78,False,34.29,1053.7,550.05,-47.08,1.37,270,0.64,0.31,-8.16,-33.85,-27.77,-43.97,False
AHLWEST,NSE,BE,INE915K01010,2026-10-09,548.9,540.0,555.0,530.0,550.0,-0.2,541.45,745,403377.0,733.0,1.02,,536.01,421.76,2.4,30.14,True,56.66,715.65,143.85,-23.3,281.58,129,-0.2,2.59,6.48,-6.06,246.11,,False
AIAENG,NSE,EQ,INE212H01026,2026-10-09,3737.7,3783.5,3790.9,3663.0,3742.9,-0.14,3721.42,25677,95555026.8,57516.0,0.45,,4125.42,4076.09,-9.4,-8.3,True,31.59,5081.4,3173.2,-26.44,17.79,270,-0.14,-2.27,-12.24,-20.19,1.72,22.42,False
AIIL,NSE,EQ,INE206F01022,2026-10-09,549.7,550.0,556.35,547.0,550.1,-0.07,549.78,70587,38807624.85,471379.0,0.15,,544.29,923.94,0.99,-40.5,False,51.92,3299.5,405.3,-83.34,35.63,270,-0.07,1.93,4.47,6.95,24.54,-82.17,False
AILIMITED,NSE,SM,INE0CAJ01017,2026-10-08,13.6,13.6,13.6,13.6,14.3,-4.9,13.6,3000,40800.0,6450.0,0.47,,26.3,35.15,-48.28,-61.3,False,22.57,47.5,13.6,-71.37,0.0,156,-4.9,-12.82,-60.12,-69.44,-69.57,,True
AIMTRON,NSE,SM,INE0RUV01018,2026-10-09,1748.6,1809.0,1825.0,1739.9,1788.3,-2.22,1769.99,40800,72215460.0,64070.0,0.64,,1677.01,1288.57,4.27,35.7,True,48.67,1950.25,680.1,-10.34,157.11,270,-2.22,-7.91,4.0,25.81,99.95,152.93,True
AIRAN,NSE,EQ,INE645W01026,2026-10-09,14.75,14.95,15.18,14.39,14.95,-1.34,14.74,131916,1944359.19,99465.0,1.33,,15.83,17.05,-6.85,-13.5,False,35.09,25.7,12.83,-42.61,14.96,270,-1.34,-5.45,-13.99,-5.93,-9.73,-40.91,False
AIROLAM,NSE,EQ,INE801L01010,2026-10-09,87.39,87.8,89.88,86.52,86.52,1.01,87.86,510,44807.53,5410.0,0.09,,88.4,91.04,-1.14,-4.01,False,47.64,111.81,78.84,-21.84,10.84,270,1.01,-2.44,-1.44,-1.86,6.61,-21.8,False
AISL,NSE,SM,INE635Y01015,2026-10-09,33.45,33.5,36.65,33.45,70.35,-52.45,33.78,45600,1540200.0,14340.0,3.18,,59.13,68.69,-43.43,-51.31,False,28.31,104.0,33.45,-67.84,0.0,188,-52.45,-49.96,-44.2,-38.68,-59.8,,True
AJANTPHARM,NSE,EQ,INE031B01049,2026-10-09,3410.1,3437.9,3478.2,3364.4,3435.6,-0.74,3407.03,124419,423899494.1,101596.0,1.22,,3499.43,3186.0,-2.55,7.03,True,39.87,3718.2,2388.4,-8.29,42.78,270,-0.74,-4.77,-4.73,1.84,25.88,41.72,False
AJAXENGG,NSE,EQ,INE274Y01021,2026-10-09,570.4,578.7,580.0,567.2,571.25,-0.15,572.48,31597,18088702.8,161485.0,0.2,,576.45,569.77,-1.05,0.11,True,45.04,671.1,404.1,-15.01,41.15,270,-0.15,-2.73,-3.99,4.62,25.07,-12.66,False
AJMERA,NSE,EQ,INE298G01035,2026-10-09,116.92,115.21,119.5,114.83,115.77,0.99,116.81,216918,25338338.32,307192.0,0.71,,120.0,265.83,-2.57,-56.02,False,46.47,1072.1,99.98,-89.09,16.94,270,0.99,-2.24,-1.0,-13.18,-1.83,-88.2,False
AJOONI,NSE,EQ,INE820Y01021,2026-10-09,3.03,3.01,3.05,3.0,3.01,0.66,3.03,101506,307093.01,343550.0,0.3,,3.46,4.0,-12.34,-24.33,False,30.37,5.26,3.01,-42.4,0.66,270,0.66,-2.26,-11.92,-18.77,-29.37,-42.5,False
AKANKSHA,NSE,SM,INE0PCY01014,2026-10-09,175.9,180.5,180.5,171.5,180.5,-2.55,172.72,117000,20208700.0,73700.0,1.59,,138.54,103.91,26.97,69.28,True,65.95,190.0,57.45,-7.42,206.18,258,-2.55,3.87,29.82,87.73,162.15,81.43,True
AKASH,NSE,EQ,INE737W01013,2026-10-09,24.39,24.2,24.48,24.1,24.45,-0.25,24.16,560,13527.18,3653.0,0.15,,25.2,25.99,-3.21,-6.15,False,42.41,34.09,23.12,-28.45,5.49,270,-0.25,-2.24,-2.79,-11.89,-12.14,-14.99,False
AKCAPIT,NSE,EQ,INE701G01012,2026-10-09,1751.7,1793.9,1793.9,1725.0,1728.4,1.35,1746.89,2089,3649256.9,1087.0,1.92,,1731.75,1667.45,1.15,5.05,True,53.0,1829.7,1532.25,-4.26,14.32,120,1.35,2.19,-1.16,-0.88,,,False
AKG,NSE,EQ,INE00Y801016,2026-10-09,9.41,9.44,9.45,9.32,9.4,0.11,9.39,13881,130300.83,21868.0,0.63,,9.76,10.79,-3.56,-12.82,False,42.59,14.64,8.43,-35.72,11.63,270,0.11,-3.09,-4.27,-13.67,-12.79,-30.24,False
AKI,NSE,BE,INE642Z01026,2026-10-09,6.03,6.2,6.2,5.9,6.13,-1.63,6.01,57119,343302.12,128670.0,0.44,,5.63,5.72,7.15,5.36,False,51.37,9.22,3.92,-34.6,53.83,270,-1.63,-2.11,-15.66,28.3,13.77,-33.81,False
AKIKO,NSE,SM,INE0PMR01017,2026-10-09,401.0,404.95,410.0,401.0,401.0,0.0,406.11,15200,6172800.0,13640.0,1.11,,392.57,309.36,2.15,29.62,True,44.41,438.0,194.5,-8.45,106.17,268,0.0,-3.49,-6.25,35.86,92.7,64.68,True
AKSHAR,NSE,EQ,INE256Z01025,2026-10-09,0.41,0.42,0.43,0.41,0.42,-2.38,0.42,737884,308713.51,914498.0,0.81,,0.42,0.45,-1.62,-9.01,False,46.99,0.73,0.37,-43.84,10.81,270,-2.38,0.0,-2.38,-4.65,-18.0,-30.51,False
AKSHARCHEM,NSE,BE,INE542B01011,2026-10-09,372.1,360.05,379.0,360.05,367.85,1.16,370.17,3352,1240822.95,10572.0,0.32,,352.32,278.47,5.61,33.62,True,48.77,463.9,145.19,-19.79,156.28,270,1.16,-1.85,-17.77,58.34,106.26,39.31,False
AKSHOPTFBR,NSE,BE,INE523B01011,2026-10-09,7.58,7.3,7.7,7.06,7.39,2.57,7.34,256509,1882918.54,386659.0,0.66,,7.22,6.71,5.04,12.98,True,53.54,8.79,3.97,-13.77,90.93,270,2.57,7.21,-7.45,21.67,48.63,1.74,False
AKUMS,NSE,EQ,INE09XN01023,2026-10-09,751.85,780.8,791.9,740.8,786.7,-4.43,759.83,438753,333375715.25,278667.0,1.57,,758.09,624.4,-0.82,20.41,True,41.28,823.3,414.05,-8.68,81.58,270,-4.43,-7.53,2.07,7.11,48.91,70.31,False
AKZOINDIA,NSE,EQ,INE133A01011,2026-04-13,2986.8,2951.0,3010.0,2918.1,2975.7,0.37,2959.7,48505,143560096.3,38899.0,1.25,,2965.21,3163.97,0.73,-5.6,False,55.14,3633.9,2714.5,-17.81,10.03,147,0.37,-0.02,3.24,-6.05,-9.84,,False
ALANKIT,NSE,EQ,INE914E01040,2026-10-09,7.49,7.61,7.85,7.4,7.6,-1.45,7.54,175439,1322756.02,135273.0,1.3,,7.91,8.93,-5.27,-16.14,False,39.27,12.98,6.82,-42.3,9.82,270,-1.45,-2.09,-6.26,-7.3,-17.24,-42.3,False
ALBERTDAVD,NSE,EQ,INE155C01010,2026-10-09,791.65,790.0,804.95,785.75,793.9,-0.28,792.92,2061,1634215.5,4474.0,0.46,,822.03,769.37,-3.7,2.9,True,36.17,898.6,587.05,-11.9,34.85,270,-0.28,-7.59,-6.21,12.93,17.97,1.33,False
ALCODIS,NSE,SM,INE448V01019,2026-10-08,56.6,61.0,61.0,56.6,61.95,-8.64,58.53,3125,182906.25,2812.0,1.11,,69.43,87.28,-18.48,-35.15,False,32.01,134.95,49.35,-58.06,14.69,148,-8.64,-15.4,-10.87,-29.25,-43.57,,True
ALEMBICLTD,NSE,EQ,INE426A01027,2026-10-09,99.25,100.5,101.0,98.83,99.72,-0.47,99.79,433035,43210706.39,791706.0,0.55,,99.85,95.25,-0.6,4.2,True,42.22,111.41,70.9,-10.91,39.99,270,-0.47,-4.67,-9.55,10.31,15.92,-0.53,False
ALFREDHE,NSE,EQ,INE782D01027,2026-10-09,2650.0,2710.9,2722.0,2650.0,2740.0,-3.28,2691.46,46,123807.0,41.0,1.12,,2910.95,3065.72,-8.96,-13.56,False,22.14,3151.2,2650.0,-15.91,0.0,34,-3.28,-6.13,-8.11,,,,False
ALGOQUANT,NSE,EQ,INE598D01035,2026-10-09,67.25,67.21,68.1,66.2,67.5,-0.37,67.41,1195064,80558739.49,1590165.0,0.75,,66.64,63.64,0.91,5.67,True,47.91,73.37,49.76,-8.34,35.15,187,-0.37,-0.39,5.57,14.06,25.56,,False
ALICON,NSE,EQ,INE062D01024,2026-10-09,861.7,859.0,869.75,841.05,859.0,0.31,856.04,43292,37059736.2,135137.0,0.32,,744.89,729.72,15.68,18.09,True,65.4,984.1,586.3,-12.44,46.97,270,0.31,-1.18,23.91,36.23,35.33,3.51,False
ALIVUS,NSE,EQ,INE03Q201024,2026-10-09,1326.3,1332.0,1350.5,1298.0,1337.2,-0.82,1321.65,131728,174098436.8,123016.0,1.07,,1332.57,1151.0,-0.47,15.23,True,41.96,1443.7,860.05,-8.13,54.21,270,-0.82,-3.49,-3.33,14.33,27.01,42.74,False
ALKALI,NSE,BE,INE773I01017,2026-10-09,89.43,88.0,92.8,86.01,89.15,0.31,89.29,3779,337411.28,71710.0,0.05,,81.63,77.52,9.55,15.36,True,55.98,103.26,47.61,-13.39,87.84,270,0.31,2.68,2.39,6.57,37.9,-3.81,False
ALKEM,NSE,EQ,INE540L01014,2026-10-09,5279.0,5252.0,5299.0,5225.0,5249.5,0.56,5263.48,96074,505683379.5,172338.0,0.56,,5333.55,5433.95,-1.02,-2.85,False,49.57,5890.0,5087.5,-10.37,3.76,270,0.56,1.13,1.89,-6.89,0.63,-2.69,False
ALKYLAMINE,NSE,EQ,INE150B01039,2026-10-09,1807.6,1820.1,1853.8,1797.4,1827.3,-1.08,1819.96,51603,93915191.6,206578.0,0.25,,1870.49,1791.73,-3.36,0.89,True,44.99,2089.6,1231.6,-13.5,46.77,270,-1.08,3.8,-8.28,-7.59,30.91,-5.54,False
ALLCARGO,NSE,EQ,INE418H01029,2026-10-09,10.53,9.99,10.7,9.87,9.99,5.41,10.45,10980147,114786663.82,7343350.0,1.5,,10.62,12.2,-0.89,-13.7,False,46.54,35.59,7.18,-70.41,46.66,270,5.41,4.05,-19.12,31.95,26.41,-66.87,False
ALLDIGI,NSE,EQ,INE835G01018,2026-10-09,791.1,786.6,796.45,778.3,782.75,1.07,786.41,5121,4027188.9,5346.0,0.96,,794.55,822.56,-0.43,-3.82,False,53.16,980.35,703.2,-19.3,12.5,270,1.07,4.59,-1.71,-1.81,-2.44,-15.56,False
ALLETEC,NSE,SM,INE0M2X01012,2026-10-09,118.0,118.5,120.9,117.0,118.25,-0.21,118.64,14000,1660980.0,18480.0,0.76,,128.62,160.9,-8.26,-26.66,False,39.22,271.55,116.95,-56.55,0.9,270,-0.21,-3.83,-14.52,-18.56,-39.8,-55.39,True
ALLTIME,NSE,EQ,INE0GV601021,2026-10-09,179.55,178.78,182.01,170.63,175.43,2.35,177.26,253581,44949267.41,120534.0,2.1,,205.49,229.92,-12.62,-21.91,False,29.91,308.75,175.43,-41.85,2.35,270,2.35,-4.51,-15.09,-24.06,-17.84,-31.6,False
ALMONDZ,NSE,BE,INE326B01035,2026-10-09,19.2,19.2,19.41,17.89,18.83,1.96,18.67,76149,1421888.02,319060.0,0.24,,17.52,16.07,9.6,19.45,True,53.78,21.38,11.33,-10.2,69.46,270,1.96,0.47,-2.09,45.68,36.27,7.26,False
ALOKINDS,NSE,EQ,INE270A01029,2026-10-09,9.0,9.06,9.29,8.43,9.0,0.0,8.77,58778669,515604699.79,30366404.0,1.94,,9.03,12.26,-0.31,-26.58,False,63.71,17.9,7.05,-49.72,27.66,270,0.0,27.48,20.64,-28.46,-33.58,-48.04,False
ALPA,NSE,EQ,INE385I01010,2026-10-09,56.99,56.0,57.0,55.15,56.38,1.08,56.15,10206,573033.75,22606.0,0.45,,61.88,68.65,-7.9,-16.98,False,33.04,92.01,46.46,-38.06,22.66,270,1.08,-3.83,-9.78,-16.5,-18.86,-35.59,False
ALPEXSOLAR,NSE,SM,INE0R4701017,2026-10-09,804.95,814.2,819.9,802.0,814.2,-1.14,808.01,24900,20119485.0,36250.0,0.69,,857.62,916.5,-6.14,-12.17,False,37.12,1284.8,694.35,-37.35,15.93,270,-1.14,-2.22,-12.97,0.61,-10.8,-30.48,True
ALPHA,NSE,EQ,INF174KA1IA5,2026-10-09,52.61,52.93,52.93,51.36,51.64,1.88,52.18,1248040,65128232.87,1442110.0,0.87,,52.8,50.85,-0.36,3.45,True,48.79,55.39,42.62,-5.02,23.44,270,1.88,2.59,-2.83,1.35,12.95,12.03,False
ALPHAETF,NSE,EQ,INF769K01KU7,2026-10-09,25.03,24.87,25.2,24.64,24.75,1.13,24.99,267356,6680764.68,653900.0,0.41,,26.01,25.67,-3.75,-2.49,True,38.34,27.42,21.98,-8.72,13.88,270,1.13,-0.04,-6.29,-4.79,3.17,3.95,False
ALPHAGEO,NSE,BE,INE137C01018,2026-10-09,258.75,245.1,258.95,245.1,250.7,3.21,254.31,7351,1869415.7,6108.0,1.2,,273.93,245.41,-5.54,5.44,True,38.19,352.26,167.22,-26.55,54.74,270,3.21,0.21,-19.92,29.95,12.64,4.41,False
ALPINETEX,NSE,EQ,INE1JCQ01037,2026-10-09,44.3,45.02,45.4,43.56,45.11,-1.8,44.12,115035,5075050.63,174638.0,0.66,,58.84,81.77,-24.71,-45.83,False,22.51,99.75,44.3,-55.59,0.0,57,-1.8,-5.0,-29.23,,,,False
ALPL30IETF,NSE,EQ,INF109KC17V7,2026-10-09,25.48,25.31,25.6,25.27,25.31,0.67,25.52,199460,5090417.93,663734.0,0.3,,27.04,27.23,-5.76,-6.43,False,25.73,28.56,24.7,-10.78,3.16,270,0.67,-1.62,-7.21,-8.35,-2.52,-5.07,False
ALPSINDUS,NSE,BE,INE093B01015,2026-01-01,3.43,3.43,3.43,3.43,3.49,-1.72,3.43,11633,39901.19,85222.0,0.14,,2.63,2.11,30.61,62.94,True,67.8,3.84,1.68,-10.68,104.17,81,-1.72,-9.02,79.58,88.46,,,False
ALUFLUOR,NSE,EQ,INE058F01019,2026-10-09,682.8,636.15,701.0,636.15,645.0,5.86,675.61,31045,20974343.55,18317.0,1.69,,529.49,465.75,28.95,46.6,True,84.34,682.8,434.05,0.0,57.31,38,5.86,7.73,35.54,,,,False
ALUWIND,NSE,SM,INE0STM01017,2026-10-09,45.6,46.35,46.55,45.6,46.5,-1.94,46.17,4500,207750.0,24150.0,0.19,,48.87,56.22,-6.69,-18.9,False,38.12,91.95,43.05,-50.41,5.92,249,-1.94,-8.34,-7.32,-2.36,-18.57,,True
AMAGI,NSE,EQ,INE121R01077,2026-10-09,559.4,555.35,565.0,550.0,555.3,0.74,554.45,153725,85232472.65,334179.0,0.46,,569.51,487.78,-1.77,14.68,True,45.58,674.7,316.7,-17.09,76.63,177,0.74,0.97,-2.91,-3.58,65.5,,False
AMAL,NSE,EQ,INE841D01013,2026-10-09,764.95,783.0,794.0,756.1,774.8,-1.27,768.24,7961,6115959.45,17005.0,0.47,,735.43,745.87,4.01,2.56,False,56.03,798.05,665.55,-4.15,14.94,38,-1.27,8.91,0.94,,,,False
AMANTA,NSE,BE,INE084K01015,2026-10-09,187.42,196.0,196.0,186.93,196.76,-4.75,188.3,78810,14839951.78,46537.0,1.69,,184.56,154.36,1.55,21.42,True,47.3,207.08,95.03,-9.49,97.22,268,-4.75,-1.57,-7.15,4.6,71.27,37.44,False
AMARJOTHI,NSE,EQ,INE484D01012,2026-10-09,146.47,148.0,148.05,145.05,147.3,-0.56,146.79,151,22165.89,1533.0,0.1,,154.24,159.36,-5.04,-8.09,False,32.94,163.61,146.47,-10.48,0.0,38,-0.56,-2.35,-9.05,,,,False
AMBAAUTO,NSE,SM,INE293601014,2026-10-09,113.95,113.0,114.6,112.5,112.4,1.38,113.19,31000,3508950.0,21950.0,1.41,,103.15,111.57,10.47,2.13,False,64.93,135.15,70.65,-15.69,61.29,109,1.38,5.02,4.97,34.14,,,True
AMBALALSA,NSE,BE,INE432A01017,2026-10-09,40.59,41.08,41.08,39.0,40.27,0.79,40.0,53866,2154694.75,45246.0,1.19,,39.93,36.09,1.66,12.47,True,51.18,48.27,30.89,-15.91,31.4,120,0.79,7.13,-3.47,30.64,,,False
AMBANIORGO,NSE,SM,INE00C501018,2026-10-09,133.1,133.05,133.1,133.05,126.8,4.97,133.07,4000,532300.0,23250.0,0.17,,119.24,130.51,11.62,1.98,False,69.22,143.65,98.55,-7.34,35.06,70,4.97,15.79,18.84,11.01,,,True
AMBER,NSE,EQ,INE371P01015,2026-10-09,6445.0,6602.5,6620.0,6380.0,6555.0,-1.68,6450.44,164400,1060452411.5,133191.0,1.23,,7116.0,7350.06,-9.43,-12.31,False,35.18,8842.5,5510.0,-27.11,16.97,270,-1.68,-0.85,-11.81,-17.15,-7.19,-20.32,False
AMBEY,NSE,ST,INE0M3I01029,2026-05-29,25.0,26.25,26.25,25.0,26.25,-4.76,25.62,4000,102500.0,31300.0,0.13,,27.48,33.42,-9.03,-25.2,False,42.49,45.05,18.9,-44.51,32.28,162,-4.76,-3.1,-28.77,-21.26,-37.58,,True
AMBICAAGAR,NSE,EQ,INE792B01012,2026-10-09,22.94,23.3,23.97,22.71,23.31,-1.59,23.2,9568,221945.78,21732.0,0.44,,24.67,24.8,-7.01,-7.48,False,34.41,27.6,20.55,-16.88,11.63,270,-1.59,-3.98,-9.83,-7.65,-0.61,-10.29,False
AMBIKCO,NSE,EQ,INE540G01014,2026-10-09,1472.8,1497.0,1497.2,1460.2,1483.3,-0.71,1474.39,4295,6332520.4,7685.0,0.56,,1595.07,1545.11,-7.67,-4.68,True,30.72,1904.3,1125.3,-22.66,30.88,270,-0.71,-2.19,-9.75,-15.58,7.03,3.94,False
AMBUJACEM,NSE,EQ,INE079A01024,2026-10-09,351.5,344.55,351.5,341.3,341.0,3.08,346.19,2615221,905368775.9,1862743.0,1.4,,393.42,445.8,-10.66,-21.15,False,32.96,577.2,341.0,-39.1,3.08,270,3.08,-2.97,-11.75,-19.46,-21.32,-38.33,False
AMCL,NSE,SM,INE0VG001016,2026-10-09,352.5,351.15,362.0,350.0,354.95,-0.69,354.93,22800,8092480.0,23900.0,0.95,,375.32,380.74,-6.08,-7.42,False,44.77,534.6,197.0,-34.06,78.93,254,-0.69,3.36,-7.96,-9.01,-17.45,63.57,True
AMDIND,NSE,BE,INE005I01014,2026-10-09,49.29,50.25,50.25,48.61,50.64,-2.67,49.21,11644,572962.05,143457.0,0.08,,54.25,49.9,-9.15,-1.22,True,37.54,69.64,34.85,-29.22,41.43,270,-2.67,-5.38,-17.88,6.6,15.51,-10.02,False
AMEYA,NSE,SM,INE0KT901015,2026-10-09,170.0,154.15,170.15,154.15,162.05,4.91,165.08,19000,3136450.0,18100.0,1.05,,130.36,113.1,30.41,50.32,True,70.57,170.0,86.5,0.0,96.53,213,4.91,12.96,51.11,60.38,87.33,,True
AMIABLE,NSE,SM,INE0MTP01013,2026-09-22,70.0,70.0,70.0,70.0,70.2,-0.28,70.0,3200,224000.0,4560.0,0.7,,72.41,67.38,-3.33,3.9,True,46.49,98.5,60.0,-28.93,16.67,76,-0.28,-9.09,16.67,2.79,,,True
AMIRCHAND,NSE,EQ,INE05TO01019,2026-07-17,185.11,181.0,188.1,175.76,179.17,3.32,183.35,1285398,235680069.13,1148470.0,1.12,,148.67,159.22,24.51,16.26,False,72.62,185.11,117.45,0.0,57.61,72,3.32,4.52,42.92,45.25,,,False
AMJLAND,NSE,EQ,INE606A01024,2026-10-09,36.26,37.39,37.39,35.91,36.66,-1.09,36.29,20096,729228.11,9777.0,2.06,,37.97,41.22,-4.5,-12.04,False,37.9,56.74,31.62,-36.09,14.67,270,-1.09,-2.05,-7.14,-5.03,-12.82,-32.96,False
AMJUMBO,NSE,SM,INE749Y01014,2026-01-21,10.3,10.3,10.3,10.3,10.8,-4.63,10.3,16000,164800.0,24400.0,0.66,,8.78,7.99,17.34,28.87,True,68.42,10.8,6.8,-4.63,51.47,33,-4.63,1.98,45.07,,,,True
AMNPLST,NSE,EQ,INE275D01022,2026-10-09,174.75,165.5,190.01,163.0,165.87,5.35,175.09,30901,5410523.74,34094.0,0.91,,176.86,185.08,-1.19,-5.58,False,51.57,230.53,128.83,-24.2,35.64,270,5.35,5.63,4.13,-15.84,12.95,-18.39,False
AMRUTANJAN,NSE,EQ,INE098F01031,2026-10-09,508.9,502.0,512.0,502.0,503.05,1.16,507.35,30552,15500509.25,40483.0,0.75,,512.06,563.4,-0.62,-9.67,False,50.21,741.5,488.25,-31.37,4.23,270,1.16,-0.84,1.69,-5.44,-4.63,-28.69,False
ANANDRATHI,NSE,EQ,INE463V01026,2026-10-09,2038.7,2125.0,2135.0,2038.0,2138.9,-4.68,2055.29,1089771,2239793462.1,483454.0,2.25,,2176.53,2538.55,-6.33,-19.69,False,31.59,3689.8,1730.7,-44.75,17.8,270,-4.68,-3.72,-8.56,-5.04,-40.01,-27.88,False
ANANTRAJ,NSE,EQ,INE242C01024,2026-10-09,570.75,588.0,590.65,568.35,582.5,-2.02,576.81,1446522,834371762.3,1617913.0,0.89,,599.19,567.57,-4.75,0.56,True,39.82,735.6,405.7,-22.41,40.68,270,-2.02,-1.23,-8.8,-2.58,17.63,-18.25,False
ANAWIL,NSE,SM,INE1J5V01013,2026-10-09,420.1,429.45,434.0,418.25,429.45,-2.18,423.48,79200,33539300.0,235480.0,0.34,,414.97,374.03,1.24,12.32,True,50.18,509.0,346.1,-17.47,21.38,43,-2.18,-1.33,7.77,,,,True
ANDHRAPAP,NSE,EQ,INE435A01051,2026-10-09,67.21,66.8,69.5,66.25,67.45,-0.36,67.08,108115,7252122.03,776979.0,0.14,,67.43,66.45,-0.32,1.14,True,43.66,85.31,58.43,-21.22,15.03,270,-0.36,-5.82,-6.77,8.3,8.16,-12.84,False
ANDHRSUGAR,NSE,EQ,INE715B01021,2026-10-09,88.43,90.4,90.45,87.66,89.83,-1.56,88.64,302912,26851416.36,304423.0,1.0,,93.4,86.58,-5.32,2.14,True,36.1,103.95,67.05,-14.93,31.89,270,-1.56,-2.89,-10.49,3.83,18.02,18.38,False
ANDREWYU,NSE,EQ,INE449C01025,2026-10-09,24.01,24.41,24.7,23.36,24.3,-1.19,24.0,73232,1757915.6,103603.0,0.71,,26.21,26.3,-8.4,-8.72,False,31.49,29.44,24.01,-18.44,0.0,38,-1.19,-3.88,-11.66,,,,False
ANGELONE,NSE,EQ,INE732I01021,2026-10-09,292.0,296.5,297.6,288.1,295.0,-1.02,292.32,3482836,1018115813.05,4545173.0,0.77,,301.28,773.04,-3.08,-62.23,False,50.12,2847.4,213.07,-89.75,37.04,270,-1.02,5.49,-2.01,-15.62,9.11,-86.31,False
ANIKINDS,NSE,EQ,INE087B01017,2026-10-09,41.34,42.99,43.0,41.01,42.2,-2.04,41.57,11864,493232.77,10763.0,1.1,,43.94,48.53,-5.92,-14.81,False,40.01,80.48,32.87,-48.63,25.77,270,-2.04,-6.05,-8.56,-8.72,-4.81,-33.31,False
ANKITMETAL,NSE,BZ,INE106I01010,2026-10-09,2.6,2.6,2.6,2.6,2.48,4.84,2.6,50096,130249.6,26551.0,1.89,,1.83,1.7,42.25,53.36,True,91.65,2.6,1.29,0.0,101.55,270,4.84,26.21,58.54,72.19,69.93,28.71,False
ANLON,NSE,SM,INE0LR101013,2026-10-09,801.5,786.0,804.0,780.3,786.0,1.97,791.1,4400,3480860.0,10600.0,0.42,,707.22,586.68,13.33,36.62,True,60.24,818.0,336.0,-2.02,138.54,265,1.97,5.66,17.87,28.45,110.78,74.18,True
ANMOL,NSE,BE,INE02AR01019,2026-10-09,12.19,12.75,12.75,12.05,12.67,-3.79,12.25,49197,602788.99,276671.0,0.18,,12.3,12.22,-0.9,-0.25,True,43.33,16.87,8.52,-27.74,43.08,270,-3.79,-9.7,7.12,11.43,6.18,-22.75,False
ANNAPURNA,NSE,EQ,INE0MGM01017,2026-10-09,125.14,125.9,129.8,124.0,124.0,0.92,126.98,34440,4373150.5,38284.0,0.9,,136.41,161.68,-8.26,-22.6,False,36.72,278.15,123.4,-55.01,1.41,270,0.92,-2.69,-10.55,-5.2,-33.77,-50.11,False
ANNU,NSE,EQ,INE103001017,2026-10-09,47.01,46.7,47.65,45.5,46.33,1.47,46.85,525821,24632192.37,954191.0,0.55,,60.31,70.55,-22.05,-33.36,False,19.95,75.6,44.33,-37.82,6.05,26,1.47,-0.17,-23.66,,,,False
ANOND-RE,NSE,ST,INE0VTV20012,2026-09-11,150.35,180.0,180.0,123.1,146.25,2.8,143.34,9450,1354588.0,23353.0,0.4,,168.33,169.57,-10.68,-11.33,False,,170.0,146.25,-11.56,2.8,3,2.8,,,,,,True
ANONDITA,NSE,SM,INE0VTV01012,2026-10-09,1048.1,1044.05,1070.0,1044.05,1055.0,-0.65,1057.88,22400,23696550.0,77070.0,0.29,,1090.29,948.12,-3.87,10.54,True,42.73,1233.15,337.8,-15.01,210.27,248,-0.65,-2.84,-11.07,-9.69,26.54,,True
ANSALAPI,NSE,BZ,INE436A01026,2026-10-09,3.71,3.84,3.84,3.71,3.78,-1.85,3.71,27826,103234.69,39232.0,0.71,,3.58,3.62,3.66,2.61,False,49.88,4.64,2.53,-20.04,46.64,269,-1.85,-9.07,8.8,46.64,18.53,-20.04,False
ANSALBU,NSE,EQ,INE030C01015,2026-10-09,81.49,82.0,90.0,78.0,82.42,-1.13,81.61,5285,431312.55,13866.0,0.38,,81.01,75.71,0.59,7.64,True,47.27,100.14,72.01,-18.62,13.16,37,-1.13,-4.28,-1.22,,,,False
ANTELOPUS,NSE,EQ,INE818A01017,2026-10-09,1101.5,1119.7,1134.3,1095.0,1105.8,-0.39,1112.12,142976,159007057.4,1485331.0,0.1,,1004.58,788.61,9.65,39.68,True,53.18,1261.7,359.5,-12.7,206.4,259,-0.39,-0.45,0.21,34.77,65.64,99.64,False
ANTGRAPHIC,NSE,EQ,INE414B01021,2026-10-09,0.69,0.69,0.7,0.69,0.69,0.0,0.7,52804,36710.96,179821.0,0.29,,0.73,0.82,-5.03,-15.73,False,41.68,1.1,0.68,-37.27,1.47,270,0.0,0.0,-4.17,-11.54,-17.86,-35.51,False
ANTHEM,NSE,EQ,INE0CZ201020,2026-10-09,862.3,872.55,880.2,842.2,872.55,-1.17,866.19,187250,162193664.6,751854.0,0.25,,873.65,799.61,-1.3,7.84,True,43.34,957.8,592.4,-9.97,45.56,270,-1.17,0.77,-9.97,14.26,24.84,13.28,False
ANUHPHR,NSE,EQ,INE489G01022,2026-10-09,82.02,81.79,82.98,81.01,81.79,0.28,81.77,37636,3077347.9,137331.0,0.27,,85.11,81.51,-3.63,0.63,True,40.26,96.74,67.0,-15.22,22.42,270,0.28,-4.46,-14.14,4.1,7.81,-1.74,False
ANUP,NSE,EQ,INE294Z01018,2026-10-09,1488.2,1502.0,1515.0,1480.0,1498.2,-0.67,1491.12,17643,26307833.7,25847.0,0.68,,1746.73,1943.12,-14.8,-23.41,False,26.08,2492.5,1449.6,-40.29,2.66,270,-0.67,-5.01,-13.76,-31.38,-18.7,-36.59,False
ANURAS,NSE,EQ,INE930P01018,2026-10-09,1132.4,1104.9,1146.9,1083.8,1097.7,3.16,1116.8,583323,651453596.1,635050.0,0.92,,1205.9,1234.84,-6.09,-8.3,False,37.64,1376.0,1064.7,-17.7,6.36,270,3.16,-2.69,-8.19,-10.69,-10.18,5.69,False
ANYA,NSE,SM,INE0SI601032,2026-10-09,17.0,17.3,17.3,16.85,18.0,-5.56,17.02,70000,1191500.0,38250.0,1.83,,16.36,18.09,3.89,-6.01,False,52.05,25.0,14.65,-32.0,16.04,238,-5.56,-3.13,12.96,1.8,-13.92,,True
ANZEN,NSE,BL,INE0MIZ23019,2026-05-08,122.25,122.25,122.25,122.25,100.0,22.25,122.25,5000000,611250000.0,5000000.0,1.0,,122.25,122.25,0.0,0.0,False,,122.25,122.25,0.0,0.0,1,,,,,,,False
AONEGOLD,NSE,EQ,INF1J2R01114,2026-10-09,13.84,13.88,13.9,13.72,13.66,1.32,13.85,592091,8202759.25,400602.0,1.48,,13.97,13.53,-0.93,2.26,True,46.52,16.66,10.9,-16.93,26.97,267,1.32,1.17,-2.54,3.67,-1.28,27.79,False
AONELIQUID,NSE,EQ,INF1J2R01056,2026-10-09,1080.61,1085.57,1085.57,1080.6,1080.17,0.04,1080.62,35085,37913433.66,20365.0,1.72,,1075.37,1061.2,0.49,1.83,True,100.0,1080.61,1027.98,0.0,5.12,270,0.04,0.1,0.43,1.2,2.49,5.15,False
AONENIFTY,NSE,EQ,INF1J2R01064,2026-10-09,9.3,9.35,9.35,8.5,9.21,0.98,9.29,124487,1156024.25,175206.0,0.71,,9.68,9.92,-3.97,-6.27,False,31.66,10.77,9.16,-13.65,1.53,270,0.98,-0.64,-5.01,-6.63,-5.68,-7.55,False
AONESILVER,NSE,EQ,INF1J2R01171,2026-10-09,8.4,8.31,8.41,8.31,8.25,1.82,8.39,378084,3170969.07,534879.0,0.71,,8.69,9.38,-3.31,-10.46,False,42.88,11.03,7.99,-23.84,5.13,150,1.82,0.6,-4.76,0.36,-8.89,,False
AONESTEELS,NSE,EQ,INE0OTC01025,2026-10-09,407.1,415.95,417.0,396.2,416.95,-2.36,408.6,527019,215339368.8,3096590.0,0.17,,414.32,415.93,-1.74,-2.12,False,,420.35,384.8,-3.15,5.8,6,-2.36,-2.27,,,,,False
AONETMMQ50,NSE,EQ,INF1J2R01148,2026-10-09,9.83,9.99,9.99,9.7,9.79,0.41,9.81,43150,423298.22,122754.0,0.35,,10.13,10.03,-2.93,-2.03,True,38.04,10.5,8.78,-6.38,11.96,214,0.41,-0.1,-5.02,-2.58,2.82,,False
AONETOTAL,NSE,EQ,INF1J2R01015,2026-10-09,11.2,11.29,11.46,11.07,11.07,1.17,11.17,111558,1246554.32,193617.0,0.58,,11.63,11.66,-3.73,-3.97,False,34.84,12.15,10.42,-7.82,7.49,270,1.17,-0.18,-5.17,-5.8,0.0,-2.78,False
APARINDS,NSE,EQ,INE372A01015,2026-10-09,17984.0,17940.0,18241.0,17815.0,17816.0,0.94,17992.86,99015,1781562954.0,133427.0,0.74,,17024.1,13709.16,5.64,31.18,True,54.12,18945.0,6966.0,-5.07,158.17,270,0.94,1.9,1.98,27.93,71.46,119.69,False
APCL,NSE,EQ,INE071F01012,2026-10-09,89.1,93.33,93.33,88.5,92.87,-4.06,90.35,10427,942112.35,6065.0,1.72,,98.89,111.42,-9.9,-20.03,False,25.75,144.91,89.1,-38.51,0.0,270,-4.06,-5.97,-11.18,-15.1,-23.8,-32.5,False
APCOTEXIND,NSE,EQ,INE116A01032,2026-10-09,578.35,576.9,583.9,570.6,576.9,0.25,576.95,39738,22926899.0,82557.0,0.48,,593.53,508.73,-2.56,13.68,True,41.7,681.6,314.1,-15.15,84.13,270,0.25,-2.51,-5.52,13.98,51.52,45.81,False
APEX,NSE,EQ,INE346W01013,2026-10-09,331.3,332.8,335.0,326.2,330.6,0.21,330.99,53918,17846545.1,90815.0,0.59,,364.82,364.68,-9.19,-9.15,True,38.17,501.3,220.95,-33.91,49.94,270,0.21,1.53,-13.77,-15.16,-18.42,46.02,False
APEXECO,NSE,ST,INE0T4V01015,2026-10-09,248.25,251.6,251.6,239.05,246.3,0.79,244.4,8800,2150720.0,15760.0,0.56,,257.63,207.72,-3.64,19.51,True,42.14,290.2,104.6,-14.46,137.33,266,0.79,-3.01,-11.2,-2.34,103.57,66.78,True
APLAPOLLO,NSE,EQ,INE702C01027,2026-10-09,2114.1,2052.2,2120.6,2026.2,2040.0,3.63,2088.08,397189,829361197.8,573985.0,0.69,,2104.03,1970.55,0.48,7.28,True,47.17,2280.8,1698.4,-7.31,24.48,270,3.63,-0.08,-3.24,15.15,3.24,25.38,False
APLLTD,NSE,EQ,INE901L01018,2026-10-09,800.95,801.0,806.2,788.75,800.5,0.06,799.58,187843,150195516.25,245376.0,0.77,,822.72,813.8,-2.65,-1.58,True,40.2,960.7,646.55,-16.63,23.88,270,0.06,-1.75,-0.93,-4.35,10.29,-11.14,False
APOLLO,NSE,EQ,INE713T01028,2026-10-09,388.35,395.0,397.65,383.75,395.15,-1.72,389.33,5526596,2151690461.1,7304901.0,0.76,,394.48,349.82,-1.55,11.01,True,45.95,450.05,182.16,-13.71,113.19,270,-1.72,-1.43,-7.07,-5.01,86.66,19.09,False
APOLLOHOSP,NSE,EQ,INE437A01024,2026-10-09,8027.5,7950.0,8027.5,7775.5,7666.0,4.72,7919.69,1449612,11480477682.5,616609.0,2.35,,8580.36,8255.29,-6.44,-2.76,True,37.2,9069.0,6793.5,-11.48,18.16,270,4.72,-1.3,-9.17,-9.2,8.46,8.35,False
APOLLOPIPE,NSE,EQ,INE126J01016,2026-10-09,513.7,508.0,519.3,500.0,506.9,1.34,511.93,177953,91099856.6,213575.0,0.83,,536.62,473.73,-4.27,8.44,True,42.07,663.75,254.45,-22.61,101.89,270,1.34,0.21,-13.11,0.51,16.49,54.26,False
APOLLOTYRE,NSE,EQ,INE438A01022,2026-10-09,400.05,401.7,403.8,396.35,401.7,-0.41,400.07,276049,110438308.7,905818.0,0.3,,416.91,436.74,-4.05,-8.4,False,41.12,536.9,371.8,-25.49,7.6,270,-0.41,-1.16,-2.78,-9.1,-8.27,-15.41,False
APOLSINHOT,NSE,EQ,INE451F01024,2026-10-09,1137.4,1164.2,1179.0,1135.0,1159.1,-1.87,1142.21,319,364366.5,724.0,0.44,,1200.66,1228.54,-5.27,-7.42,False,33.66,1378.4,952.8,-17.48,19.37,270,-1.87,-1.6,-5.93,-6.02,8.71,-15.49,False
APOORVA,NSE,BE,INE217S01014,2026-10-09,31.25,34.5,34.5,31.25,32.89,-4.99,31.95,46,1469.85,564.0,0.08,,29.33,27.37,6.55,14.19,True,40.2,34.32,25.25,-8.95,23.76,26,-4.99,-5.3,23.76,,,,False
APRAMEYA,NSE,SM,INE0LQG01010,2026-10-09,112.0,111.3,117.0,109.05,111.4,0.54,113.49,7000,794400.0,13925.0,0.5,,122.07,176.44,-8.25,-36.52,False,49.7,352.75,95.0,-68.25,17.89,266,0.54,9.8,8.47,-22.81,-46.97,-59.14,True
APS,NSE,SM,INE0P0001010,2026-10-09,222.4,226.35,230.85,221.0,227.3,-2.16,225.02,13250,2981512.5,13175.0,1.01,,246.76,310.89,-9.87,-28.46,False,34.43,530.2,222.4,-58.05,0.0,270,-2.16,-1.9,-11.25,-26.01,-40.52,-50.67,True
APSISAERO,NSE,ST,INE1OOJ01011,2026-10-09,596.9,550.05,596.9,540.1,568.5,5.0,578.08,48000,27747840.0,26220.0,1.83,,536.15,366.24,11.33,62.98,True,56.49,625.0,156.45,-4.5,281.53,139,5.0,7.55,-4.5,63.98,224.4,,True
APTECHT,NSE,EQ,INE266F01018,2026-10-09,84.86,85.05,86.5,84.34,85.05,-0.22,85.03,55532,4722071.95,71621.0,0.78,,91.11,97.43,-6.86,-12.9,False,34.81,121.56,70.21,-30.19,20.87,270,-0.22,-2.49,-5.39,-15.22,3.19,-29.44,False
APTUS,NSE,EQ,INE852O01025,2026-10-09,215.73,215.52,218.53,212.61,216.92,-0.55,215.73,1402416,302548230.8,1859779.0,0.75,,246.4,264.33,-12.45,-18.39,False,25.64,326.15,194.57,-33.86,10.88,270,-0.55,-4.71,-16.05,-23.99,1.81,-32.53,False
AQYLON,NSE,EQ,INE416A01051,2026-10-09,15.75,16.09,16.55,15.12,15.77,-0.13,15.76,2665776,42009429.72,2778681.0,0.96,,27.36,466.73,-42.42,-96.63,False,29.14,1999.9,15.46,-99.21,1.88,163,-0.13,1.88,-31.82,-59.75,-63.41,,False
ARABIAN,NSE,SM,INE08NJ01024,2026-10-09,104.0,99.0,104.0,99.0,95.45,8.96,100.12,16000,1602000.0,19700.0,0.81,,84.94,76.64,22.44,35.69,True,65.79,104.1,64.0,-0.1,62.5,197,8.96,18.18,18.18,52.94,48.57,,True
ARCHIDPLY,NSE,EQ,INE877I01016,2026-10-09,99.75,100.8,101.98,99.2,101.0,-1.24,100.08,26996,2701818.52,18759.0,1.44,,98.91,90.94,0.85,9.69,True,44.68,114.33,63.55,-12.75,56.96,270,-1.24,-2.0,-3.87,22.21,31.18,-3.27,False
ARCHIES,NSE,EQ,INE731A01020,2026-10-09,12.02,12.29,12.36,12.01,12.01,0.08,12.16,5395,65603.42,23489.0,0.23,,12.96,14.63,-7.28,-17.84,False,36.41,21.0,11.08,-42.76,8.48,270,0.08,-2.83,-8.52,-12.52,-16.18,-41.62,False
ARCIIL,NSE,SM,INE0YDV01010,2026-10-09,32.05,32.15,32.15,32.0,32.0,0.16,32.09,4000,128350.0,11650.0,0.34,,35.94,52.41,-10.82,-38.85,False,39.53,119.65,30.7,-73.21,4.4,255,0.16,4.4,-6.01,-21.83,-23.6,-71.38,True
ARCIL,NSE,EQ,INE148G01016,2026-10-09,150.54,156.0,157.55,148.91,156.18,-3.61,152.3,1012850,154258892.11,6464940.0,0.16,,141.06,138.19,6.72,8.94,True,55.14,160.31,135.18,-6.09,11.36,16,-3.61,7.59,,,,,False
ARCL,NSE,EQ,INE372M01010,2026-10-09,221.6,224.0,242.73,220.0,221.87,-0.12,226.4,636,143991.73,3719.0,0.17,,238.23,237.07,-6.98,-6.53,True,39.0,274.16,221.6,-19.17,0.0,38,-0.12,-3.57,-1.48,,,,False
ARDEE,NSE,EQ,INE0XNF01022,2026-10-09,47.87,49.2,49.69,46.6,48.96,-2.23,48.53,1905173,92451594.59,3222334.0,0.59,,55.42,62.74,-13.63,-23.7,False,33.64,67.12,47.42,-28.68,0.95,41,-2.23,-1.93,-12.55,,,,False
ARE&M,NSE,EQ,INE885A01032,2026-10-09,721.0,721.15,729.0,716.1,720.3,0.1,722.31,270068,195073918.65,427739.0,0.63,,823.06,867.09,-12.4,-16.85,False,18.29,1016.45,672.45,-29.07,7.22,270,0.1,-3.53,-13.94,-18.99,-4.05,-27.12,False
ARENTERP,NSE,EQ,INE610C01014,2026-10-09,33.34,33.49,33.49,32.4,32.87,1.43,33.01,24,792.26,1038.0,0.02,,35.21,38.99,-5.3,-14.49,False,45.09,59.41,31.27,-43.88,6.62,269,1.43,-1.33,0.0,-9.25,-5.77,-27.17,False
ARFIN,NSE,EQ,INE784R01023,2026-10-09,105.14,106.74,113.83,102.28,107.52,-2.21,108.65,12777249,1388310311.55,3551673.0,3.6,,90.09,81.73,16.71,28.64,True,69.2,107.52,47.42,-2.21,121.72,270,-2.21,20.5,15.08,17.28,21.54,122.85,False
ARHAM,NSE,SM,INE0L2Y01011,2026-10-09,193.95,190.0,196.8,190.0,189.75,2.21,194.1,55000,10675300.0,66800.0,0.82,,197.16,161.84,-1.63,19.84,True,40.42,220.1,97.1,-11.88,99.74,269,2.21,-5.99,-9.11,39.58,36.78,86.49,True
ARIES,NSE,BE,INE298I01015,2026-10-09,482.75,473.0,487.0,473.0,472.7,2.13,480.48,10838,5207419.2,15797.0,0.69,,449.17,392.45,7.48,23.01,True,54.95,503.7,290.3,-4.16,66.29,270,2.13,1.12,-0.08,40.27,28.72,30.0,False
ARIHANT,NSE,EQ,INE413D01011,2026-10-09,923.0,951.0,980.0,909.9,939.75,-1.78,933.29,4459,4161556.3,2512.0,1.78,,932.41,920.33,-1.01,0.29,True,50.12,1149.6,737.4,-19.71,25.17,120,-1.78,3.23,0.38,14.14,,,False
ARIHANTACA,NSE,SM,INE0NCC01015,2026-10-07,230.0,230.0,230.0,230.0,515.0,-55.34,230.0,2400,552000.0,6340.0,0.38,,470.01,456.1,-51.06,-49.57,True,20.53,540.0,230.0,-57.41,0.0,155,-55.34,-53.44,-53.96,-53.07,-52.71,,True
ARIHANTCAP,NSE,EQ,INE420B01036,2026-10-09,96.19,95.62,98.0,93.53,95.62,0.6,96.47,496996,47947201.24,1309134.0,0.38,,83.41,80.91,15.33,18.88,True,67.71,117.13,58.19,-17.88,65.3,270,0.6,8.58,22.47,28.15,37.97,-11.47,False
ARIHANTSUP,NSE,EQ,INE643K01018,2026-10-09,219.32,223.89,223.89,198.83,219.51,-0.09,210.93,29121,6142406.18,6517.0,4.47,,238.08,270.29,-7.88,-18.86,False,40.78,432.1,192.7,-49.24,13.81,270,-0.09,1.24,-5.71,-16.69,-5.23,-44.57,False
ARIS,NSE,EQ,INE0H9P01028,2026-10-09,140.31,137.4,145.0,134.25,136.42,2.85,141.2,2923927,412846912.56,1975518.0,1.48,,133.59,119.02,5.03,17.89,True,53.76,154.2,89.04,-9.01,57.58,165,2.85,1.19,10.29,28.34,22.58,,False
ARISINFRA,NSE,EQ,INE0H9P01028,2026-02-06,84.18,90.97,90.98,83.1,90.63,-7.12,85.58,2450168,209690008.75,1642581.0,1.49,,120.31,138.31,-30.03,-39.14,False,25.69,175.58,84.18,-52.06,0.0,105,-7.12,-23.29,-33.95,-50.33,,,False
ARISTO,NSE,SM,INE082101010,2026-10-08,94.0,94.0,94.0,94.0,94.0,0.0,94.0,800,75200.0,1520.0,0.53,,101.3,112.28,-7.21,-16.28,False,42.41,140.0,75.0,-32.86,25.33,135,0.0,-1.05,-14.55,8.92,-25.52,,True
ARKADE,NSE,EQ,INE0QRL01017,2026-10-09,118.88,118.53,119.9,116.55,117.67,1.03,118.09,183408,21658736.96,177513.0,1.03,,124.28,130.04,-4.35,-8.58,False,42.66,174.38,94.83,-31.83,25.36,270,1.03,0.16,-3.42,-10.32,4.53,-29.73,False
ARMANFIN,NSE,EQ,INE109C01017,2026-10-09,1694.2,1709.0,1725.9,1675.3,1703.9,-0.57,1701.83,24717,42064177.8,38453.0,0.64,,1871.81,1744.94,-9.49,-2.91,True,30.75,2069.3,1339.2,-18.13,26.51,270,-0.57,-3.98,-16.85,-6.55,4.54,17.32,False
ARMEE,NSE,EQ,INE0TWE01016,2026-10-09,253.9,260.0,262.0,252.05,256.4,-0.98,255.1,529600,135103554.7,3425633.0,0.15,,292.07,297.85,-13.07,-14.76,False,,300.0,253.9,-15.37,0.0,7,-0.98,-7.12,,,,,False
ARMOUR,NSE,SM,INE0TZX01019,2026-10-09,21.65,21.65,21.65,20.9,18.05,19.94,21.3,24000,511200.0,12700.0,1.89,,19.35,26.19,11.9,-17.33,False,58.91,43.35,15.85,-50.06,36.59,142,19.94,7.71,20.28,-1.59,-21.13,,True
AROGRANITE,NSE,EQ,INE210C01013,2026-10-09,22.34,22.75,23.14,21.99,22.76,-1.85,22.43,8706,195282.11,5214.0,1.67,,23.95,26.58,-6.7,-15.96,False,40.25,38.65,19.04,-42.2,17.33,270,-1.85,-0.04,-7.3,-11.66,-7.69,-40.62,False
ARROWGREEN,NSE,EQ,INE570D01018,2026-10-09,855.65,845.1,863.0,822.6,847.45,0.97,839.11,28809,24173979.35,67662.0,0.43,,801.61,651.75,6.74,31.29,True,52.41,913.05,345.8,-6.29,147.44,270,0.97,-1.1,6.86,23.16,59.22,52.4,False
ARSHIYA,NSE,BZ,INE968D01022,2026-10-09,0.83,0.83,0.85,0.83,0.82,1.22,0.85,43238,36608.05,155827.0,0.28,,0.84,1.13,-1.0,-26.82,False,57.86,2.09,0.7,-60.29,18.57,251,1.22,2.47,13.7,-20.19,-31.97,,False
ARSSBL,NSE,EQ,INE549H01021,2026-10-09,539.6,540.95,548.95,531.05,537.55,0.38,539.49,187035,100903540.15,235563.0,0.79,,518.25,527.17,4.12,2.36,False,58.14,773.95,418.1,-30.28,29.06,253,0.38,3.56,5.05,-5.41,1.21,21.11,False
ARTEMISMED,NSE,EQ,INE025R01021,2026-10-09,313.2,308.25,315.95,308.25,308.45,1.54,312.24,221613,69195572.95,1430154.0,0.15,,322.11,282.58,-2.77,10.84,True,40.95,366.6,205.51,-14.57,52.4,270,1.54,-6.9,-8.43,13.07,36.37,33.74,False
ARTNIRMAN,NSE,EQ,INE738V01013,2026-10-09,38.9,38.0,39.4,37.09,38.0,2.37,38.37,493,18916.19,1202.0,0.41,,39.99,42.2,-2.73,-7.82,False,47.21,64.27,29.39,-39.47,32.36,260,2.37,-3.33,-4.26,-5.33,9.79,-22.51,False
ARUNAYA,NSE,SM,INE0TTG01017,2026-10-09,13.7,13.85,14.25,13.35,13.85,-1.08,13.85,10000,138500.0,8000.0,1.25,,14.98,17.89,-8.54,-23.44,False,40.56,29.9,13.7,-54.18,0.0,250,-1.08,-1.79,-6.16,-13.29,-18.21,,True
ARVEE,NSE,EQ,INE006Z01016,2026-10-09,207.0,208.01,214.99,205.0,212.08,-2.4,208.48,3771,786196.17,26248.0,0.14,,190.96,172.58,8.4,19.94,True,52.08,290.78,133.86,-28.81,54.64,267,-2.4,-3.86,6.84,29.38,47.96,20.0,False
ARVIND,NSE,EQ,INE034A01011,2026-10-09,509.45,512.85,515.15,499.1,510.5,-0.21,506.45,611156,309518360.25,613398.0,1.0,,538.88,465.29,-5.46,9.49,True,36.16,587.1,279.6,-13.23,82.21,270,-0.21,-4.61,-12.37,-3.28,33.59,67.66,False
ARVINDFASN,NSE,EQ,INE955V01021,2026-10-09,402.8,393.05,406.0,387.55,392.1,2.73,396.91,354592,140740148.3,248206.0,1.43,,429.15,457.27,-6.14,-11.91,False,43.36,556.1,378.55,-27.57,6.41,270,2.73,6.08,-8.53,-13.56,-12.27,-23.71,False
ARVINDPORT,NSE,SM,INE0P4T01013,2026-10-09,32.2,30.0,32.5,29.0,31.0,3.87,31.65,18000,569775.0,24825.0,0.73,,33.28,35.38,-3.23,-8.98,False,44.89,68.8,25.65,-53.2,25.54,257,3.87,-2.57,0.63,4.04,2.38,-36.36,True
ARVSMART,NSE,EQ,INE034S01021,2026-10-09,598.2,607.05,608.95,591.4,608.5,-1.69,600.51,81744,49087950.4,420525.0,0.19,,612.28,604.03,-2.3,-0.97,True,46.88,694.85,501.35,-13.91,19.32,270,-1.69,0.96,-4.99,-2.33,1.76,-8.44,False
ARYAMAN,NSE,EQ,INE032E01017,2026-10-09,623.75,600.0,624.0,600.0,610.0,2.25,613.18,18,11037.3,1668.0,0.01,,616.28,606.35,1.21,2.87,True,51.92,649.95,585.0,-4.03,6.62,37,2.25,-0.99,-0.99,,,,False
ASAHIINDIA,NSE,EQ,INE439A01020,2026-10-09,945.95,939.75,957.4,932.4,938.8,0.76,943.97,40788,38502499.5,125218.0,0.33,,941.26,907.63,0.5,4.22,True,48.09,1066.4,784.4,-11.3,20.6,270,0.76,0.18,-1.01,3.39,10.68,10.55,False
ASAHISONG,NSE,BE,INE228I01012,2026-10-09,365.05,364.1,371.0,355.0,364.1,0.26,364.47,6098,2222537.75,11011.0,0.55,,359.34,302.3,1.59,20.76,True,46.91,402.75,182.78,-9.36,99.72,270,0.26,-1.67,-5.27,35.38,60.2,31.53,False
ASAL,NSE,EQ,INE900C01027,2026-10-09,405.4,401.0,408.8,400.0,395.55,2.49,404.29,9481,3833056.6,11402.0,0.83,,461.3,482.05,-12.12,-15.9,False,27.62,594.9,377.4,-31.85,7.42,270,2.49,-5.04,-13.46,-22.59,-8.71,-31.77,False
ASALCBR,NSE,EQ,INE073G01016,2026-10-09,570.3,573.0,587.45,568.0,573.2,-0.51,572.53,58160,33298501.55,41408.0,1.4,,682.92,797.94,-16.49,-28.53,False,16.98,1228.5,570.3,-53.58,0.0,270,-0.51,-6.68,-18.08,-31.11,-29.9,-38.41,False
ASCOM,NSE,SM,INE08KD01015,2026-09-17,207.9,207.8,207.9,207.8,210.9,-1.42,207.83,3000,623500.0,1825.0,1.64,,235.9,170.62,-11.87,21.85,True,34.64,279.5,90.0,-25.62,131.0,127,-1.42,-19.65,-21.52,18.8,131.0,,True
ASHALOG,NSE,SM,INE0LAA01017,2026-10-08,60.05,60.05,60.05,60.05,63.85,-5.95,60.05,1000,60050.0,8450.0,0.12,,60.07,61.42,-0.04,-2.23,False,47.71,88.8,50.0,-32.38,20.1,245,-5.95,-1.56,-7.4,9.78,0.08,,True
ASHAPURMIN,NSE,EQ,INE348A01023,2026-10-09,470.8,470.0,478.05,467.15,469.35,0.31,472.78,168370,79602555.55,312073.0,0.54,,557.65,613.71,-15.57,-23.29,False,29.69,902.45,459.5,-47.83,2.46,270,0.31,-3.91,-14.3,-27.16,-11.07,-27.68,False
ASHIANA,NSE,EQ,INE365D01021,2026-10-09,372.55,374.4,374.4,362.95,372.25,0.08,369.76,18749,6932696.4,88598.0,0.21,,372.95,351.52,-0.11,5.98,True,47.93,405.55,273.0,-8.14,36.47,270,0.08,-2.97,7.58,-0.56,19.91,24.45,False
ASHIKA,NSE,EQ,INE094B01013,2026-07-24,399.25,402.9,402.9,392.4,396.75,0.63,396.96,180568,71677458.35,188756.0,0.96,,389.74,384.6,2.44,3.81,True,57.18,403.95,348.95,-1.16,14.41,67,0.63,-0.01,1.26,0.47,,,False
ASHIKAG,NSE,BE,INE094B01013,2026-10-09,380.8,387.5,387.5,378.05,382.55,-0.46,380.95,66437,25309164.35,31274.0,2.12,,414.12,426.78,-8.05,-10.77,False,45.36,498.55,380.8,-23.62,0.0,53,-0.46,-2.87,-9.23,,,,False
ASHIMASYN,NSE,EQ,INE440A01010,2026-10-09,14.26,14.5,14.5,13.91,14.08,1.28,14.22,39164,556767.03,90613.0,0.43,,16.33,17.16,-12.69,-16.92,False,26.75,22.73,11.78,-37.26,21.05,270,1.28,-6.86,-17.86,-5.25,-2.53,-36.4,False
ASHOKA,NSE,EQ,INE442H01029,2026-10-09,102.02,101.5,103.25,100.31,101.4,0.61,102.04,519359,52993589.56,575514.0,0.9,,113.3,131.44,-9.95,-22.38,False,28.59,211.59,101.4,-51.78,0.61,270,0.61,-3.12,-10.72,-22.47,-16.25,-44.78,False
ASHOKAMET,NSE,EQ,INE760Y01011,2026-10-09,14.44,14.6,14.8,14.42,14.6,-1.1,14.69,8930,131203.42,175100.0,0.05,,14.61,14.99,-1.15,-3.65,False,46.84,17.2,12.23,-16.05,18.07,270,-1.1,-0.62,0.0,-2.1,-4.5,-15.85,False
ASHOKLEY,NSE,EQ,INE208A01029,2026-10-09,145.06,146.0,147.31,143.65,145.02,0.03,145.74,11102691,1618141780.74,12639517.0,0.88,,160.92,162.3,-9.86,-10.62,False,29.4,211.92,134.51,-31.55,7.84,270,0.03,-3.6,-14.17,-7.89,-15.9,1.68,False
ASHUTOSH,NSE,SM,INE19FR01012,2026-10-09,142.6,137.5,143.0,137.0,138.95,2.63,140.83,49200,6928860.0,198720.0,0.25,,149.42,148.0,-4.56,-3.65,True,58.13,164.5,138.2,-13.31,3.18,23,2.63,-4.04,-7.43,,,,True
ASHWINI,NSE,SM,INE1A6Q01010,2026-10-09,155.0,155.05,155.05,155.0,156.3,-0.83,155.02,2000,310050.0,5350.0,0.37,,172.3,162.08,-10.04,-4.37,True,32.41,208.0,127.9,-25.48,21.19,190,-0.83,-4.62,-10.92,-19.38,18.37,,True
ASIANENE,NSE,EQ,INE276G01015,2026-10-09,450.1,455.8,468.7,438.3,459.45,-2.04,451.39,308354,139186783.6,307468.0,1.0,,458.37,384.26,-1.8,17.13,True,41.99,553.55,233.95,-18.69,92.39,270,-2.04,-3.57,-18.69,34.9,62.67,37.48,False
ASIANHOTNR,NSE,EQ,INE363A01022,2026-10-09,334.4,330.8,342.3,327.45,329.5,1.49,338.01,15714,5311519.95,19478.0,0.81,,345.86,322.82,-3.31,3.59,True,39.2,405.75,255.0,-17.58,31.14,270,1.49,-3.94,-17.58,5.74,13.86,1.41,False
ASIANPAINT,NSE,EQ,INE021A01026,2026-10-09,2339.1,2324.0,2362.9,2322.2,2311.6,1.19,2347.75,248707,583900944.3,596765.0,0.42,,2510.27,2566.2,-6.82,-8.85,False,35.8,2968.5,2121.3,-21.2,10.27,270,1.19,-2.82,-5.74,-12.65,2.48,-0.46,False
ASIANTILES,NSE,EQ,INE022I01019,2026-10-09,45.59,46.23,46.3,45.31,45.79,-0.44,45.64,611984,27931113.51,1965357.0,0.31,,50.08,56.71,-8.97,-19.61,False,33.85,77.88,43.42,-41.46,5.0,270,-0.44,-4.92,-8.89,-6.65,-25.45,-20.91,False
ASIANTNE,NSE,EQ,INE822B01017,2026-10-09,8.81,8.37,9.05,8.21,8.21,7.31,8.75,36824,322037.51,13904.0,2.65,,9.36,9.61,-5.85,-8.32,False,40.61,10.89,8.21,-19.1,7.31,38,7.31,-1.56,-9.08,,,,False
ASKAUTOLTD,NSE,EQ,INE491J01022,2026-10-09,588.15,591.05,598.95,580.1,594.6,-1.08,588.84,246190,144967509.2,313494.0,0.79,,604.19,527.91,-2.66,11.41,True,40.87,678.8,380.1,-13.35,54.74,270,-1.08,-4.85,-3.61,24.65,33.52,11.46,False
ASLIND,NSE,SM,INE617I01024,2026-04-21,100.0,100.0,100.0,100.0,101.0,-0.99,100.0,2000,200000.0,16100.0,0.12,,87.99,69.23,13.64,44.44,True,61.24,118.6,45.5,-15.68,119.78,77,-0.99,18.41,-13.87,56.86,,,True
ASMS,NSE,EQ,INE855F01042,2026-10-09,5.9,5.88,5.98,5.83,5.81,1.55,5.91,83260,491870.77,213672.0,0.39,,6.68,8.35,-11.63,-29.3,False,27.49,14.71,5.81,-59.89,1.55,270,1.55,-0.34,-14.74,-16.19,-31.4,-57.55,False
ASPINWALL,NSE,EQ,INE991I01015,2026-10-09,234.98,240.1,245.8,229.75,241.52,-2.71,240.07,14733,3536940.56,4118.0,3.58,,247.59,243.87,-5.09,-3.65,True,36.08,271.5,202.5,-13.45,16.04,269,-2.71,-2.13,-7.54,-4.34,8.54,-11.48,False
ASPIRE,NSE,SM,INE0S7801010,2026-10-09,14.9,14.85,14.9,14.85,15.6,-4.49,14.88,48000,714400.0,22100.0,2.17,,14.1,15.96,5.67,-6.61,False,56.54,26.0,10.2,-42.69,46.08,229,-4.49,-0.33,13.31,7.97,0.68,,True
ASSAMENT,NSE,EQ,INE165G01010,2026-10-09,827.55,800.0,828.0,756.0,789.55,4.81,786.71,19,14947.55,19.0,1.02,,819.93,839.77,0.93,-1.46,False,35.88,850.0,741.0,-2.64,11.68,23,4.81,6.1,2.48,,,,False
ASTAR,NSE,EQ,INE194D01017,2026-10-09,604.75,641.6,642.0,590.0,641.6,-5.74,606.22,350,212178.05,2018.0,0.17,,634.65,626.42,-4.71,-3.46,True,42.45,807.35,560.7,-25.09,7.86,107,-5.74,-8.99,1.31,-3.59,,,False
ASTEC,NSE,EQ,INE563J01010,2026-10-09,729.3,710.1,740.0,700.1,714.75,2.04,725.45,34137,24764669.6,312335.0,0.11,,682.06,690.82,6.93,5.57,False,54.91,918.75,521.85,-20.62,39.75,270,2.04,2.92,10.03,5.82,32.46,-9.37,False
ASTERDM,NSE,EQ,INE914M01019,2026-10-09,699.85,682.0,704.95,675.9,677.15,3.35,693.83,894693,620761759.65,1268606.0,0.71,,753.72,729.59,-7.15,-4.08,True,37.8,869.7,537.95,-19.53,30.1,270,3.35,-1.28,-11.45,-13.48,5.0,11.63,False
ASTRAL,NSE,EQ,INE006I01046,2026-10-09,1409.8,1408.1,1430.9,1405.0,1408.5,0.09,1413.17,171437,242269973.8,523812.0,0.33,,1436.09,1477.12,-1.83,-4.56,False,48.48,1746.3,1317.1,-19.27,7.04,270,0.09,4.9,-6.06,5.7,-7.58,3.18,False
ASTRAMICRO,NSE,EQ,INE386C01029,2026-10-09,1652.9,1630.8,1668.8,1610.0,1630.8,1.36,1639.6,311004,509921689.9,292577.0,1.06,,1657.99,1417.66,-0.31,16.59,True,49.4,1861.6,855.7,-11.21,93.16,270,1.36,1.75,-5.94,-8.36,63.98,67.99,False
ASTRAZEN,NSE,EQ,INE203A01020,2026-10-09,5837.0,5720.0,5875.5,5640.0,5719.5,2.05,5807.05,8979,52141482.0,9439.0,0.95,,6897.34,7933.74,-15.37,-26.43,False,22.2,9827.5,5719.5,-40.61,2.05,270,2.05,-3.22,-15.1,-28.09,-26.02,-35.9,False
ASTRON,NSE,BZ,INE646X01014,2026-10-09,2.82,2.76,2.84,2.71,2.78,1.44,2.79,6411,17903.93,18036.0,0.36,,3.14,5.08,-10.17,-44.52,False,38.2,12.99,2.78,-78.29,1.44,270,1.44,0.36,-4.73,-25.59,-31.22,-78.59,False
ATALREAL,NSE,EQ,INE0ALR01029,2026-10-09,11.34,11.64,11.85,11.3,11.63,-2.49,11.44,672402,7690580.54,5605511.0,0.12,,20.89,25.05,-45.73,-54.73,False,23.46,36.13,11.34,-68.61,0.0,270,-2.49,-11.27,-46.51,-61.31,-53.71,-49.64,False
ATAM,NSE,EQ,INE09KD01013,2026-10-09,54.05,55.5,55.5,53.65,54.91,-1.57,54.69,5656,309342.54,18342.0,0.31,,58.42,67.59,-7.49,-20.03,False,42.27,109.53,49.07,-50.65,10.15,270,-1.57,-2.35,-2.33,-20.74,-10.85,-39.11,False
ATCENERGY,NSE,SM,INE0V0Q01019,2026-10-09,20.75,20.15,20.75,20.05,21.0,-1.19,20.23,10800,218520.0,16380.0,0.66,,22.52,29.69,-7.86,-30.1,False,41.1,59.1,19.9,-64.89,4.27,264,-1.19,0.73,-6.53,-14.78,-2.35,-64.22,True
ATGL,NSE,EQ,INE399L01023,2026-10-09,563.45,564.9,572.75,561.55,562.2,0.22,565.79,448293,253638699.25,2718844.0,0.16,,620.76,626.63,-9.23,-10.08,False,33.6,808.55,467.9,-30.31,20.42,270,0.22,-3.36,-7.54,-22.16,0.8,-9.89,False
ATHERENERG,NSE,EQ,INE0LEZ01016,2026-10-09,1434.4,1406.0,1438.0,1368.6,1406.0,2.02,1406.05,3741866,5261238030.9,3972563.0,0.94,,1450.92,1114.46,-1.14,28.71,True,43.81,1725.6,587.2,-16.88,144.28,270,2.02,2.01,-9.1,17.02,86.12,153.65,False
ATL,NSE,EQ,INE0NN701020,2026-10-09,26.18,25.08,26.5,24.32,25.18,3.97,25.78,274559,7076950.62,210136.0,1.31,,24.76,25.32,5.73,3.41,False,57.83,38.07,18.68,-31.23,40.15,270,3.97,10.98,1.39,12.26,2.43,-29.15,False
ATL-RE,NSE,BE,INE0NN720012,2025-12-03,6.83,6.58,7.0,6.2,6.71,1.79,6.46,213480,1379882.79,265225.0,0.8,,6.33,6.24,7.82,9.53,True,,7.44,5.78,-8.2,18.17,8,1.79,14.79,,,,,False
ATLANTAA,NSE,EQ,INE285H01022,2026-10-09,34.7,35.11,35.46,34.21,35.15,-1.28,34.83,41349,1440188.27,68588.0,0.6,,37.22,39.09,-6.77,-11.22,False,38.59,68.06,32.28,-49.02,7.5,270,-1.28,-2.83,-9.4,-11.39,-16.45,-10.22,False
ATLANTAELE,NSE,EQ,INE0Z4F01028,2026-10-09,1769.5,1840.0,1840.0,1741.1,1806.6,-2.05,1775.67,168656,299476904.0,159190.0,1.06,,1728.27,1494.89,2.39,18.37,True,52.46,2151.5,726.3,-17.76,143.63,254,-2.05,3.09,-7.95,4.37,42.31,123.24,False
ATLASCYCLE,NSE,EQ,INE446A01025,2026-10-09,91.99,92.99,93.0,91.21,91.53,0.5,92.02,540,49692.75,28456.0,0.02,,95.26,99.22,-3.43,-7.28,False,46.25,121.62,77.17,-24.36,19.2,270,0.5,0.27,-18.61,-5.47,6.05,-21.53,False
ATMASTCO,NSE,SM,INE05DH01017,2026-10-09,108.25,115.0,115.0,107.0,114.65,-5.58,110.56,30000,3316720.0,24720.0,1.21,,132.54,154.97,-18.32,-30.15,False,29.32,219.65,99.8,-50.72,8.47,270,-5.58,-6.28,-18.43,-33.12,-27.98,-46.53,True
ATUL,NSE,EQ,INE100A01010,2026-10-09,5882.5,5923.0,5980.5,5860.5,5923.0,-0.68,5895.8,11975,70602264.5,31431.0,0.38,,6251.45,6382.37,-5.9,-7.83,False,34.75,7108.0,5664.5,-17.24,3.85,270,-0.68,0.37,-6.84,-5.67,-7.91,-2.91,False
ATULAUTO,NSE,EQ,INE951D01028,2026-10-09,416.6,410.35,418.0,410.0,410.35,1.52,413.59,43607,18035320.8,93983.0,0.46,,458.68,473.38,-9.17,-11.99,False,33.49,580.95,382.2,-28.29,9.0,270,1.52,-1.93,-9.22,-15.2,-4.36,-12.26,False
AUBANK,NSE,EQ,INE949L01017,2026-10-09,982.0,981.8,991.5,975.2,975.0,0.72,982.61,1196069,1175273105.8,1515825.0,0.79,,1036.34,988.91,-5.24,-0.7,True,39.77,1128.6,724.55,-12.99,35.53,270,0.72,-0.51,-8.54,-8.4,1.47,34.26,False
AUGMONT,NSE,EQ,INE16W401027,2026-10-09,1337.8,1300.0,1337.8,1249.3,1274.1,5.0,1311.06,629196,824915627.9,1102571.0,0.57,,979.15,926.54,36.63,44.39,True,69.21,1337.8,811.1,0.0,64.94,28,5.0,11.93,49.74,,,,False
AURDIS,NSE,SM,INE448V01019,2025-11-17,140.4,140.4,140.4,140.4,134.5,4.39,140.4,625,87750.0,4062.0,0.15,,138.16,142.55,1.62,-1.5,False,54.04,149.9,126.05,-6.34,11.38,40,4.39,5.96,6.16,,,,True
AURIGROW,NSE,EQ,INE925Y01036,2026-07-07,0.28,0.28,0.29,0.27,0.28,0.0,0.28,19536212,5464602.71,15486355.0,1.26,,0.32,0.42,-12.4,-33.0,False,34.45,0.96,0.21,-70.83,33.33,175,0.0,-3.45,-15.15,3.7,-66.67,,False
AURIONPRO,NSE,EQ,INE132H01018,2026-10-09,601.6,597.95,617.5,597.1,596.55,0.85,605.62,168128,101822191.7,146042.0,1.15,,689.16,839.03,-12.71,-28.3,False,30.99,1217.4,596.55,-50.58,0.85,270,0.85,-1.02,-10.49,-29.87,-28.38,-47.23,False
AUROIMPEX,NSE,ST,INE0NUL01018,2026-10-09,41.8,42.0,42.0,41.8,44.0,-5.0,41.86,6400,267920.0,20240.0,0.32,,33.2,33.88,25.89,23.38,False,63.63,52.8,21.65,-20.83,93.07,217,-5.0,7.59,57.14,62.33,30.02,,True
AUROPHARMA,NSE,EQ,INE406A01037,2026-10-09,1693.0,1645.9,1697.9,1633.0,1645.0,2.92,1680.18,699038,1174512356.2,798226.0,0.88,,1650.03,1466.03,2.6,15.48,True,53.28,1734.0,1070.8,-2.36,58.11,270,2.92,0.97,0.06,8.2,26.75,56.2,False
AURUM,NSE,EQ,INE898S01029,2026-10-09,232.77,227.0,235.0,226.36,227.39,2.37,230.79,87841,20272864.92,113223.0,0.78,,223.47,203.23,4.16,14.54,True,57.98,250.82,154.87,-7.2,50.3,270,2.37,4.19,2.42,2.63,35.08,37.27,False
AURUS,NSE,EQ,INE142K01011,2026-10-09,4.17,4.28,4.35,4.07,4.29,-2.8,4.21,24148,101716.11,26779.0,0.9,,4.59,4.52,-9.13,-7.76,True,30.86,4.94,4.17,-15.59,0.0,62,-2.8,-5.23,-12.76,,,,False
AUSL,NSE,SM,INE01YQ01013,2026-10-09,23.75,23.75,23.75,23.75,22.65,4.86,23.75,2000,47500.0,5800.0,0.34,,23.89,26.29,-0.59,-9.67,False,49.75,38.95,17.5,-39.02,35.71,196,4.86,3.26,-5.75,7.71,4.63,,True
AUSOMENT,NSE,EQ,INE218C01016,2026-10-09,148.6,146.8,151.0,142.5,143.29,3.71,147.64,2657,392278.95,5303.0,0.5,,143.45,128.74,3.59,15.43,True,56.46,164.97,94.32,-9.92,57.55,270,3.71,6.91,-4.66,21.67,46.97,46.93,False
AUSTENG,NSE,EQ,INE759F01012,2026-10-09,153.38,152.12,157.8,152.1,151.39,1.31,155.12,691,107185.58,26487.0,0.03,,139.82,128.13,9.7,19.71,True,48.75,171.52,114.3,-10.58,34.19,38,1.31,-8.55,26.33,,,,False
AUTOAXLES,NSE,EQ,INE449A01011,2026-10-09,1600.1,1616.8,1620.7,1596.3,1608.8,-0.54,1603.38,4379,7021183.6,6293.0,0.7,,1707.06,1760.21,-6.27,-9.1,False,34.33,2109.3,1547.1,-24.14,3.43,270,-0.54,-4.93,-3.86,-9.79,-6.6,-7.37,False
AUTOBEES,NSE,EQ,INF204KC1337,2026-10-09,257.87,255.0,258.78,253.12,254.92,1.16,256.73,192422,49399611.49,204637.0,0.94,,280.15,279.21,-7.95,-7.64,True,23.61,307.43,244.19,-16.12,5.6,270,1.16,-2.19,-10.1,-7.03,-3.58,-5.87,False
AUTOIETF,NSE,EQ,INF109KC10V2,2026-10-09,25.85,25.62,25.93,25.4,25.53,1.25,25.77,512768,13215045.36,647699.0,0.79,,28.09,27.97,-7.97,-7.58,True,24.01,30.72,24.5,-15.85,5.51,270,1.25,-2.6,-10.31,-6.88,-3.33,-5.24,False
AUTOIND,NSE,EQ,INE718H01014,2026-10-09,82.11,81.8,82.98,78.08,80.06,2.56,80.84,119166,9633047.7,192480.0,0.62,,84.93,80.57,-3.32,1.91,True,46.75,103.44,49.04,-20.62,67.43,270,2.56,0.87,-5.65,-15.91,27.18,12.33,False
AVADHSUGAR,NSE,EQ,INE349W01017,2026-10-09,945.75,949.0,965.0,925.0,939.55,0.66,949.8,125036,118758972.7,201652.0,0.62,,750.74,573.5,25.98,64.91,True,73.19,945.75,311.25,0.0,203.86,270,0.66,23.69,13.09,79.99,97.75,125.39,False
AVAILFC,NSE,EQ,INE325G01010,2026-06-03,157.73,160.0,161.5,155.7,159.5,-1.11,160.03,2473,395749.88,4150.0,0.6,,155.24,154.16,1.61,2.32,True,53.59,159.92,148.69,-1.37,6.08,31,-1.11,-0.32,2.42,,,,False
AVALON,NSE,EQ,INE0LCL01028,2026-10-09,2300.5,2302.0,2345.0,2250.0,2302.0,-0.07,2298.83,188472,433264212.9,673623.0,0.28,,2175.37,1635.95,5.75,40.62,True,50.94,2537.7,793.85,-9.35,189.79,270,-0.07,0.89,0.45,30.11,130.52,127.96,False
AVANA,NSE,SM,INE1KU201016,2026-10-09,141.15,138.9,142.0,137.25,137.95,2.32,140.23,18000,2524200.0,24400.0,0.74,,141.38,121.53,-0.17,16.14,True,50.62,161.3,62.5,-12.49,125.84,173,2.32,11.49,-5.01,13.97,110.04,,True
AVANCE,NSE,EQ,INE758A01072,2026-10-09,0.78,0.79,0.81,0.78,0.78,0.0,0.79,4187069,3322936.71,5359549.0,0.78,,0.84,0.88,-6.93,-11.14,False,39.58,0.9,0.77,-13.33,1.3,38,0.0,-2.5,-7.14,,,,False
AVANTEL,NSE,EQ,INE005B01027,2026-10-09,143.98,146.0,147.1,142.71,145.31,-0.92,144.75,740876,107244601.27,1971220.0,0.38,,155.1,159.71,-7.17,-9.85,False,40.54,211.66,118.29,-31.98,21.72,270,-0.92,-4.19,-7.96,-20.1,0.29,-17.42,False
AVANTIFEED,NSE,EQ,INE871C01038,2026-10-09,699.1,705.0,710.9,694.25,698.65,0.06,701.3,206443,144778127.85,249674.0,0.83,,814.05,935.99,-14.12,-25.31,False,28.25,1503.4,640.25,-53.5,9.19,270,0.06,-1.75,-16.49,-24.4,-45.99,9.1,False
AVATAR,NSE,SM,INE617I01024,2026-10-09,192.6,187.9,192.6,187.9,183.75,4.82,190.25,4000,761000.0,11500.0,0.35,,183.71,141.25,4.84,36.35,True,51.71,254.0,105.0,-24.17,83.43,61,4.82,26.09,-22.6,,,,True
AVG,NSE,EQ,INE680Z01018,2026-10-09,161.89,163.15,163.5,157.0,161.98,-0.06,161.51,12932,2088656.85,13657.0,0.95,,175.93,180.98,-7.98,-10.55,False,38.71,242.05,126.95,-33.12,27.52,270,-0.06,-2.48,-2.22,-22.83,4.63,-27.51,False
AVG-RE,NSE,BE,INE680Z20018,2026-06-04,3.48,3.5,3.93,2.66,3.28,6.1,3.14,45676,143604.18,45908.0,0.99,,5.96,6.17,-41.65,-43.58,False,,6.24,3.28,-44.23,6.1,4,6.1,,,,,,False
AVIANSH,NSE,SM,INE0TFB01017,2026-10-09,95.75,97.5,99.0,94.0,96.2,-0.47,95.91,6000,575450.0,2600.0,2.31,,101.89,106.34,-6.02,-9.95,False,35.27,122.0,95.75,-21.52,0.0,270,-0.47,-4.73,-7.49,-7.76,-14.47,-3.77,True
AVIENCE,NSE,SM,INE0V9I01017,2026-10-09,274.5,276.6,279.0,272.35,276.6,-0.76,276.4,16800,4643520.0,75720.0,0.22,,308.9,351.25,-11.14,-21.85,False,38.63,414.95,222.85,-33.85,23.18,74,-0.76,-15.21,-6.15,-1.17,,,True
AVL,NSE,EQ,INE679V01027,2026-10-09,581.05,600.0,600.05,575.2,604.45,-3.87,582.91,217078,126536541.5,172258.0,1.26,,606.86,569.92,-4.25,1.95,True,42.42,668.55,444.2,-13.09,30.81,270,-3.87,1.53,-5.46,-8.61,21.38,3.46,False
AVONMORE,NSE,EQ,INE323B01024,2026-10-09,12.3,12.43,12.88,12.21,12.43,-1.05,12.33,55314,682206.98,209614.0,0.26,,12.58,13.23,-2.25,-7.04,False,43.2,19.39,9.15,-36.57,34.43,270,-1.05,-3.83,-12.52,23.12,-1.2,-32.38,False
AVPINFRA,NSE,SM,INE0R9401019,2026-10-09,55.5,55.5,56.4,54.1,53.5,3.74,54.99,25600,1407800.0,37400.0,0.68,,59.62,84.81,-6.91,-34.56,False,45.26,177.25,53.5,-68.69,3.74,270,3.74,-2.2,-7.81,-9.61,-47.52,-65.89,True
AVROIND,NSE,EQ,INE652Z01025,2026-10-09,5.43,5.93,6.24,5.34,5.87,-7.5,5.62,567299,3185521.78,306305.0,1.85,,9.37,49.37,-42.05,-89.0,False,20.14,151.5,5.43,-96.42,0.0,270,-7.5,-18.71,-36.71,-44.54,-95.34,-96.39,False
AVSL,NSE,ST,INE522V01011,2026-09-01,119.7,119.7,119.7,119.7,119.7,0.0,119.7,1000,119700.0,1000.0,1.0,,125.29,125.81,-4.46,-4.86,False,,126.0,119.7,-5.0,0.0,4,0.0,,,,,,True
AVTNPL,NSE,EQ,INE488D01021,2026-10-09,94.78,85.11,100.23,83.1,85.45,10.92,96.11,10258801,986012557.21,1025196.0,10.01,,85.53,75.45,10.81,25.61,True,57.99,98.26,54.24,-3.54,74.74,270,10.92,7.89,4.9,35.3,52.11,31.53,False
AWFIS,NSE,EQ,INE108V01019,2026-10-09,247.03,239.84,248.5,236.4,238.12,3.74,244.53,1697677,415138794.26,1914510.0,0.89,,264.13,333.36,-6.47,-25.9,False,45.25,629.6,230.65,-60.76,7.1,270,3.74,5.0,-2.36,-18.53,-19.31,-56.65,False
AWHCL,NSE,EQ,INE01BK01022,2026-10-09,334.05,339.95,340.7,332.75,339.25,-1.53,335.16,81978,27475680.3,454066.0,0.18,,381.9,444.9,-12.53,-24.92,False,32.15,593.1,334.05,-43.68,0.0,270,-1.53,-6.01,-8.67,-28.14,-25.13,-38.18,False
AWL,NSE,EQ,INE699H01024,2026-10-09,182.18,183.95,183.95,180.86,182.81,-0.34,182.29,1468028,267607431.58,2155394.0,0.68,,186.54,200.91,-2.34,-9.32,False,46.27,277.6,172.3,-34.37,5.73,270,-0.34,3.85,-2.85,-4.12,1.79,-30.35,False
AXIOMGAS,NSE,ST,INE16J201028,2026-10-09,46.3,46.0,46.3,45.9,44.1,4.99,46.27,288000,13326400.0,685600.0,0.42,,51.25,53.27,-9.66,-13.08,False,,54.05,40.0,-14.34,15.75,10,4.99,4.99,,,,,True
AXISBANK,NSE,EQ,INE238A01034,2026-10-09,1259.1,1249.0,1266.0,1240.1,1245.0,1.13,1259.07,5173548,6513857470.1,5960392.0,0.87,,1247.44,1254.68,0.93,0.35,False,55.97,1403.0,1159.5,-10.26,8.59,270,1.13,3.45,1.14,-4.88,-5.54,11.27,False
AXISBNKETF,NSE,EQ,INF846K01X63,2026-07-02,597.15,599.4,600.69,597.09,598.39,-0.21,598.29,4628,2768870.49,3573.0,1.3,,577.74,579.59,3.36,3.03,False,63.71,632.02,516.61,-5.52,15.59,201,-0.21,-0.47,7.87,11.41,-1.9,,False
AXISBPSETF,NSE,EQ,INF846K01Z04,2026-04-28,13.33,12.99,13.61,12.99,13.33,0.0,13.25,1552156,20572069.99,464904.0,3.34,,13.25,13.11,0.63,1.66,True,60.46,13.35,12.88,-0.15,3.49,157,0.0,0.08,0.98,1.68,2.85,,False
AXISCADES,NSE,EQ,INE555B01013,2026-10-09,2082.3,2061.0,2150.3,2027.6,2077.6,0.23,2086.45,194911,406671611.4,313765.0,0.62,,1858.65,1688.4,12.03,23.33,True,57.91,2307.3,1101.2,-9.75,89.09,270,0.23,-9.75,12.64,29.88,23.7,30.63,False
AXISCETF,NSE,EQ,INF846K016C7,2026-07-02,121.12,120.7,121.26,119.81,120.23,0.74,120.7,5431,655509.89,2064.0,2.63,,117.07,119.9,3.46,1.02,False,67.5,129.92,106.54,-6.77,13.69,201,0.74,2.36,5.29,11.34,-4.11,,False
AXISGOLD,NSE,EQ,INF846K01W80,2026-07-02,118.82,119.14,119.14,117.96,116.24,2.22,118.67,3083737,365957541.22,2945429.0,1.05,,123.85,117.1,-4.06,1.47,True,42.24,148.94,89.29,-20.22,33.07,201,2.22,0.52,-8.31,0.57,3.65,,False
AXISHCETF,NSE,EQ,INF846K01Z12,2026-07-02,164.72,163.22,166.48,161.48,163.22,0.92,164.06,9410,1543779.93,7373.0,1.28,,157.39,151.56,4.66,8.68,True,67.79,164.75,140.22,-0.02,17.47,201,0.92,1.58,6.53,12.02,9.46,,False
AXISILVER,NSE,EQ,INF846K011K1,2026-07-02,224.91,224.22,226.2,223.8,219.69,2.38,225.36,579482,130593682.08,1166321.0,0.5,,240.33,217.58,-6.42,3.37,True,41.3,371.47,124.0,-39.45,81.38,201,2.38,1.45,-13.87,2.32,7.41,,False
AXISNIFTY,NSE,EQ,INF846K01W98,2026-07-02,266.64,261.1,266.89,261.1,264.9,0.66,266.19,5373,1430252.73,40675.0,0.13,,263.07,269.42,1.36,-1.03,False,59.61,288.97,244.75,-7.73,8.94,201,0.66,0.64,3.15,6.03,-7.29,,False
AXISTECETF,NSE,EQ,INF846K01Y96,2026-07-02,296.77,286.28,298.4,286.28,283.2,4.79,294.16,6734,1980903.74,56180.0,0.12,,315.25,349.95,-5.86,-15.2,False,42.87,429.63,283.2,-30.92,4.79,201,4.79,-2.11,-13.13,-8.19,-30.48,,False
AXISVALUE,NSE,EQ,INF846KA1119,2026-07-02,33.16,33.27,33.4,32.87,32.88,0.85,33.11,40911,1354573.84,143424.0,0.29,,33.43,32.06,-0.8,3.44,True,45.45,34.7,28.29,-4.44,17.21,201,0.85,-1.01,-1.46,7.21,7.24,,False
AXITA,NSE,EQ,INE02EZ01022,2026-10-09,7.38,7.41,7.47,7.36,7.41,-0.4,7.39,465760,3439724.14,648093.0,0.72,,7.73,8.19,-4.57,-9.91,False,20.87,13.28,7.25,-44.43,1.79,270,-0.4,-2.64,-7.63,-1.47,-19.26,-15.07,False
AXSENSEX,NSE,EQ,INF846K010Q0,2026-07-02,80.09,80.48,80.48,79.75,79.7,0.49,80.01,887,70969.09,5717.0,0.16,,78.98,81.57,1.41,-1.81,False,61.25,88.35,74.39,-9.35,7.66,201,0.49,0.46,4.05,5.34,-9.2,,False
AXTEL,NSE,EQ,INE767C01012,2026-10-09,420.7,432.8,434.9,419.05,432.8,-2.8,425.52,6494,2763325.15,7560.0,0.86,,425.63,419.8,-1.16,0.21,True,43.89,450.35,388.85,-6.58,8.19,38,-2.8,-3.39,2.9,,,,False
AYE,NSE,EQ,INE501X01029,2026-10-09,156.94,159.49,160.9,155.84,160.79,-2.39,157.69,689022,108652473.8,841245.0,0.82,,170.19,152.82,-7.79,2.7,True,36.73,189.13,90.07,-17.02,74.24,160,-2.39,-3.89,-15.07,-7.04,55.59,,False
AYMSYNTEX,NSE,EQ,INE193B01039,2026-10-09,272.65,272.0,275.45,269.4,271.75,0.33,271.96,30772,8368618.7,92532.0,0.33,,274.23,233.75,-0.58,16.64,True,44.56,320.1,148.08,-14.82,84.12,270,0.33,-2.61,-14.82,19.53,44.39,41.78,False
AZAD,NSE,EQ,INE02IJ01035,2026-10-09,2910.2,2898.0,2950.0,2817.0,2883.7,0.92,2900.85,495620,1437721068.2,1041295.0,0.48,,2716.47,2231.31,7.13,30.43,True,54.97,3062.6,1366.5,-4.98,112.97,270,0.92,1.72,3.12,17.37,77.93,86.26,False
AZADIND,NSE,EQ,INE566M01017,2026-10-09,82.42,82.98,84.99,81.61,82.56,-0.17,82.74,42981,3556128.77,60988.0,0.7,,86.58,89.85,-4.81,-8.27,False,44.65,96.8,75.36,-14.86,9.37,38,-0.17,-4.11,-8.28,,,,False
BABAFP,NSE,SM,INE0QW501012,2026-10-09,21.35,21.3,21.35,20.5,21.3,0.23,21.12,19200,405520.0,7760.0,2.47,,23.32,27.26,-8.45,-21.69,False,43.25,38.4,19.8,-44.4,7.83,210,0.23,-9.92,-7.17,-9.15,-25.22,,True
BAFNAPH,NSE,BE,INE878I01022,2026-10-09,418.0,418.0,418.0,418.0,409.85,1.99,418.0,549,229482.0,3747.0,0.15,,312.47,215.02,33.77,94.4,True,90.15,418.0,99.16,0.0,321.54,270,1.99,10.36,35.82,104.29,237.75,137.16,False
BAGDIGITAL,NSE,SM,INE17CQ01015,2026-10-09,111.1,111.0,115.0,109.0,110.4,0.63,113.85,331200,37707520.0,44560.0,7.43,,106.99,109.69,3.84,1.29,False,61.6,129.9,99.0,-14.47,12.22,216,0.63,4.12,5.71,-0.04,-4.47,,True
BAGFILMS,NSE,EQ,INE116D01028,2026-10-09,4.02,4.07,4.1,3.9,4.07,-1.23,4.01,63489,254546.37,65015.0,0.98,,4.35,4.94,-7.65,-18.67,False,31.01,7.74,3.63,-48.06,10.74,270,-1.23,-1.23,-14.47,-10.47,-13.17,-41.48,False
BAHETI,NSE,SM,INE029Q01017,2026-10-09,701.1,692.05,717.0,692.05,693.4,1.11,705.22,16875,11900625.0,20644.0,0.82,,758.09,678.84,-7.52,3.28,True,30.27,861.8,483.95,-18.65,44.87,270,1.11,-4.37,-15.48,-0.77,24.66,28.15,True
BAIDFIN,NSE,EQ,INE020D01022,2026-10-09,10.12,10.36,10.45,10.0,10.17,-0.49,10.15,39169,397573.74,102923.0,0.38,,10.37,10.53,-2.39,-3.88,False,43.1,12.47,9.1,-18.85,11.21,270,-0.49,-1.84,-16.02,-1.27,-9.16,-5.6,False
BAIDFIN-RE,NSE,BE,INE020D20014,2025-11-28,0.15,0.16,0.2,0.15,0.16,-6.25,0.17,1017468,170107.96,683487.0,1.49,,0.23,0.24,-35.14,-36.9,False,,0.24,0.15,-37.5,0.0,4,-6.25,,,,,,False
BAJAJ-AUTO,NSE,EQ,INE917I01010,2026-10-09,9778.0,9663.0,9968.0,9645.0,9637.0,1.46,9836.75,249546,2454720978.0,295884.0,0.84,,11033.13,10398.55,-11.38,-5.97,True,23.2,12361.0,8626.5,-20.9,13.35,270,1.46,-2.66,-17.69,-3.72,4.4,12.67,False
BAJAJCON,NSE,EQ,INE933K01021,2026-10-09,506.95,493.75,508.8,490.55,489.15,3.64,502.76,551446,277244118.2,586693.0,0.94,,507.48,459.51,-0.1,10.32,True,52.93,670.25,236.06,-24.36,114.75,270,3.64,1.99,-1.39,-24.36,30.17,113.99,False
BAJAJELEC,NSE,EQ,INE193E01025,2026-10-09,298.0,291.0,300.35,291.0,290.05,2.74,296.19,87536,25927574.15,115455.0,0.76,,325.17,373.08,-8.36,-20.13,False,34.18,548.0,290.05,-45.62,2.74,270,2.74,-0.6,-12.34,-10.0,-17.23,-45.33,False
BAJAJFINSV,NSE,EQ,INE918I01026,2026-10-09,1734.7,1713.0,1751.0,1711.5,1708.0,1.56,1736.49,772498,1341431748.3,871025.0,0.89,,1858.62,1893.7,-6.67,-8.4,False,32.88,2176.6,1631.8,-20.3,6.31,270,1.56,0.12,-10.49,-9.46,-2.8,-13.54,False
BAJAJHCARE,NSE,EQ,INE411U01027,2026-10-09,320.0,316.05,326.0,311.1,314.85,1.64,320.2,124154,39754518.3,126758.0,0.98,,328.97,344.54,-2.73,-7.12,False,43.28,486.1,274.95,-34.17,16.38,270,1.64,-0.91,-4.96,-8.23,-1.73,-34.13,False
BAJAJHFL,NSE,EQ,INE377Y01014,2026-10-09,81.51,82.15,82.8,81.41,82.14,-0.77,81.93,2834991,232284729.64,3398345.0,0.83,,83.87,88.66,-2.82,-8.06,False,42.18,111.77,73.09,-27.07,11.52,270,-0.77,-1.69,-2.98,-7.45,-3.53,-25.91,False
BAJAJHIND,NSE,EQ,INE306A01021,2026-10-09,20.42,20.19,20.65,19.84,20.04,1.9,20.24,10391539,210354952.09,16733023.0,0.62,,20.07,19.21,1.75,6.31,True,50.34,24.23,14.93,-15.72,36.77,270,1.9,6.41,-9.89,17.69,18.72,3.18,False
BAJAJHLDNG,NSE,EQ,INE118A01012,2026-10-09,10820.0,10628.0,10820.0,10596.0,10600.0,2.08,10712.3,11706,125398173.0,42126.0,0.28,,10968.72,11006.39,-1.36,-1.69,False,47.08,13144.0,8746.0,-17.68,23.71,270,2.08,1.44,-2.05,1.56,8.53,-11.65,False
BAJAJINDEF,NSE,EQ,INE0O9T01021,2026-10-09,203.47,203.8,205.19,197.0,199.24,2.12,202.24,14767,2986490.65,22153.0,0.67,,220.56,259.48,-7.75,-21.59,False,39.28,425.25,199.24,-52.15,2.12,270,2.12,-2.42,-7.91,-17.87,-22.86,-43.91,False
BAJAJST,NSE,EQ,INE704G01024,2026-10-09,333.95,331.95,340.0,326.4,324.3,2.98,333.38,6524,2174939.75,7436.0,0.88,,357.71,409.89,-6.64,-18.53,False,41.4,483.95,324.3,-30.99,2.98,120,2.98,-0.52,-8.51,-17.15,,,False
BAJEL,NSE,EQ,INE0KQN01018,2026-10-09,157.26,157.6,158.46,154.78,156.63,0.4,156.43,101984,15953730.26,137268.0,0.74,,176.07,180.49,-10.69,-12.87,False,27.32,209.19,137.27,-24.82,14.56,270,0.4,-3.89,-14.36,-16.95,-2.65,-22.51,False
BAJFINANCE,NSE,EQ,INE296A01032,2026-10-09,960.0,951.95,968.0,950.7,955.95,0.42,960.52,7684275,7380892763.65,7135702.0,1.08,,1017.22,994.12,-5.63,-3.43,True,37.62,1158.8,801.55,-17.16,19.77,270,0.42,1.23,-8.93,-5.93,4.91,-3.89,False
BALAJEE,NSE,EQ,INE0S2G01011,2026-10-09,23.6,24.0,24.0,23.01,23.77,-0.72,23.35,19966,466138.46,31543.0,0.63,,25.93,31.11,-8.98,-24.13,False,26.66,54.04,21.28,-56.33,10.9,270,-0.72,-6.35,-7.31,-18.17,-22.67,-48.94,False
BALAJIPHOS,NSE,SM,INE0PQ601019,2026-10-09,110.0,110.0,110.0,110.0,106.0,3.77,110.0,2000,220000.0,13650.0,0.15,,102.94,115.64,6.86,-4.88,False,55.41,174.75,87.15,-37.05,26.22,237,3.77,-0.05,17.27,22.22,-14.06,,True
BALAJITELE,NSE,EQ,INE794B01026,2026-10-09,91.04,87.0,92.0,85.1,86.08,5.76,90.29,499249,45078548.08,233506.0,2.14,,91.51,95.13,-0.51,-4.3,False,48.62,127.59,71.11,-28.65,28.03,270,5.76,1.11,-2.55,-1.35,-2.32,-24.83,False
BALAMINES,NSE,EQ,INE050E01027,2026-10-09,2040.8,2100.0,2130.6,2032.0,2085.5,-2.14,2071.47,173579,359563469.6,312544.0,0.56,,2177.51,1839.73,-6.28,10.93,True,43.0,2566.8,977.2,-20.49,108.84,270,-2.14,-0.56,-17.56,-15.49,90.7,46.9,False
BALAXI,NSE,EQ,INE618N01022,2026-10-09,22.33,22.4,22.79,22.09,22.09,1.09,22.41,13772,308660.27,26506.0,0.52,,23.25,26.28,-3.97,-15.03,False,42.99,44.89,15.67,-50.26,42.5,270,1.09,-0.04,-4.33,-7.61,-6.61,-48.83,False
BALCO,NSE,SM,INE0U0201016,2026-10-07,19.05,19.05,19.05,19.05,19.95,-4.51,19.05,1200,22860.0,2880.0,0.42,,19.57,22.74,-2.68,-16.22,False,48.17,31.85,13.4,-40.19,42.16,169,-4.51,-8.63,11.08,-13.61,-23.03,,True
BALKRISHNA,NSE,EQ,INE875R01011,2026-10-09,15.9,15.99,16.25,15.6,15.73,1.08,15.92,4123,65641.66,6788.0,0.61,,16.74,17.91,-5.01,-11.23,False,43.06,24.68,12.88,-35.58,23.45,270,1.08,-0.25,-6.64,-13.35,-5.07,-32.88,False
BALKRISIND,NSE,EQ,INE787D01026,2026-10-09,2010.3,2005.0,2024.0,1983.7,1996.9,0.67,2009.0,134321,269850425.9,186244.0,0.72,,2198.34,2252.74,-8.55,-10.76,False,30.24,2716.3,1974.0,-25.99,1.84,270,0.67,-3.51,-10.97,-10.77,-9.56,-12.4,False
BALMLAWRIE,NSE,EQ,INE164A01016,2026-10-09,156.98,155.95,157.4,154.13,156.08,0.58,155.91,106520,16607673.2,146139.0,0.73,,168.69,179.35,-6.94,-12.47,False,28.21,210.54,149.08,-25.44,5.3,270,0.58,-1.46,-11.0,-12.47,-6.31,-25.47,False
BALPHARMA,NSE,BE,INE083D01012,2026-10-09,93.06,94.29,96.0,92.15,96.21,-3.27,93.26,17235,1607376.35,107588.0,0.16,,96.6,86.52,-3.66,7.55,True,41.12,114.45,60.42,-18.69,54.02,270,-3.27,-11.99,-2.43,17.2,22.88,12.23,False
BALRAMCHIN,NSE,EQ,INE119A01028,2026-10-09,678.15,689.4,697.35,675.5,689.45,-1.64,684.96,738592,505904819.15,1320123.0,0.56,,660.55,578.74,2.66,17.18,True,50.63,767.1,397.8,-11.6,70.48,270,-1.64,4.48,-4.68,19.62,41.16,48.83,False
BALUFORGE,NSE,EQ,INE011E01029,2026-10-09,481.2,495.0,498.0,476.2,489.45,-1.69,484.04,556624,269428780.7,607321.0,0.92,,511.27,513.97,-5.88,-6.38,False,40.68,674.8,356.3,-28.69,35.05,270,-1.69,-1.59,-11.16,3.46,0.07,-24.58,False
BANARBEADS,NSE,EQ,INE655B01011,2026-10-09,108.41,111.3,112.29,107.0,110.28,-1.7,109.64,1842,201959.12,4203.0,0.44,,113.17,113.28,-4.21,-4.3,False,42.39,151.16,98.3,-28.28,10.28,270,-1.7,-6.54,-1.44,-6.25,0.39,-20.71,False
BANARISUG,NSE,EQ,INE459A01010,2026-10-09,3301.4,3300.1,3317.1,3205.3,3300.0,0.04,3299.11,364,1200876.2,1124.0,0.32,,3488.52,3563.46,-5.36,-7.35,False,39.67,4240.7,3267.2,-22.15,1.05,270,0.04,0.03,-11.81,-5.65,-9.5,-9.58,False
BANCOINDIA,NSE,EQ,INE213C01025,2026-10-09,590.8,590.35,596.95,582.5,588.9,0.32,590.51,41466,24486110.35,77250.0,0.54,,615.01,632.4,-3.94,-6.58,False,42.12,875.05,504.35,-32.48,17.14,270,0.32,0.16,-5.97,-13.35,2.94,-28.85,False
BANDHANBNK,NSE,EQ,INE545U01014,2026-10-09,157.0,157.0,161.3,153.79,155.54,0.94,157.98,10436631,1648811140.47,14861657.0,0.7,,175.5,176.83,-10.54,-11.21,False,35.05,216.74,135.47,-27.56,15.89,270,0.94,-10.8,-8.5,-25.24,-4.7,-3.21,False
BANG,NSE,EQ,INE863I01016,2026-10-09,32.67,34.15,34.15,32.21,33.7,-3.06,33.02,15052,497082.76,40890.0,0.37,,32.49,36.53,0.54,-10.58,False,49.69,59.28,27.23,-44.89,19.98,270,-3.06,3.91,-2.54,9.67,-5.3,-37.17,False
BANK10ADD,NSE,EQ,INF740KA1YH2,2026-10-09,16.41,16.19,16.45,16.19,16.19,1.36,16.35,14377,235081.85,568042.0,0.03,,16.62,16.64,-1.25,-1.38,False,48.02,17.61,14.69,-6.81,11.71,143,1.36,2.63,-1.68,-5.85,-3.01,,False
BANK10BETF,NSE,EQ,INF0QA701CI0,2026-10-09,19.99,19.61,20.3,19.52,19.61,1.94,20.16,1541536,31070292.04,2467410.0,0.62,,20.48,20.97,-2.38,-4.67,False,45.98,24.9,19.45,-19.72,2.78,57,1.94,1.16,-2.58,,,,False
BANKA,NSE,EQ,INE862Y01015,2026-10-09,68.1,66.81,69.98,66.81,68.35,-0.37,68.95,899,61981.98,3407.0,0.26,,77.39,78.62,-12.01,-13.39,False,32.77,94.69,41.97,-28.08,62.26,270,-0.37,-0.6,-13.91,-25.99,8.63,-19.23,False
BANKADD,NSE,EQ,INF740KA1RX3,2026-10-09,56.53,56.43,56.8,56.43,55.86,1.2,56.54,813299,45980798.01,86680.0,9.38,,57.6,58.32,-1.86,-3.07,False,43.91,62.85,51.36,-10.06,10.07,202,1.2,1.47,-3.22,-4.8,-0.56,,False
BANKBARODA,NSE,EQ,INE028A01039,2026-10-09,235.8,234.77,238.25,234.55,234.0,0.77,236.55,3744454,885740867.95,6794459.0,0.55,,239.63,256.43,-1.6,-8.05,False,50.83,324.45,227.5,-27.32,3.65,270,0.77,2.16,-0.34,-6.04,-14.56,-8.8,False
BANKBEES,NSE,EQ,INF204KB15I9,2026-10-09,572.92,567.31,574.15,564.95,564.48,1.5,572.05,885539,506571221.55,595464.0,1.49,,582.42,584.97,-1.63,-2.06,False,44.75,635.86,520.9,-9.9,9.99,270,1.5,1.4,-2.74,-4.54,-0.48,1.69,False
BANKBETA,NSE,EQ,INF789F1AUV1,2026-10-09,57.22,56.68,57.45,56.56,56.37,1.51,57.23,369030,21119552.47,477558.0,0.77,,58.19,58.89,-1.67,-2.84,False,45.24,63.31,52.04,-9.62,9.95,195,1.51,1.42,-2.82,-4.55,-0.44,,False
BANKBETF,NSE,EQ,INF0QA701714,2026-10-09,56.22,55.95,56.46,55.68,55.41,1.46,56.14,20663,1159929.32,256520.0,0.08,,57.19,57.43,-1.69,-2.11,False,44.44,62.35,51.15,-9.83,9.91,270,1.46,1.39,-2.85,-4.49,-0.41,1.41,False
BANKETF,NSE,EQ,INF769K01KR3,2026-10-09,564.6,558.13,565.63,557.99,555.21,1.69,563.1,21186,11929759.91,41042.0,0.52,,573.22,575.6,-1.5,-1.91,False,45.81,625.37,511.22,-9.72,10.44,270,1.69,1.57,-2.49,-4.54,-0.12,1.68,False
BANKETFADD,NSE,EQ,INF740KA1RX3,2025-12-12,60.59,61.84,61.84,60.43,60.34,0.41,60.59,9157,554831.71,43582.0,0.21,,59.3,57.01,2.18,6.29,True,58.47,60.98,55.23,-0.64,9.7,68,0.41,-0.43,1.75,8.39,,,False
BANKIETF,NSE,EQ,INF109KC15I8,2026-10-09,56.85,56.09,56.99,56.09,55.99,1.54,56.8,569394,32339372.22,869260.0,0.66,,57.77,58.01,-1.59,-2.0,False,45.03,63.01,51.82,-9.78,9.71,270,1.54,1.28,-2.7,-4.47,0.02,1.5,False
BANKINDIA,NSE,EQ,INE084A01016,2026-10-09,134.46,133.0,134.9,132.1,132.35,1.59,133.55,7400969,988426222.37,5931372.0,1.25,,138.5,140.82,-2.92,-4.52,False,45.58,177.2,123.11,-24.12,9.22,270,1.59,3.85,-4.54,-7.2,-8.21,8.95,False
BANKNIFTY1,NSE,EQ,INF174KA1ZB7,2026-10-09,57.48,55.21,57.63,55.21,56.63,1.5,57.31,281981,16160215.3,945521.0,0.3,,59.69,176.79,-3.7,-67.49,False,45.55,637.24,52.12,-90.98,10.28,270,1.5,1.61,-2.68,-4.44,-0.28,-89.81,False
BANKPSU,NSE,EQ,INF769K01LZ4,2026-10-09,81.78,80.87,82.15,80.87,80.87,1.13,81.69,20947,1711194.98,11345.0,1.85,,83.87,83.95,-2.5,-2.58,False,43.24,99.03,75.23,-17.42,8.71,270,1.13,2.23,-3.66,-4.07,-6.55,8.09,False
BANSALWIRE,NSE,EQ,INE0B9K01025,2026-10-09,315.8,314.8,324.25,310.05,313.2,0.83,314.07,64291,20191588.9,106130.0,0.61,,318.09,313.64,-0.72,0.69,True,47.25,365.8,224.95,-13.67,40.39,270,0.83,-2.24,0.29,-4.65,18.09,-6.69,False
BANSWRAS,NSE,EQ,INE629D01020,2026-10-09,102.48,105.0,105.0,102.31,102.16,0.31,102.83,5540,569654.4,24288.0,0.23,,113.63,118.72,-9.81,-13.68,False,32.92,137.79,96.09,-25.63,6.65,270,0.31,-2.49,-10.89,-14.39,-5.55,-19.1,False
BARBEQUE,NSE,EQ,INE382M01027,2025-10-10,224.87,225.0,227.78,223.71,224.4,0.21,225.36,39059,8802439.08,114126.0,0.34,,245.17,254.94,-8.28,-11.79,False,18.87,259.45,224.26,-13.33,0.27,25,0.21,-4.47,-13.33,,,,False
BARFLEX,NSE,SM,INE0QX401014,2026-10-09,50.0,55.45,55.45,50.0,53.9,-7.24,52.42,82000,4298400.0,28800.0,2.85,,56.49,60.66,-11.48,-17.58,False,37.22,79.85,49.25,-37.38,1.52,270,-7.24,-0.99,-14.38,-7.06,-15.97,-37.58,True
BASF,NSE,EQ,INE373A01013,2026-10-09,3347.4,3346.8,3374.7,3318.1,3346.8,0.02,3345.78,12674,42404449.1,17709.0,0.72,,3634.21,3770.54,-7.89,-11.22,False,30.43,4687.5,3163.4,-28.59,5.82,270,0.02,-2.04,-11.65,-5.54,-6.45,-23.87,False
BASILIC,NSE,SM,INE0OCC01013,2026-10-09,223.8,215.15,233.0,210.1,212.0,5.57,222.99,56100,12509940.0,40065.0,1.4,,190.7,236.32,17.36,-5.3,False,72.04,388.15,165.9,-42.34,34.9,270,5.57,25.41,20.61,10.74,-7.27,-37.39,True
BASML,NSE,EQ,INE186H01022,2026-10-09,21.03,20.75,21.75,20.75,20.74,1.4,21.15,77409,1637537.6,75084.0,1.03,,24.31,25.06,-13.49,-16.09,False,29.63,31.25,17.27,-32.7,21.77,270,1.4,-7.19,-14.02,-20.37,-4.5,-18.87,False
BATAINDIA,NSE,EQ,INE176A01028,2026-10-09,613.25,604.0,615.2,600.15,603.35,1.64,608.46,89772,54622903.1,151218.0,0.59,,656.49,763.78,-6.59,-19.71,False,35.07,1220.3,603.35,-49.75,1.64,270,1.64,0.04,-7.62,-11.21,-12.91,-47.36,False
BATLIBOI,NSE,EQ,INE177C01022,2026-10-09,92.28,96.9,96.9,91.0,93.98,-1.81,93.44,20525,1917930.34,51147.0,0.4,,86.5,83.89,6.68,10.01,True,58.09,102.67,73.03,-10.12,26.36,120,-1.81,12.06,5.31,9.47,,,False
BAWEJA,NSE,SM,INE0JFJ01011,2026-10-09,26.15,25.45,26.25,25.45,25.85,1.16,25.84,3200,82680.0,7520.0,0.43,,25.67,30.93,1.88,-15.45,False,55.36,52.0,21.35,-49.71,22.48,256,1.16,-1.32,0.19,-6.44,8.73,-49.71,True
BAYERCROP,NSE,EQ,INE462A01022,2026-10-09,3492.0,3381.6,3529.0,3370.8,3381.6,3.26,3465.13,32726,113399776.5,38747.0,0.84,,3874.82,4287.84,-9.88,-18.56,False,29.06,5113.2,3381.6,-31.71,3.26,270,3.26,-1.75,-12.37,-15.45,-27.42,-27.41,False
BBETF0432,NSE,EQ,INF754K01OB1,2026-10-09,1335.12,1334.76,1338.0,1334.75,1337.13,-0.15,1335.19,489,652907.44,4178.0,0.12,,1341.26,1327.97,-0.46,0.54,True,42.9,1359.5,1293.39,-1.79,3.23,270,-0.15,0.09,-0.79,-1.7,2.55,3.27,False
BBL,NSE,EQ,INE464A01036,2026-10-09,2189.0,2065.2,2199.9,2034.8,2075.3,5.48,2145.51,60106,128957833.9,21482.0,2.8,,2275.23,2549.7,-3.79,-14.15,False,50.62,3318.5,2042.0,-34.04,7.2,270,5.48,5.77,-2.28,-20.57,-8.75,-30.25,False
BBNPNBETF,NSE,EQ,INF251K01TL6,2026-10-09,55.61,55.63,55.74,55.61,54.8,1.48,55.65,10,556.47,1273.0,0.01,,56.68,56.99,-1.88,-2.43,False,46.31,62.55,50.42,-11.1,10.29,270,1.48,1.11,-2.66,-4.7,-2.27,1.57,False
BBNPPGOLD,NSE,EQ,INF251K01SU9,2026-10-09,143.95,142.3,144.3,142.0,141.65,1.62,143.59,1134,162825.6,5149.0,0.22,,144.68,140.1,-0.51,2.74,True,48.39,175.55,111.25,-18.0,29.39,270,1.62,1.44,-2.47,3.94,-1.07,28.07,False
BBOX,NSE,EQ,INE676A01027,2026-10-09,892.1,858.0,935.0,858.0,856.55,4.15,911.36,6686307,6093637843.3,1212238.0,5.52,,802.08,727.76,11.22,22.58,True,64.8,1078.2,447.15,-17.26,99.51,270,4.15,12.09,15.72,-3.28,78.49,73.14,False
BBTC,NSE,EQ,INE050A01025,2026-10-09,1222.1,1225.1,1232.5,1205.5,1224.6,-0.2,1221.06,54764,66869983.1,184758.0,0.3,,1424.23,1557.05,-14.19,-21.51,False,23.46,2103.1,1222.1,-41.89,0.0,270,-0.2,-8.4,-17.29,-19.67,-17.03,-30.88,False
BBTCL,NSE,EQ,INE01EE01011,2026-10-09,227.72,229.9,235.0,223.52,225.54,0.97,227.76,10163,2314692.8,5509.0,1.84,,227.78,212.51,-0.02,7.16,True,47.73,248.14,159.75,-8.23,42.55,270,0.97,-0.77,-0.94,2.91,23.02,14.89,False
BCG,NSE,EQ,INE425B01027,2026-10-09,9.05,9.03,9.1,8.95,8.99,0.67,9.01,3958130,35681294.25,6334795.0,0.62,,9.48,10.34,-4.56,-12.5,False,41.55,14.75,8.17,-38.64,10.77,270,0.67,-4.94,-14.38,-4.94,-4.54,-34.85,False
BCLIND,NSE,EQ,INE412G01024,2026-10-09,30.26,29.93,30.58,29.79,29.88,1.27,30.09,451153,13575088.74,514393.0,0.88,,34.05,34.57,-11.13,-12.46,False,29.97,41.8,25.68,-27.61,17.83,270,1.27,-3.14,-15.94,-11.62,-6.66,-25.28,False
BCONCEPTS,NSE,EQ,INE977Y01011,2026-10-09,143.39,144.0,146.9,142.0,142.47,0.65,142.95,5186,741350.02,10705.0,0.48,,160.17,209.43,-10.47,-31.53,False,38.81,372.6,139.23,-61.52,2.99,270,0.65,2.12,-13.79,-32.72,-40.62,-60.22,False
BCPL,NSE,EQ,INE00SW01015,2026-10-09,64.53,65.0,66.4,64.11,64.91,-0.59,65.21,12674,826530.95,12010.0,1.06,,69.03,71.48,-6.52,-9.72,False,34.12,89.52,64.53,-27.92,0.0,133,-0.59,-4.04,-9.16,-10.28,-5.63,,False
BDL,NSE,EQ,INE171Z01026,2026-10-09,1075.9,1056.0,1084.7,1051.6,1050.5,2.42,1072.1,890171,954351386.5,1002098.0,0.89,,1201.61,1302.61,-10.46,-17.4,False,34.11,1613.8,1050.5,-33.33,2.42,270,2.42,-1.1,-13.41,-19.98,-16.69,-27.95,False
BEACON,NSE,SM,INE639X01027,2026-10-09,85.0,80.55,85.0,80.55,82.9,2.53,83.03,5000,415150.0,7600.0,0.66,,85.65,84.54,-0.76,0.54,True,51.01,111.35,51.8,-23.66,64.09,266,2.53,-0.58,1.67,-5.66,14.02,50.84,True
BEARDSELL,NSE,EQ,INE520H01022,2026-10-09,21.5,22.19,22.19,21.26,21.77,-1.24,21.7,13269,287891.52,30798.0,0.43,,24.72,26.85,-13.01,-19.93,False,29.19,36.53,20.3,-41.14,5.91,270,-1.24,-2.85,-13.2,-23.46,-13.69,-35.22,False
BECTORFOOD,NSE,EQ,INE495P01020,2026-10-09,205.41,208.0,208.67,204.52,205.64,-0.11,206.09,316616,65252384.41,994240.0,0.32,,218.8,361.19,-6.12,-43.13,False,35.97,1383.1,167.16,-85.15,22.88,270,-0.11,-3.58,-10.83,21.28,8.58,-83.67,False
BEDMUTHA,NSE,EQ,INE844K01012,2026-10-09,109.99,108.05,112.0,108.05,108.5,1.37,110.59,2204,243744.44,6075.0,0.36,,108.24,113.54,1.62,-3.12,False,54.22,141.3,98.24,-22.16,11.96,270,1.37,-0.31,1.84,1.17,-3.27,-18.81,False
BEEKAY,NSE,EQ,INE213D01015,2026-10-09,422.25,428.1,441.0,418.95,421.05,0.29,425.02,596,253310.8,3210.0,0.19,,423.72,419.1,-0.35,0.75,True,47.08,452.95,380.75,-6.78,10.9,120,0.29,-3.02,-1.25,1.51,,,False
BEL,NSE,EQ,INE263A01024,2026-10-09,368.15,367.3,371.4,360.5,367.3,0.23,366.59,17198740,6304959430.1,10512053.0,1.64,,396.75,407.84,-7.21,-9.73,False,30.03,468.45,367.3,-21.41,0.23,270,0.23,-3.9,-10.33,-11.26,-15.0,-8.86,False
BELLACASA,NSE,EQ,INE344T01014,2026-10-09,251.41,248.92,252.77,243.42,246.27,2.09,249.52,2592,646758.8,15698.0,0.17,,249.96,278.82,0.58,-9.83,False,49.68,471.7,222.69,-46.7,12.9,270,2.09,4.22,4.24,-1.77,-10.39,-33.69,False
BELRISE,NSE,EQ,INE894V01022,2026-10-09,234.17,236.2,238.38,230.95,234.8,-0.27,234.11,1718749,402382887.08,3009265.0,0.57,,236.22,213.1,-0.87,9.89,True,46.87,261.35,145.11,-10.4,61.37,270,-0.27,-1.4,3.08,1.13,20.58,48.71,False
BEML,NSE,EQ,INE258A01024,2026-10-09,1894.7,1924.5,1947.0,1875.6,1911.2,-0.86,1903.22,334232,636117339.2,293812.0,1.14,,1957.8,2078.07,-3.22,-8.82,False,40.29,4471.0,1369.4,-57.62,38.36,270,-0.86,-3.44,-10.02,1.72,19.46,-54.6,False
BENARAS,NSE,EQ,INE664D01019,2026-10-09,10211.0,10136.0,10250.0,10135.0,10200.0,0.11,10170.48,292,2969779.0,145.0,2.02,,10295.29,10226.09,-0.82,-0.15,True,46.62,11085.0,10122.0,-7.88,0.88,38,0.11,-0.37,-0.38,,,,False
BENGALASM,NSE,EQ,INE083K01017,2026-10-09,5961.5,5859.5,6056.0,5852.0,5901.5,1.02,5918.5,331,1959024.5,643.0,0.51,,6181.66,6162.82,-3.56,-3.27,True,43.82,7109.0,5772.0,-16.14,3.28,120,1.02,-2.08,-4.19,-5.1,,,False
BEPL,NSE,EQ,INE922A01025,2026-10-09,124.89,124.0,126.15,120.42,123.44,1.17,123.41,1665384,205529198.1,1112049.0,1.5,,123.09,108.49,1.47,15.12,True,48.47,133.84,77.3,-6.69,61.57,270,1.17,0.91,-6.69,21.09,40.01,23.03,False
BERGEPAINT,NSE,EQ,INE463A01038,2026-10-09,471.9,467.3,473.8,461.1,467.95,0.84,469.22,203201,95346695.65,430516.0,0.47,,480.53,496.82,-1.79,-5.02,False,51.55,590.1,404.5,-20.03,16.66,270,0.84,4.31,-1.57,-5.1,8.31,-8.4,False
BESTAGRO,NSE,EQ,INE052T01021,2026-10-09,16.78,16.72,17.15,16.62,16.88,-0.59,16.85,429934,7242629.08,530142.0,0.81,,18.22,77.05,-7.9,-78.22,False,35.74,451.65,12.3,-96.28,36.42,270,-0.59,-3.95,-14.39,8.26,7.08,-95.37,False
BETA,NSE,EQ,INE351Y01019,2026-10-09,1950.2,1910.0,1974.0,1703.1,1898.0,2.75,1814.58,158957,288439540.5,22798.0,6.97,,2115.07,1884.67,-7.8,3.48,True,38.27,2668.3,1030.3,-26.91,89.28,270,2.75,-5.94,-8.86,-17.6,34.34,7.17,False
BEWLTD,NSE,SM,INE0HQI01014,2026-10-09,58.85,56.7,59.3,56.0,56.7,3.79,57.94,24000,1390575.0,52325.0,0.46,,57.1,77.74,3.06,-24.3,False,52.93,144.8,48.1,-59.36,22.35,270,3.79,0.6,19.25,-3.6,-39.39,-57.69,True
BFINVEST,NSE,EQ,INE878K01010,2026-10-09,427.1,426.5,430.95,420.0,426.0,0.26,427.79,7047,3014616.05,15850.0,0.44,,444.98,437.98,-4.02,-2.48,True,39.11,535.25,317.7,-20.21,34.44,270,0.26,-0.37,-5.33,-12.34,11.2,-5.51,False
BFSI,NSE,EQ,INF769K01HI8,2026-10-09,25.97,25.6,26.06,25.6,25.6,1.45,25.99,289225,7516057.39,334322.0,0.87,,26.56,27.07,-2.24,-4.06,False,44.55,29.42,24.32,-11.73,6.78,270,1.45,1.76,-3.02,-6.78,-3.49,-3.46,False
BFUTILITIE,NSE,EQ,INE243D01012,2026-10-09,469.1,474.15,476.05,463.0,471.05,-0.41,468.82,42146,19758785.1,86288.0,0.49,,528.13,574.35,-11.18,-18.33,False,27.94,815.75,371.7,-42.49,26.2,270,-0.41,-7.06,-10.91,-18.95,7.0,-39.96,False
BGLOBAL,NSE,BZ,INE224M01013,2026-10-05,3.42,3.43,3.43,3.4,3.27,4.59,3.42,47281,161772.49,34056.0,1.39,,3.25,3.45,5.09,-0.77,False,58.92,4.42,2.69,-22.62,27.14,57,4.59,8.23,10.32,,,,False
BGRENERGY,NSE,BE,INE661I01014,2026-10-09,272.43,269.0,272.43,265.11,259.46,5.0,271.38,105983,28761539.85,74420.0,1.42,,258.87,284.34,5.24,-4.19,False,58.21,467.43,221.15,-41.72,23.19,270,5.0,13.65,5.98,-8.98,-4.43,14.22,False
BHADORA,NSE,ST,INE0ZRC01017,2026-10-09,154.85,149.95,154.85,147.0,147.5,4.98,150.22,61200,9193440.0,44160.0,1.39,,120.36,94.77,28.66,63.39,True,73.05,155.1,50.2,-0.16,208.47,265,4.98,5.16,35.12,76.17,161.13,44.92,True
BHAGCHEM,NSE,EQ,INE414D01027,2026-10-09,222.13,222.95,226.0,221.0,222.87,-0.33,223.82,150000,33572493.24,109755.0,1.37,,255.2,253.77,-12.96,-12.47,True,27.88,301.25,171.47,-26.26,29.54,270,-0.33,-5.94,-14.25,-24.93,-3.18,-13.18,False
BHAGERIA,NSE,EQ,INE354C01027,2026-10-09,364.9,370.0,383.7,358.0,367.0,-0.57,368.41,162959,60035470.7,252612.0,0.65,,303.45,227.22,20.25,60.59,True,56.98,406.45,128.54,-10.22,183.88,270,-0.57,-4.49,8.67,71.86,129.24,110.94,False
BHAGYANGR,NSE,BE,INE458B01036,2026-10-09,43.45,43.45,43.45,43.45,41.4,4.95,43.45,16567,719836.15,213793.0,0.08,,373.69,296.73,-88.37,-85.36,True,17.2,454.55,41.4,-90.44,4.95,270,4.95,-89.21,-88.92,-88.66,-73.14,-53.9,False
BHANDA-RE2,NSE,BE,INE474E20037,2026-03-16,0.02,0.03,0.03,0.01,0.02,0.0,0.02,2426369,59312.23,2308329.0,1.05,,0.09,0.11,-78.67,-81.06,False,,0.11,0.02,-81.82,0.0,7,0.0,-71.43,,,,,False
BHANDARI,NSE,EQ,INE474E01029,2026-10-09,2.79,2.83,2.83,2.76,2.76,1.09,2.8,118052,330859.01,115214.0,1.02,,2.93,3.3,-4.82,-15.58,False,35.3,4.9,2.03,-43.06,37.44,270,1.09,-1.06,-7.31,-5.1,-16.47,-39.74,False
BHARATCOAL,NSE,EQ,INE05XR01022,2026-10-09,31.12,31.31,31.45,31.0,31.31,-0.61,31.2,3235570,100938074.13,4625654.0,0.7,,33.41,35.82,-6.85,-13.12,False,35.25,42.55,29.95,-26.86,3.91,179,-0.61,-1.98,-7.13,-17.15,-7.6,,False
BHARATFORG,NSE,EQ,INE465A01025,2026-10-09,1816.9,1791.0,1818.8,1773.2,1790.6,1.47,1804.33,403807,728602622.9,764108.0,0.53,,1978.21,1850.98,-8.15,-1.84,True,35.41,2265.2,1191.0,-19.79,52.55,270,1.47,-3.1,-9.32,-14.18,1.99,49.86,False
BHARATGEAR,NSE,BE,INE561C01019,2026-10-09,105.13,105.05,108.0,102.0,105.73,-0.57,103.77,23610,2450106.71,13522.0,1.75,,105.1,108.66,0.03,-3.25,False,57.76,137.31,86.22,-23.44,21.93,270,-0.57,5.51,2.29,-13.82,6.26,-16.79,False
BHARATRAS,NSE,EQ,INE838B01021,2026-10-09,964.7,970.0,975.0,958.1,966.8,-0.22,963.12,13672,13167717.0,20266.0,0.67,,1165.48,2502.97,-17.23,-61.46,False,20.31,11768.0,964.7,-91.8,0.0,270,-0.22,-3.39,-16.8,-28.11,-32.78,-90.24,False
BHARATSE,NSE,EQ,INE415D01024,2026-10-09,210.18,200.95,228.61,197.29,200.84,4.65,216.12,2421267,523293618.03,242245.0,10.0,,215.09,199.73,-2.28,5.23,True,47.25,254.62,135.32,-17.45,55.32,270,4.65,2.7,-7.35,-12.98,18.93,16.8,False
BHARATWIRE,NSE,EQ,INE316L01019,2026-10-09,167.78,166.0,172.51,165.19,165.73,1.24,168.98,141715,23947706.29,168635.0,0.84,,178.55,188.02,-6.03,-10.77,False,45.45,252.83,153.96,-33.64,8.98,270,1.24,4.78,-4.77,-22.45,-2.36,-1.77,False
BHARTIARTL,NSE,EQ,INE397D01024,2026-10-09,1805.1,1804.6,1820.0,1801.4,1804.6,0.03,1808.21,3362523,6080145656.0,6285879.0,0.53,,1847.7,1892.7,-2.31,-4.63,False,46.64,2162.7,1741.1,-16.53,3.68,270,0.03,3.68,-2.11,-6.0,-3.04,-3.9,False
BHARTIHEXA,NSE,EQ,INE343G01021,2026-10-09,1531.9,1490.0,1534.9,1485.3,1500.7,2.08,1522.65,101028,153830490.5,216478.0,0.47,,1510.73,1573.45,1.4,-2.64,False,56.35,1914.3,1379.2,-19.98,11.07,270,2.08,11.07,-1.12,-4.54,-0.23,-7.71,False
BHEL,NSE,EQ,INE257A01026,2026-10-09,433.6,433.6,438.7,420.65,429.6,0.93,431.7,11017851,4756354929.85,8664006.0,1.27,,421.05,363.69,2.98,19.22,True,53.52,452.0,230.94,-4.07,87.75,270,0.93,2.99,2.71,9.7,63.19,81.84,False
BI,NSE,BE,INE986A01012,2026-10-09,94.72,94.72,94.72,94.69,92.87,1.99,94.72,8635,817890.43,22363.0,0.39,,89.28,73.36,6.09,29.12,True,49.44,109.17,56.18,-13.24,68.6,120,1.99,-2.05,-1.45,50.21,,,False
BIGBLOC,NSE,EQ,INE412U01025,2026-10-09,35.46,35.8,36.7,34.1,34.63,2.4,35.49,57654,2046196.5,43404.0,1.33,,41.46,48.77,-14.46,-27.29,False,29.93,78.02,34.63,-54.55,2.4,270,2.4,-8.56,-13.91,-25.77,-28.62,-37.15,False
BIKAJI,NSE,EQ,INE00E101023,2026-10-09,472.05,468.65,476.9,464.5,468.65,0.73,469.27,120318,56461144.75,469675.0,0.26,,568.55,638.25,-16.97,-26.04,False,26.44,759.45,468.65,-37.84,0.73,270,0.73,-6.35,-19.13,-26.62,-26.2,-36.57,False
BIKEWO,NSE,ST,INE0SQH01013,2026-10-09,128.05,127.95,128.05,127.95,128.0,0.04,128.01,36000,4608400.0,57500.0,0.63,,101.88,57.99,25.69,120.83,True,70.14,128.05,14.3,0.0,795.45,259,0.04,4.96,22.42,151.82,573.95,617.37,True
BIL,NSE,EQ,INE828A01016,2026-10-09,1042.1,1048.0,1078.55,1036.05,1048.55,-0.62,1052.96,8461,8909060.8,13965.0,0.61,,944.66,833.86,10.32,24.97,True,58.17,1108.2,613.15,-5.96,69.96,270,-0.62,5.52,11.23,42.78,37.6,23.61,False
BILVYAPAR,NSE,BE,INE071A01013,2026-10-09,4.35,4.25,4.35,4.18,4.15,4.82,4.26,21236,90554.67,7324.0,2.9,,4.22,6.03,3.04,-27.85,False,56.49,13.91,3.9,-68.73,11.54,245,4.82,3.33,6.1,3.82,-33.99,,False
BIMETAL,NSE,EQ,INE469A01019,2026-10-09,627.8,638.0,650.5,626.0,638.0,-1.6,633.31,257,162760.8,457.0,0.56,,641.73,625.54,-2.17,0.36,True,43.56,714.85,552.0,-12.18,13.73,120,-1.6,-1.91,2.5,-8.84,,,False
BIOCON,NSE,EQ,INE376G01013,2026-10-09,349.4,349.55,351.0,343.95,350.0,-0.17,347.45,1890577,656875677.0,3058762.0,0.62,,392.07,394.87,-10.88,-11.51,False,23.74,440.7,340.05,-20.72,2.75,270,-0.17,-5.75,-10.94,-16.51,-0.11,2.46,False
BIOFILCHEM,NSE,EQ,INE829A01014,2026-10-09,30.15,29.52,30.75,29.16,29.52,2.13,30.25,5201,157330.49,53858.0,0.1,,32.02,33.89,-5.84,-11.04,False,41.44,46.34,25.79,-34.94,16.91,270,2.13,2.87,-4.35,-11.48,-8.86,-27.59,False
BIOPOL,NSE,SM,INE0XW001014,2026-10-09,52.0,49.5,52.0,49.5,49.9,4.21,51.17,3600,184200.0,31560.0,0.11,,64.16,88.27,-18.96,-41.09,False,45.34,128.0,41.55,-59.38,25.15,159,4.21,1.36,9.94,-43.6,-47.47,,True
BIRDYS,NSE,SM,INE0PC901019,2026-10-08,77.0,77.0,77.0,77.0,79.0,-2.53,77.0,1200,92400.0,59400.0,0.02,,104.28,116.85,-26.16,-34.1,False,28.13,151.9,77.0,-49.31,0.0,119,-2.53,-14.35,-37.73,-36.36,,,True
BIRET,NSE,BL,INE0FDU25010,2026-04-24,324.21,324.21,324.21,324.21,275.0,17.89,324.21,773994,250936594.74,773994.0,1.0,,324.21,324.21,0.0,0.0,False,,324.21,324.21,0.0,0.0,1,,,,,,,False
BIRLACABLE,NSE,EQ,INE800A01015,2026-10-09,385.2,369.0,385.2,357.75,366.9,4.99,380.48,381833,145277987.4,525714.0,0.73,,327.74,230.62,17.53,67.03,True,57.36,409.5,104.3,-5.93,269.32,270,4.99,0.57,13.33,103.38,206.47,142.23,False
BIRLACORPN,NSE,EQ,INE340A01012,2026-10-09,817.3,814.0,824.0,793.65,794.85,2.82,811.46,51817,42047326.7,56734.0,0.91,,862.6,963.32,-5.25,-15.16,False,43.28,1217.1,782.4,-32.85,4.46,270,2.82,-1.41,-4.33,-15.33,-12.16,-32.98,False
BIRLAMONEY,NSE,EQ,INE865C01022,2026-10-09,115.34,113.14,116.59,110.15,113.14,1.94,114.48,18195,2083000.56,28319.0,0.64,,123.56,135.68,-6.66,-14.99,False,41.71,175.85,96.73,-34.41,19.24,270,1.94,2.23,-7.62,-23.06,-7.74,-32.51,False
BIRLANU,NSE,EQ,INE557A01011,2026-10-09,1308.1,1288.0,1316.0,1260.1,1284.7,1.82,1290.96,8717,11253256.5,15666.0,0.56,,1411.73,1490.64,-7.34,-12.25,False,35.22,1991.2,1201.5,-34.31,8.87,270,1.82,-5.97,-8.73,-0.88,-9.89,-32.14,False
BIRLAPREC,NSE,BE,INE372E01025,2026-10-09,55.2,55.9,56.8,54.55,56.17,-1.73,55.38,37047,2051802.29,118505.0,0.31,,50.04,41.23,10.31,33.9,True,53.59,61.43,33.35,-10.14,65.52,120,-1.73,-1.36,1.28,50.08,,,False
BLACKBUCK,NSE,EQ,INE0UIZ01018,2026-10-09,592.05,589.4,599.0,585.75,587.6,0.76,590.84,165708,97907121.55,885546.0,0.19,,593.09,586.15,-0.18,1.01,True,47.02,733.5,500.2,-19.28,18.36,270,0.76,-2.33,3.25,2.27,1.51,-4.95,False
BLACKROSE,NSE,EQ,INE761G01016,2026-10-09,107.3,109.22,110.9,106.45,107.27,0.03,107.75,12558,1353168.82,32776.0,0.38,,109.69,99.24,-2.18,8.12,True,44.03,125.93,83.25,-14.79,28.89,120,0.03,-2.85,-4.43,-0.7,,,False
BLAL,NSE,EQ,INE0N7W01012,2026-10-09,157.25,156.27,158.57,152.01,156.16,0.7,155.15,17032,2642439.06,17674.0,0.96,,165.47,181.66,-4.97,-13.44,False,36.87,215.58,155.74,-27.06,0.97,270,0.7,-0.37,-2.88,-14.2,-7.72,-27.0,False
BLBLIMITED,NSE,EQ,INE791A01024,2026-10-09,16.72,16.69,17.0,16.6,16.69,0.18,16.83,61609,1036649.42,154884.0,0.4,,16.38,16.12,2.07,3.69,True,53.38,20.48,12.68,-18.36,31.86,270,0.18,0.48,-0.95,4.63,-1.3,-0.3,False
BLEL,NSE,EQ,INE1EEM01017,2026-10-09,495.6,488.5,502.6,471.4,486.95,1.78,489.39,880475,430896223.8,1605911.0,0.55,,474.66,490.58,4.41,1.02,False,57.41,514.4,428.4,-3.65,15.69,36,1.78,5.91,9.88,,,,False
BLIL,NSE,EQ,INE525F01025,2026-10-09,64.56,64.92,65.68,64.31,64.92,-0.55,64.71,53991,3493910.72,76803.0,0.7,,68.57,71.15,-5.85,-9.27,False,25.8,77.53,64.5,-16.73,0.09,120,-0.55,-0.69,-10.87,-8.32,,,False
BLISSGVS,NSE,BE,INE416D01022,2026-10-09,655.95,667.1,667.1,634.35,667.7,-1.76,651.85,158247,103152880.45,361294.0,0.44,,622.0,428.06,5.46,53.24,True,48.07,737.65,127.9,-11.08,412.86,270,-1.76,-4.04,-9.19,25.11,159.77,330.24,False
BLKASHYAP,NSE,EQ,INE350H01032,2026-10-09,55.27,52.14,57.24,50.48,52.14,6.0,54.29,1149698,62421248.8,536779.0,2.14,,53.8,54.78,2.74,0.9,False,55.08,63.1,42.81,-12.41,29.11,270,6.0,10.03,-2.69,0.02,14.24,-7.56,False
BLS,NSE,EQ,INE153T01027,2026-10-09,216.23,216.2,218.28,213.74,215.08,0.53,216.69,401006,86892950.27,740385.0,0.54,,234.82,265.41,-7.91,-18.53,False,35.94,351.4,215.08,-38.47,0.53,270,0.53,-0.13,-9.03,-8.82,-27.41,-32.91,False
BLSE,NSE,EQ,INE0NLT01028,2026-10-09,149.35,157.55,158.9,147.55,157.55,-5.2,152.22,1192487,181515514.25,474586.0,2.51,,285.06,242.9,-47.61,-38.51,True,11.6,328.6,128.58,-54.55,16.15,270,-5.2,-53.63,-53.63,-43.27,-9.58,-18.48,False
BLUECHIP,NSE,BE,INE657B01025,2026-10-05,1.95,1.95,1.95,1.95,1.98,-1.52,1.95,1020,1989.0,14692.0,0.07,,2.02,2.75,-3.4,-29.12,False,45.98,4.32,1.66,-54.86,17.47,137,-1.52,-8.88,15.38,3.17,-43.97,,False
BLUECLOUDS,NSE,EQ,INE373T01047,2026-10-09,19.86,20.04,20.14,19.26,19.96,-0.5,19.72,4438466,87539216.77,9921809.0,0.45,,20.54,21.35,-3.33,-7.0,False,54.4,22.98,19.07,-13.58,4.14,38,-0.5,-0.1,0.56,,,,False
BLUECOAST,NSE,EQ,INE472B01011,2026-10-09,21.27,22.0,22.6,20.0,20.63,3.1,22.08,956,21108.6,1731.0,0.55,,22.99,29.5,-7.49,-27.9,False,46.11,64.06,19.34,-66.8,9.98,270,3.1,-3.32,-3.76,-21.8,-2.7,-66.57,False
BLUEDART,NSE,EQ,INE233B01017,2026-10-09,4560.4,4556.1,4586.1,4481.2,4557.0,0.07,4553.23,46400,211270005.9,15920.0,2.91,,4836.14,5116.16,-5.7,-10.86,False,31.68,6694.0,4496.8,-31.87,1.41,270,0.07,1.41,-8.56,-7.28,-9.44,-20.04,False
BLUEJET,NSE,EQ,INE0KBH01020,2026-10-09,514.6,518.55,527.9,512.5,518.55,-0.76,517.91,190639,98734114.2,415998.0,0.46,,560.74,542.91,-8.23,-5.21,True,29.83,682.35,327.25,-24.58,57.25,270,-0.76,-5.02,-11.5,-17.54,37.41,-18.34,False
BLUEPEBBLE,NSE,ST,INE0SAK01011,2026-10-08,67.0,66.5,67.0,66.5,67.0,0.0,66.83,1200,80200.0,3380.0,0.36,,73.6,100.32,-8.97,-33.21,False,41.06,186.5,62.95,-64.08,6.43,258,0.0,-2.69,-2.97,-10.67,-41.74,-63.67,True
BLUESTARCO,NSE,EQ,INE472A01039,2026-10-09,1574.0,1539.9,1589.0,1534.6,1519.0,3.62,1568.42,545619,855759980.6,672131.0,0.81,,1543.55,1666.38,1.97,-5.54,False,55.16,2016.7,1445.3,-21.95,8.9,270,3.62,7.84,7.74,-5.29,-2.8,-16.32,False
BLUESTONE,NSE,EQ,INE304W01038,2026-10-09,817.65,806.0,829.75,794.05,799.25,2.3,818.41,702082,574593915.15,1775058.0,0.4,,795.43,658.31,2.79,24.21,True,49.86,930.4,403.45,-12.12,102.66,270,2.3,3.77,-5.88,40.8,78.41,36.35,False
BLUEWATER,NSE,ST,INE0X3M01010,2026-10-09,524.8,544.95,547.0,496.15,522.25,0.49,505.39,36000,18194050.0,25350.0,1.42,,476.45,332.32,10.15,57.92,True,53.85,580.0,134.35,-9.52,290.62,261,0.49,-9.44,11.39,41.88,249.63,250.1,True
BLUSPRING,NSE,EQ,INE0U4101014,2026-10-09,146.96,136.3,153.0,136.3,135.79,8.23,145.53,1090575,158709033.39,469330.0,2.32,,128.44,99.53,14.42,47.65,True,59.24,149.44,44.72,-1.66,228.62,270,8.23,-0.58,18.89,30.01,131.76,93.34,False
BMETRICS,NSE,SM,INE0I3Y01014,2026-10-09,35.0,35.05,35.05,35.0,35.05,-0.14,35.01,4800,168040.0,7440.0,0.65,,36.3,39.67,-3.59,-11.76,False,46.85,53.45,31.05,-34.52,12.72,227,-0.14,-4.37,-0.43,-0.57,-7.04,,True
BMISL,NSE,ST,INE2OKU01014,2026-10-09,139.1,133.8,139.1,133.0,132.5,4.98,137.52,117600,16172820.0,574560.0,0.2,,117.69,116.07,18.19,19.84,True,,139.1,115.5,0.0,20.43,5,4.98,,,,,,True
BMLL,NSE,SM,INE1BKA01015,2026-10-09,153.0,155.0,157.45,153.0,155.0,-1.29,155.15,3000,465450.0,24400.0,0.12,,153.82,134.95,-0.53,13.38,True,45.14,177.0,106.15,-13.56,44.14,89,-1.29,-1.51,-5.73,9.64,,,True
BMWVENTLTD,NSE,EQ,INE965W01036,2026-10-09,57.95,50.01,59.66,50.01,49.72,16.55,56.1,1739109,97558339.36,208794.0,8.33,,54.23,58.69,6.85,-1.26,False,66.98,74.1,48.67,-21.79,19.07,252,16.55,14.01,5.75,-1.48,-0.67,,False
BNAGROCHEM,NSE,EQ,INE00HZ01011,2026-10-09,179.56,209.65,210.5,179.46,199.39,-9.95,187.49,7307,1370024.19,38343.0,0.19,,228.48,250.39,-21.41,-28.29,False,30.46,376.0,179.56,-52.24,0.0,119,-9.95,-21.19,-15.88,-36.33,,,False
BNALTD,NSE,BE,INE489D01011,2026-10-08,363.0,358.05,363.0,358.05,368.0,-1.36,358.07,304,108852.15,835.0,0.36,,383.33,398.08,-5.3,-8.81,False,44.6,539.55,325.05,-32.72,11.68,97,-1.36,-0.55,-6.2,7.97,,,False
BNKETFAXIS,NSE,EQ,INF846K01X63,2026-10-09,570.92,568.99,571.57,568.51,561.85,1.61,569.39,6143,3497735.83,2551.0,2.41,,581.96,591.81,-1.9,-3.53,False,45.8,602.18,561.85,-5.19,1.61,68,1.61,-0.05,-2.45,-3.41,,,False
BODALCHEM,NSE,BE,INE338D01028,2026-10-09,172.59,177.99,179.9,166.21,174.95,-1.35,170.74,487569,83247255.54,1831817.0,0.27,,145.54,92.37,18.58,86.86,True,51.81,202.02,43.45,-14.57,297.22,270,-1.35,-9.04,-6.23,196.95,167.0,179.59,False
BOHRAIND,NSE,EQ,INE802W01023,2026-10-09,14.37,14.6,14.6,14.26,14.23,0.98,14.36,833,11963.16,16838.0,0.05,,14.18,16.46,1.32,-12.68,False,52.17,22.86,12.35,-37.14,16.36,269,0.98,-2.51,10.54,2.5,-21.35,-37.98,False
BOMDYEING,NSE,EQ,INE032A01023,2026-10-09,97.11,98.46,99.59,95.4,97.73,-0.63,97.09,627287,60902535.58,459221.0,1.37,,111.11,123.64,-12.6,-21.46,False,25.0,177.74,92.71,-45.36,4.75,270,-0.63,-5.38,-15.02,-23.99,-9.34,-41.24,False
BONLON,NSE,EQ,INE0B9A01018,2026-10-09,39.98,39.0,40.92,39.0,39.33,1.65,39.73,3997,158803.57,12947.0,0.31,,40.56,43.02,-1.44,-7.06,False,49.22,55.7,36.01,-28.22,11.02,156,1.65,0.03,-2.2,-4.15,2.51,,False
BORANA,NSE,EQ,INE16SF01016,2026-10-09,258.2,256.55,261.95,249.25,259.8,-0.62,257.11,26971,6934486.9,31991.0,0.84,,299.72,307.69,-13.85,-16.08,False,24.99,415.4,219.44,-37.84,17.66,270,-0.62,-5.4,-19.3,-14.9,-24.34,14.92,False
BOROLTD,NSE,EQ,INE02PY01013,2026-10-09,270.2,269.75,276.0,268.6,269.15,0.39,271.62,97998,26618447.65,425755.0,0.23,,258.69,260.31,4.45,3.8,False,52.24,354.85,215.6,-23.86,25.32,270,0.39,-3.57,5.74,16.48,8.59,-21.96,False
BORORENEW,NSE,EQ,INE666D01022,2026-10-09,430.4,430.1,436.8,425.65,430.1,0.07,431.5,158004,68178837.85,418636.0,0.38,,494.54,527.28,-12.97,-18.37,False,28.3,699.3,377.0,-38.45,14.16,270,0.07,-4.27,-14.49,-32.81,-3.97,-24.89,False
BOROSCI,NSE,EQ,INE02L001032,2026-10-09,107.27,108.88,111.85,105.64,108.11,-0.78,107.73,80719,8695699.34,95533.0,0.84,,125.47,131.22,-14.51,-18.25,False,25.22,173.52,100.97,-38.18,6.24,270,-0.78,-4.83,-17.25,-32.18,-6.7,-15.8,False
BOSCH-HCIL,NSE,EQ,INE782A01015,2026-10-09,1980.2,1943.8,1997.0,1937.2,1943.8,1.87,1973.21,51134,100897903.2,59924.0,0.85,,1730.06,1523.33,14.46,29.99,True,66.06,1998.2,1049.1,-0.9,88.75,195,1.87,0.66,10.38,46.84,55.14,,False
BOSCHLTD,NSE,EQ,INE323A01026,2026-10-09,43545.0,43155.0,43585.0,42675.0,43155.0,0.9,43272.2,27986,1211015795.0,23964.0,1.17,,45679.65,41366.93,-4.67,5.27,True,35.71,50000.0,28745.0,-12.91,51.49,270,0.9,-4.25,-10.74,4.14,21.18,14.16,False
BOSS,NSE,ST,INE0QNI01012,2026-10-09,55.95,55.95,55.95,55.95,56.9,-1.67,55.95,4000,223800.0,6400.0,0.62,,52.03,46.52,7.52,20.27,True,50.99,60.1,33.35,-6.91,67.77,152,-1.67,-4.52,5.67,40.23,28.62,,True
BPCL,NSE,EQ,INE029A01011,2026-10-09,287.8,287.9,289.4,283.75,286.25,0.54,286.3,2382763,682180006.35,4875758.0,0.49,,307.24,316.49,-6.33,-9.07,False,33.82,388.3,271.3,-25.88,6.08,270,0.54,-4.26,-5.28,-7.09,-3.46,-15.27,False
BPL,NSE,EQ,INE110A01019,2026-10-09,42.21,42.25,43.39,42.05,42.5,-0.68,42.53,22336,950052.5,49916.0,0.45,,48.1,55.38,-12.25,-23.78,False,23.54,81.06,38.17,-47.93,10.58,270,-0.68,-6.8,-13.24,-27.34,-11.99,-45.13,False
BPLPHARMA,NSE,EQ,INE365Y01019,2026-10-09,1864.0,1909.9,1950.0,1830.2,1892.8,-1.52,1897.54,10131,19223929.1,17772.0,0.57,,1580.79,1401.22,17.92,33.03,True,58.15,2149.8,1264.8,-13.29,47.38,38,-1.52,8.35,18.82,,,,False
BRACEPORT,NSE,SM,INE0R4Z01018,2026-10-09,64.0,64.45,65.4,64.0,62.05,3.14,64.56,9600,619760.0,16320.0,0.59,,61.75,65.68,3.64,-2.56,False,52.72,96.15,46.25,-33.44,38.38,231,3.14,-0.47,16.89,16.36,-8.57,,True
BRAHMINFRA,NSE,EQ,INE320I01017,2026-10-09,142.72,143.23,149.9,139.21,140.49,1.59,145.29,28164,4091830.51,17843.0,1.58,,157.21,166.0,-9.21,-14.02,False,43.96,176.78,140.49,-19.27,1.59,38,1.59,-4.12,-10.31,,,,False
BRANDMAN,NSE,SM,INE0XUD01014,2026-10-09,186.05,173.3,188.0,173.3,169.1,10.02,180.74,24000,4337640.0,10840.0,2.21,,169.81,177.01,9.56,5.11,False,66.91,236.65,112.45,-21.38,65.45,162,10.02,13.48,7.95,-3.3,13.38,,True
BRIGADE,NSE,EQ,INE791I01019,2026-10-09,548.8,550.0,552.85,543.85,547.2,0.29,548.4,160130,87815066.95,275739.0,0.58,,603.53,678.36,-9.07,-19.1,False,32.4,1041.4,500.65,-47.3,9.62,270,0.29,-3.64,-20.12,-4.49,-23.57,-38.75,False
BRIGHOTEL,NSE,EQ,INE03NU01014,2026-10-09,55.48,56.0,56.56,54.6,55.6,-0.22,55.42,51234,2839549.54,96402.0,0.53,,58.1,63.52,-4.52,-12.65,False,36.0,83.88,55.48,-33.86,0.0,270,-0.22,-2.56,-2.91,-13.23,-13.0,-32.47,False
BRIGHTBR,NSE,EQ,INE630D01010,2026-10-09,222.4,229.0,241.95,221.15,228.0,-2.46,223.48,325,72632.3,1690.0,0.19,,243.14,236.99,-8.53,-6.15,True,49.52,263.83,222.4,-15.7,0.0,38,-2.46,-8.04,-14.21,,,,False
BRITANNIA,NSE,EQ,INE216A01030,2026-10-09,4825.0,4769.8,4856.0,4760.1,4745.6,1.67,4823.15,106346,512922503.0,253542.0,0.42,,5086.99,5447.01,-5.15,-11.42,False,39.55,6185.0,4745.6,-21.99,1.67,270,1.67,0.98,-4.72,-9.86,-13.75,-19.46,False
BRNL,NSE,EQ,INE727S01012,2026-10-09,15.45,15.25,15.82,15.25,15.6,-0.96,15.43,26396,407323.61,24901.0,1.06,,16.87,18.76,-8.41,-17.66,False,27.5,25.62,15.45,-39.7,0.0,270,-0.96,-3.62,-9.75,-15.06,-24.08,-32.41,False
BROOKS,NSE,EQ,INE650L01011,2026-10-09,70.13,74.9,75.6,69.31,69.46,0.96,73.2,1060555,77630239.1,170227.0,6.23,,62.14,73.03,12.86,-3.97,False,66.46,135.34,37.11,-48.18,88.98,270,0.96,27.97,10.79,-0.44,-2.23,-47.76,False
BSE,NSE,EQ,INE118H01025,2026-10-09,3287.2,3330.0,3348.8,3262.8,3334.8,-1.43,3300.9,3243473,10706369186.1,5778760.0,0.56,,3346.87,3286.3,-1.78,0.03,True,50.93,4403.3,2081.4,-25.35,57.93,270,-1.43,7.92,-3.15,-13.76,3.91,61.12,False
BSE500IETF,NSE,EQ,INF109KC1V59,2026-10-09,37.06,37.41,37.41,35.77,36.5,1.53,37.03,594335,22008810.12,325142.0,1.83,,38.55,38.78,-3.85,-4.43,False,35.74,40.63,34.66,-8.79,6.92,270,1.53,-0.3,-5.44,-5.8,-0.62,-3.54,False
BSHSL,NSE,EQ,INE032Z01020,2026-10-09,83.58,83.95,84.3,79.2,78.36,6.66,82.41,13998,1153644.88,7008.0,2.0,,86.76,95.14,-3.67,-12.15,False,46.03,127.19,60.7,-34.29,37.69,270,6.66,-0.44,-8.33,-4.33,-22.46,-34.02,False
BSL,NSE,EQ,INE594B01012,2026-10-09,121.33,119.99,123.99,119.5,119.57,1.47,121.04,4083,494202.18,3171.0,1.29,,122.03,131.75,-0.57,-7.91,False,51.35,203.29,102.79,-40.32,18.04,270,1.47,2.65,-1.62,-5.2,2.97,-23.76,False
BSLGOLDETF,NSE,EQ,INF209KB18D3,2026-10-09,130.37,129.26,130.75,129.26,128.62,1.36,130.32,332692,43356536.04,678843.0,0.49,,131.62,127.32,-0.95,2.4,True,45.92,153.71,101.77,-15.18,28.1,270,1.36,0.87,-2.69,3.74,-1.37,27.75,False
BSLNIFTY,NSE,EQ,INF209KB19D1,2026-10-09,26.5,25.8,26.77,25.8,26.15,1.34,26.47,1036800,27446811.16,1620809.0,0.64,,27.55,28.2,-3.81,-6.04,False,36.01,30.6,25.99,-13.4,1.96,270,1.34,0.26,-4.95,-6.36,-5.15,-7.25,False
BSLSENETFG,NSE,EQ,INF209KB10E8,2026-10-09,73.36,73.0,73.36,72.46,72.28,1.49,72.95,896,65360.71,4357.0,0.21,,75.79,77.96,-3.2,-5.9,False,40.74,85.92,72.28,-14.62,1.49,270,1.49,0.74,-4.15,-5.86,-5.59,-8.69,False
BSOFT,NSE,EQ,INE836A01035,2026-10-09,285.3,273.95,288.7,273.95,271.8,4.97,284.16,3547369,1008026257.15,1839230.0,1.93,,288.39,327.47,-1.07,-12.88,False,53.31,465.5,269.05,-38.71,6.04,270,4.97,5.76,1.3,-1.67,-23.01,-19.17,False
BTML,NSE,EQ,INE0EEJ01023,2026-10-09,7.02,6.99,7.17,6.8,6.88,2.03,6.96,277386,1929421.61,445450.0,0.62,,7.38,7.35,-4.91,-4.51,True,43.56,9.13,5.46,-23.11,28.57,270,2.03,-0.99,-12.47,10.73,11.25,-23.03,False
BTTL,NSE,BE,INE274K01012,2026-10-09,38.42,37.1,39.4,37.1,39.0,-1.49,38.49,1509,58083.41,4745.0,0.32,,41.71,40.34,-7.89,-4.76,True,40.0,57.0,32.57,-32.6,17.96,120,-1.49,-2.73,-9.3,-29.28,,,False
BUILDPRO,NSE,EQ,INE24OJ01029,2026-10-09,246.5,247.5,249.0,241.1,250.2,-1.48,245.93,178792,43969556.8,101959.0,1.75,,1174.57,1084.9,-79.01,-77.28,True,10.28,1347.8,246.5,-81.71,0.0,184,-1.48,-80.27,-81.05,-80.29,-77.81,,False
BULKCORP,NSE,ST,INE0SZ301012,2026-10-09,79.3,79.95,79.95,79.3,79.1,0.25,79.63,13200,1051080.0,5700.0,2.32,,72.71,64.48,9.07,22.98,True,53.08,86.5,38.95,-8.32,103.59,190,0.25,-0.69,1.67,57.03,40.98,,True
BURNPUR,NSE,BE,INE817H01022,2026-10-09,13.5,13.45,13.66,13.14,13.66,-1.17,13.43,16740,224796.49,35686.0,0.47,,16.82,19.6,-19.74,-31.13,False,34.34,21.56,12.15,-37.38,11.11,42,-1.17,7.48,-30.66,,,,False
BUTTERFLY,NSE,EQ,INE295F01017,2026-10-09,542.45,538.3,547.0,533.05,538.3,0.77,538.66,5520,2973425.75,20568.0,0.27,,606.61,647.1,-10.58,-16.17,False,25.07,780.2,538.3,-30.47,0.77,270,0.77,-1.46,-11.73,-25.86,-14.02,-20.78,False
BVCL,NSE,EQ,INE139I01011,2026-10-09,40.15,40.6,40.99,39.5,41.15,-2.43,40.61,14547,590773.9,18124.0,0.8,,41.71,43.29,-3.74,-7.26,False,42.33,51.87,32.08,-22.59,25.16,270,-2.43,-3.0,-5.93,-6.45,-3.28,-17.4,False
BYKE,NSE,EQ,INE319B01014,2026-10-09,29.88,30.0,30.4,29.05,29.5,1.29,30.01,64814,1945209.84,32090.0,2.02,,31.17,39.03,-4.14,-23.45,False,45.78,69.49,27.09,-57.0,10.3,270,1.29,3.71,-6.33,-12.5,-22.33,-54.33,False
C2C,NSE,SM,INE0U7V01015,2026-10-09,173.65,177.15,180.0,169.05,175.2,-0.88,173.4,53550,9285727.5,155760.0,0.34,,227.28,368.28,-23.6,-52.85,False,38.85,694.8,162.15,-75.01,7.09,270,-0.88,-8.19,-18.44,-55.77,-62.56,-74.65,True
CADSYS,NSE,SM,INE090Y01013,2026-10-07,37.95,37.95,37.95,37.95,37.95,0.0,37.95,500,18975.0,1400.0,0.36,,53.11,56.74,-28.55,-33.11,False,20.69,72.0,36.55,-47.29,3.83,149,0.0,-17.5,-45.4,-20.94,-43.36,,True
CALSOFT,NSE,BE,INE526B01014,2026-10-09,32.63,33.16,34.04,32.54,34.25,-4.73,32.92,195913,6450197.78,215456.0,0.91,,32.69,23.83,-0.17,36.95,True,43.86,43.13,11.41,-24.35,185.98,270,-4.73,-10.38,-11.81,46.32,183.49,131.58,False
CAMLINFINE,NSE,EQ,INE052I01032,2026-10-09,89.98,89.34,90.5,88.16,88.84,1.28,89.35,381235,34065174.59,625163.0,0.61,,104.02,128.55,-13.5,-30.01,False,33.69,203.51,88.84,-55.79,1.28,270,1.28,-1.13,-13.61,-29.99,-17.74,-53.91,False
CAMPUS,NSE,EQ,INE278Y01022,2026-10-09,197.0,199.0,200.0,195.78,199.0,-1.01,197.07,517804,102045481.66,376709.0,1.37,,215.87,235.48,-8.74,-16.34,False,24.74,285.4,197.0,-30.97,0.0,270,-1.01,-4.29,-9.14,-14.75,-19.13,-26.93,False
CAMS,NSE,EQ,INE596I01020,2026-10-09,672.5,665.05,675.0,660.8,662.5,1.51,668.84,1069377,715243713.55,1242233.0,0.86,,725.41,1131.29,-7.29,-40.55,False,37.88,4014.5,622.45,-83.25,8.04,270,1.51,-0.7,-7.81,-14.93,-4.59,-82.11,False
CANARYS,NSE,SM,INE0QG301017,2026-10-09,27.0,27.0,27.15,27.0,27.0,0.0,27.05,12000,324600.0,161200.0,0.07,,25.29,24.12,6.76,11.95,True,51.35,33.45,15.05,-19.28,79.4,268,0.0,-1.64,8.43,42.11,27.06,-13.32,True
CANBK,NSE,EQ,INE476A01022,2026-10-09,119.59,117.99,119.95,117.38,117.35,1.91,119.15,9660573,1151032135.07,13308141.0,0.73,,124.36,129.43,-3.84,-7.6,False,41.08,158.93,117.35,-24.75,1.91,270,1.91,1.04,-4.08,-7.14,-14.08,-3.33,False
CANFINHOME,NSE,EQ,INE477A01020,2026-10-09,718.15,722.7,729.6,716.45,723.75,-0.77,721.99,117601,84907273.1,274993.0,0.43,,780.6,825.15,-8.0,-12.97,False,31.82,950.2,711.0,-24.42,1.01,270,-0.77,1.01,-9.96,-22.07,-14.0,-5.9,False
CANHLIFE,NSE,EQ,INE01TY01017,2026-10-09,139.22,143.77,143.87,138.51,145.56,-4.36,141.01,824787,116305383.12,939719.0,0.88,,149.04,142.33,-6.59,-2.18,True,32.36,157.23,108.62,-11.45,28.17,241,-4.36,-3.22,-9.69,-3.34,-4.86,,False
CANTABIL,NSE,EQ,INE068L01024,2026-10-09,238.23,234.0,239.84,230.6,232.76,2.35,236.12,169058,39918443.79,124432.0,1.36,,237.13,244.02,0.47,-2.37,False,53.8,311.0,210.83,-23.4,13.0,270,2.35,6.04,0.57,-5.17,3.11,-4.88,False
CAPACITE,NSE,EQ,INE264T01014,2026-10-09,172.56,177.36,179.83,171.35,177.19,-2.61,175.43,398001,69821646.77,279367.0,1.42,,200.44,228.53,-13.91,-24.49,False,29.97,306.95,172.56,-43.78,0.0,270,-2.61,-4.31,-13.6,-28.1,-24.83,-40.31,False
CAPILLARY,NSE,EQ,INE0ILV01024,2026-10-09,566.65,559.9,568.7,551.0,553.8,2.32,562.59,116005,65263080.7,452358.0,0.26,,524.62,538.92,8.01,5.15,False,57.83,732.15,448.95,-22.6,26.22,218,2.32,2.15,23.04,12.68,9.52,,False
CAPINVIT,NSE,BL,INE0Z8Z23013,2025-12-24,72.6,72.6,72.6,72.6,73.05,-0.62,72.6,3457814,251037296.4,3458907.0,1.0,,73.03,73.05,-0.59,-0.61,False,,73.05,72.6,-0.62,0.0,2,-0.62,,,,,,False
CAPITALSFB,NSE,EQ,INE646H01017,2026-10-09,269.2,272.0,275.95,264.05,268.95,0.09,268.02,12269,3288318.45,40293.0,0.3,,280.85,279.23,-4.15,-3.59,True,42.22,305.25,218.9,-11.81,22.98,270,0.09,-2.99,-2.82,-8.51,1.52,-2.6,False
CAPLIPOINT,NSE,EQ,INE475E01026,2026-10-09,2460.8,2541.0,2576.4,2431.1,2548.8,-3.45,2478.96,188948,468395191.8,199677.0,0.95,,2625.57,2303.63,-6.28,6.82,True,36.2,2867.4,1504.8,-14.18,63.53,270,-3.45,-6.5,-11.17,-4.75,48.21,25.16,False
CAPTRU-RE1,NSE,BE,INE707C20026,2025-11-07,4.42,4.25,5.68,4.06,5.37,-17.69,4.76,146774,698413.45,95005.0,1.54,,7.81,8.56,-43.39,-48.36,False,,8.87,4.42,-50.17,0.0,13,-17.69,-40.83,,,,,False
CAPTRUST,NSE,BE,INE707C01018,2026-10-09,23.54,22.62,23.54,22.62,23.08,1.99,23.41,54035,1265218.24,40049.0,1.35,,18.92,18.63,24.43,26.35,True,73.26,44.87,11.0,-47.54,114.0,270,1.99,23.44,20.9,90.3,83.05,-37.44,False
CARBORUNIV,NSE,EQ,INE120A01034,2026-10-09,1202.6,1205.0,1225.7,1182.4,1209.4,-0.56,1202.58,171054,205705342.2,653986.0,0.26,,1156.38,1039.44,4.0,15.7,True,51.99,1296.5,748.35,-7.24,60.7,270,-0.56,-2.99,9.74,10.21,39.72,30.06,False
CARERATING,NSE,EQ,INE752H01013,2026-10-09,1544.2,1533.3,1557.5,1520.0,1542.3,0.12,1542.43,21706,33480059.5,41762.0,0.52,,1648.57,1638.67,-6.33,-5.77,True,31.88,1800.4,1412.5,-14.23,9.32,270,0.12,-3.65,-10.28,-6.5,-2.23,1.28,False
CARRARO,NSE,EQ,INE0V7W01012,2026-10-09,508.5,509.8,514.4,503.15,509.8,-0.26,509.18,62989,32072957.4,121642.0,0.52,,531.42,525.31,-4.31,-3.2,True,41.03,608.5,423.1,-16.43,20.18,270,-0.26,-1.85,-5.63,-10.66,4.13,11.37,False
CARTRADE,NSE,EQ,INE290S01011,2026-10-09,2951.0,2840.0,2967.0,2814.6,2837.9,3.99,2911.91,261153,760453176.0,264041.0,0.99,,2884.34,2579.49,2.31,14.4,True,51.19,3268.0,1623.4,-9.7,81.78,270,3.99,5.15,-7.1,5.02,57.67,20.44,False
CARYSIL,NSE,EQ,INE482D01024,2026-10-09,1021.3,1011.2,1027.0,998.0,1011.8,0.94,1011.19,54669,55280495.0,99815.0,0.55,,1100.66,1046.24,-7.21,-2.38,True,37.02,1251.7,737.05,-18.41,38.57,270,0.94,-2.25,-11.58,-12.94,22.54,21.23,False
CASHIETF,NSE,EQ,INF109K1A021,2026-10-09,1083.3,1083.0,1083.32,1083.0,1082.84,0.04,1083.3,950683,1029875256.08,313157.0,3.04,,1078.05,1063.85,0.49,1.83,True,100.0,1083.3,1030.5,0.0,5.12,270,0.04,0.09,0.43,1.2,2.5,5.15,False
CASTROLIND,NSE,EQ,INE172A01027,2026-10-09,194.67,195.7,197.19,193.59,196.08,-0.72,195.06,1859242,362666211.68,3784413.0,0.49,,191.87,188.66,1.46,3.19,True,50.45,203.9,173.52,-4.53,12.19,270,-0.72,-2.2,2.75,5.89,8.6,-2.49,False
CBAZAAR,NSE,SM,INE518X01015,2026-10-06,5.05,5.05,5.45,5.05,5.3,-4.72,5.11,56000,286000.0,20800.0,2.69,,5.13,4.57,-1.51,10.44,True,46.63,6.55,3.2,-22.9,57.81,181,-4.72,-5.61,-16.53,2.02,5.21,,True
CCAVENUE,NSE,EQ,INE483S01020,2026-10-09,14.9,15.05,15.2,14.86,15.02,-0.8,15.0,10475038,157109454.89,14402916.0,0.73,,15.63,15.97,-4.67,-6.72,False,41.29,19.28,13.15,-22.72,13.31,169,-0.8,-2.49,-2.99,-17.68,-4.18,,False
CCCL,NSE,EQ,INE429I01024,2026-10-09,12.78,13.08,13.08,12.65,12.79,-0.08,12.81,69818,894382.87,191600.0,0.36,,14.22,16.06,-10.12,-20.4,False,29.67,25.22,12.78,-49.33,0.0,270,-0.08,-4.98,-9.3,-21.26,-22.64,-50.79,False
CCHHL,NSE,EQ,INE652F01027,2026-10-09,13.05,12.49,13.5,12.2,12.3,6.1,12.87,21857,281303.34,26182.0,0.83,,12.8,13.58,1.94,-3.9,False,54.01,17.77,10.58,-26.56,23.35,270,6.1,0.46,2.84,1.64,5.58,-25.26,False
CCL,NSE,EQ,INE421D01022,2026-10-09,1051.5,1050.9,1061.5,1046.5,1050.6,0.09,1054.57,70120,73946353.3,144233.0,0.49,,1085.49,1073.27,-3.13,-2.03,True,45.12,1229.7,829.25,-14.49,26.8,270,0.09,-0.48,-7.0,-13.39,-6.38,24.4,False
CDSL,NSE,EQ,INE736A01011,2026-10-09,1260.0,1255.0,1268.0,1244.2,1258.0,0.16,1258.88,716634,902153294.0,1052773.0,0.68,,1325.62,1350.95,-4.95,-6.73,False,38.3,1655.3,1119.4,-23.88,12.56,270,0.16,1.41,-10.0,-12.01,-2.13,-13.62,False
CEATLTD,NSE,EQ,INE482A01020,2026-10-09,3262.3,3231.1,3281.0,3196.1,3226.2,1.12,3247.91,27040,87823574.4,48410.0,0.56,,3399.96,3496.13,-4.05,-6.69,False,41.51,4302.7,3106.1,-24.18,5.03,270,1.12,-0.74,-1.54,-15.63,-7.89,-3.58,False
CEDAAR,NSE,SM,INE11J101017,2026-10-09,13.95,13.9,13.95,13.9,12.7,9.84,13.94,23000,320600.0,20950.0,1.1,,14.04,33.58,-0.62,-58.46,False,62.36,106.55,10.5,-86.91,32.86,259,9.84,26.82,4.89,-30.94,-33.25,-87.08,True
CEIGALL,NSE,EQ,INE0AG901020,2026-10-09,369.0,374.1,376.05,362.75,374.1,-1.36,368.24,373117,137396680.75,363363.0,1.03,,362.75,330.12,1.72,11.78,True,48.54,395.95,226.39,-6.81,62.99,270,-1.36,-2.92,-1.56,0.87,28.04,40.9,False
CEINSYS,NSE,EQ,INE016Q01014,2026-10-09,656.15,673.8,673.8,653.55,666.45,-1.55,660.49,44419,29338100.7,83504.0,0.53,,734.95,876.43,-10.72,-25.13,False,40.67,1229.2,649.6,-46.62,1.01,157,-1.55,0.29,-6.56,-29.98,-38.92,,False
CELEBRITY,NSE,EQ,INE185H01016,2026-10-09,6.08,5.82,6.29,5.82,6.0,1.33,5.97,10699,63889.03,22918.0,0.47,,6.72,7.78,-9.54,-21.88,False,36.05,11.51,5.81,-47.18,4.65,270,1.33,-2.88,-9.79,-19.15,-16.6,-44.83,False
CELLECOR,NSE,SM,INE0OMO01025,2026-10-09,29.0,28.55,29.25,27.6,28.55,1.58,28.41,249000,7074300.0,247650.0,1.01,,31.26,32.58,-7.24,-11.0,False,41.75,43.25,22.85,-32.95,26.91,270,1.58,0.35,-8.66,-24.18,-7.35,-4.29,True
CELLO,NSE,EQ,INE0LMW01024,2026-10-09,364.95,374.0,379.3,363.15,375.7,-2.86,371.36,877132,325732589.15,2004665.0,0.44,,350.25,410.85,4.2,-11.17,False,57.94,660.6,320.3,-44.75,13.94,270,-2.86,12.95,6.11,-1.0,-13.62,-36.64,False
CELLPOINT,NSE,SM,INE0O0001013,2026-10-09,15.55,15.95,15.95,14.55,16.2,-4.01,15.35,3600,55260.0,6420.0,0.56,,15.75,16.41,-1.27,-5.22,False,50.72,20.05,12.0,-22.44,29.58,229,-4.01,11.47,-4.6,2.98,-1.27,,True
CEMNTGROWW,NSE,EQ,INF666M01PH7,2026-10-09,13.33,13.24,13.39,13.18,13.24,0.68,13.28,29386,390115.58,86261.0,0.34,,14.38,15.01,-7.29,-11.2,False,28.6,15.61,13.24,-14.61,0.68,52,0.68,-1.99,-7.3,,,,False
CEMPRO,NSE,EQ,INE686A01026,2026-10-09,1125.1,1150.0,1158.4,1122.1,1140.8,-1.38,1133.03,160149,181454262.6,224776.0,0.71,,1243.47,1073.19,-9.52,4.84,True,31.0,1639.6,509.7,-31.38,120.74,262,-1.38,-4.56,-12.45,-28.19,85.95,38.86,False
CENTENKA,NSE,EQ,INE485A01015,2026-10-09,559.2,555.0,562.0,546.25,555.55,0.66,553.11,24789,13711144.95,37666.0,0.66,,562.01,516.75,-0.5,8.22,True,48.17,621.6,372.55,-10.04,50.1,270,0.66,3.98,-5.09,6.88,35.83,16.43,False
CENTEXT,NSE,EQ,INE281A01026,2026-10-09,17.87,18.99,18.99,17.66,18.6,-3.92,18.05,139958,2525944.04,270109.0,0.52,,19.79,20.72,-9.71,-13.76,False,37.91,33.95,16.52,-47.36,8.17,270,-3.92,-1.71,-16.46,-5.4,-13.84,-25.97,False
CENTEXT-RE,NSE,BE,INE281A20018,2026-10-08,2.95,2.16,3.02,1.85,2.16,36.57,2.48,354069,876915.74,270776.0,1.31,,2.33,2.23,26.73,32.39,True,,3.62,1.92,-18.51,53.65,11,36.57,-18.51,,,,,False
CENTRALBK,NSE,EQ,INE483A01010,2026-10-09,30.1,30.06,30.24,29.82,29.99,0.37,30.06,3006590,90392669.21,6929124.0,0.43,,30.94,33.1,-2.73,-9.05,False,42.91,40.44,29.62,-25.57,1.62,270,0.37,0.33,-2.78,-7.67,-14.95,-20.33,False
CENTRUM,NSE,EQ,INE660C01027,2026-10-09,19.58,19.94,19.94,19.32,19.44,0.72,19.56,132209,2586417.08,301186.0,0.44,,21.99,24.98,-10.95,-21.6,False,33.75,34.94,19.44,-43.96,0.72,270,0.72,-1.61,-13.25,-20.31,-31.3,-41.85,False
CENTUM,NSE,EQ,INE320B01020,2026-10-09,4076.7,4230.0,4275.0,4045.2,4142.1,-1.58,4150.15,66326,275263098.7,108253.0,0.61,,4104.53,3425.07,-0.68,19.03,True,42.69,4920.7,2092.6,-17.15,94.82,270,-1.58,-13.29,-4.91,11.76,52.61,52.75,False
CENTURYPLY,NSE,EQ,INE348B01021,2026-10-09,665.7,654.15,668.35,654.15,659.85,0.89,663.9,26451,17560825.0,103732.0,0.25,,721.8,753.72,-7.77,-11.68,False,35.87,844.0,645.75,-21.13,3.09,270,0.89,-0.11,-10.54,-15.73,-10.25,-18.13,False
CERA,NSE,EQ,INE739E01017,2026-10-09,5002.5,4960.0,5024.5,4925.0,4949.5,1.07,4979.34,3249,16177875.0,8322.0,0.39,,5558.24,5685.41,-10.0,-12.01,False,27.15,6661.5,4524.3,-24.9,10.57,270,1.07,-1.84,-13.17,-20.77,-1.01,-18.82,False
CEREBRAINT,NSE,BZ,INE345B01019,2026-10-05,2.66,2.66,2.66,2.66,2.86,-6.99,2.66,3864,10278.24,89936.0,0.04,,2.9,4.25,-8.34,-37.46,False,43.36,9.85,2.5,-72.99,6.4,254,-1.85,-8.28,3.1,-34.32,-39.13,-63.36,False
CESC,NSE,EQ,INE486A01021,2026-10-09,133.23,129.96,133.9,128.59,128.73,3.5,131.53,2196217,288861995.16,1786320.0,1.23,,146.85,158.93,-9.27,-16.17,False,35.91,198.72,128.73,-32.96,3.5,270,3.5,1.22,-8.78,-18.73,-14.61,-17.73,False
CEWATER,NSE,EQ,INE037Z01029,2026-10-09,257.95,266.9,266.9,254.0,254.8,1.24,257.41,26481,6816472.15,120281.0,0.22,,272.24,323.24,-5.25,-20.2,False,43.56,507.6,241.25,-49.18,6.92,270,1.24,1.78,-3.39,-26.84,-18.87,-49.06,False
CFEL,NSE,BE,INE700F01024,2026-10-09,43.8,44.0,44.9,41.92,44.0,-0.45,42.89,5445,233514.31,101344.0,0.05,,39.16,33.22,11.84,31.84,True,51.5,49.3,29.08,-11.16,50.62,38,-0.45,-3.25,35.98,,,,False
CGCL,NSE,EQ,INE180C01042,2026-10-09,241.82,242.1,246.5,240.42,241.54,0.12,242.33,2783867,674622971.58,2942099.0,0.95,,248.14,218.25,-2.55,10.8,True,40.39,279.9,151.97,-13.6,59.12,270,0.12,-2.97,-10.69,-4.12,35.0,30.59,False
CGPOWER,NSE,EQ,INE067A01029,2026-10-09,855.55,862.05,865.7,840.15,862.05,-0.75,854.78,2308023,1972853076.55,2227859.0,1.04,,883.88,831.12,-3.21,2.94,True,43.13,976.5,530.65,-12.39,61.23,270,-0.75,-2.67,-6.06,-6.66,17.8,15.47,False
CGRAPHICS,NSE,SM,INE0R7401011,2026-10-09,155.45,151.0,155.85,150.9,150.9,3.02,154.14,12800,1972960.0,38200.0,0.34,,145.7,158.84,6.69,-2.13,False,58.68,224.25,125.45,-30.68,23.91,270,3.02,4.47,5.03,11.55,-14.16,-26.12,True
CGVAK,NSE,EQ,INE084D01010,2026-10-09,130.51,140.45,140.45,130.0,137.73,-5.24,131.88,5105,673262.65,3682.0,1.39,,147.39,150.45,-11.46,-13.25,False,31.28,158.58,130.51,-17.7,0.0,38,-5.24,-11.36,-10.94,,,,False
CHALET,NSE,EQ,INE427F01016,2026-10-09,820.9,823.9,830.25,815.0,825.55,-0.56,822.29,89647,73716216.5,175535.0,0.51,,852.77,849.47,-3.74,-3.36,True,40.6,976.0,702.3,-15.89,16.89,270,-0.56,-1.13,-8.56,-2.24,7.15,-13.7,False
CHAMBLFERT,NSE,EQ,INE085A01013,2026-10-09,374.3,379.0,381.9,371.25,378.65,-1.15,374.43,943228,353171809.65,487076.0,1.94,,420.24,449.28,-10.93,-16.69,False,21.35,519.7,374.3,-27.98,0.0,270,-1.15,-6.26,-10.59,-17.51,-19.5,-26.72,False
CHAMUNDA,NSE,SM,INE11HG01018,2026-09-30,44.95,44.95,44.95,44.95,40.0,12.38,44.95,3000,134850.0,7500.0,0.4,,42.78,44.71,5.07,0.54,False,57.05,56.5,38.65,-20.44,16.3,239,12.38,8.44,8.57,15.11,-14.22,,True
CHANDAN,NSE,SM,INE0B2N01016,2026-10-09,235.0,237.0,238.5,235.0,237.5,-1.05,237.44,10400,2469360.0,48600.0,0.21,,228.04,242.85,3.05,-3.23,False,54.32,347.2,191.05,-32.32,23.0,270,-1.05,3.48,7.6,-5.87,-12.95,1.73,True
CHAVDA,NSE,ST,INE0PT101017,2026-10-09,54.85,55.25,55.25,53.25,55.5,-1.17,54.66,20000,1093200.0,96750.0,0.21,,102.17,106.93,-46.31,-48.7,False,19.58,140.75,54.85,-61.03,0.0,268,-1.17,-8.35,-55.86,-36.99,-42.11,-48.71,True
CHEMBOND,NSE,EQ,INE995D01025,2026-10-09,189.25,185.3,208.0,180.1,181.76,4.12,196.81,36710,7224999.16,14384.0,2.55,,184.07,172.55,2.81,9.68,True,51.82,225.82,106.72,-16.19,77.33,270,4.12,6.54,-4.28,3.77,31.24,6.95,False
CHEMBONDCH,NSE,BE,INE0TGX01019,2026-10-09,220.86,223.4,225.3,215.5,219.31,0.71,219.44,4195,920530.36,8325.0,0.5,,243.89,209.61,-9.44,5.37,True,37.05,284.38,106.24,-22.34,107.89,270,0.71,2.34,-15.04,-9.16,50.24,35.26,False
CHEMCON,NSE,EQ,INE03YM01018,2026-10-09,212.05,217.2,217.2,209.76,215.12,-1.43,211.76,43228,9154001.51,52751.0,0.82,,206.66,194.32,2.61,9.13,True,48.49,277.0,125.92,-23.45,68.4,270,-1.43,-1.8,1.2,15.24,41.52,-21.13,False
CHEMCRUX,NSE,EQ,INE298W01016,2026-10-09,83.74,83.71,85.95,80.6,86.03,-2.66,83.33,8053,671040.68,7535.0,1.07,,82.89,85.26,1.02,-1.78,False,55.56,87.16,78.01,-3.92,7.35,38,-2.66,7.04,0.26,,,,False
CHEMFAB,NSE,EQ,INE783X01023,2026-10-09,332.3,325.0,351.8,316.8,327.6,1.43,335.17,4832,1619544.1,4622.0,1.05,,357.08,405.65,-6.94,-18.08,False,40.52,622.25,292.9,-46.6,13.45,270,1.43,1.2,-6.37,-9.97,-10.79,-49.19,False
CHEMICAL,NSE,EQ,INF174KA1XV0,2026-10-09,28.12,28.74,28.74,27.87,28.04,0.29,28.06,124286,3487635.98,419829.0,0.3,,29.39,29.2,-4.31,-3.71,True,36.59,31.03,24.89,-9.38,12.98,220,0.29,-0.28,-6.67,-5.8,5.75,,False
CHEMPLASTS,NSE,EQ,INE488A01050,2026-10-09,214.68,212.95,216.69,208.28,212.38,1.08,211.92,293756,62253872.35,1067110.0,0.28,,191.74,233.33,11.96,-7.99,False,62.19,408.15,165.12,-47.4,30.01,270,1.08,12.07,18.77,6.77,-14.25,-44.8,False
CHENNPETRO,NSE,EQ,INE178A01016,2026-10-09,1487.7,1531.0,1547.7,1477.0,1531.0,-2.83,1500.02,1737905,2606892175.6,2918600.0,0.6,,1388.37,1159.03,7.15,28.36,True,54.49,1626.4,723.6,-8.53,105.6,270,-2.83,10.49,2.05,26.0,50.3,96.32,False
CHETANA,NSE,SM,INE0U1T01012,2026-10-09,35.2,37.0,37.45,35.2,37.05,-4.99,35.54,41600,1478560.0,18400.0,2.26,,42.55,48.78,-17.28,-27.84,False,25.83,76.35,30.95,-53.9,13.73,232,-4.99,-12.0,-19.73,-21.69,-0.42,,True
CHEVIOT,NSE,EQ,INE974B01016,2026-10-09,1136.0,1137.8,1149.3,1127.1,1138.0,-0.18,1134.78,1055,1197194.2,1148.0,0.92,,1159.85,1132.1,-2.06,0.34,True,40.06,1358.6,904.4,-16.38,25.61,270,-0.18,-2.66,-6.47,0.29,8.92,-0.42,False
CHOICEGOLD,NSE,EQ,INF2KCX01012,2026-10-09,147.08,146.0,147.91,145.4,145.09,1.37,147.08,6608,971875.93,14223.0,0.46,,148.38,144.78,-0.88,1.59,True,46.44,171.79,120.96,-14.38,21.59,227,1.37,0.92,-2.6,3.83,-1.48,,False
CHOICEIN,NSE,EQ,INE102B01014,2026-10-09,713.1,711.95,723.2,707.3,710.65,0.34,716.18,213032,152569915.25,420993.0,0.51,,756.9,753.79,-5.79,-5.4,True,35.47,850.3,583.95,-16.14,22.12,270,0.34,-0.88,-5.36,-14.6,5.32,-7.09,False
CHOLAFIN,NSE,EQ,INE121A01024,2026-10-09,1587.6,1547.0,1597.4,1543.5,1544.0,2.82,1580.89,1660199,2624585495.9,1711995.0,0.97,,1735.9,1692.47,-8.54,-6.2,True,33.66,1940.0,1354.7,-18.16,17.19,270,2.82,0.48,-12.93,-12.18,2.14,-1.44,False
CHOLAHLDNG,NSE,EQ,INE149A01033,2026-10-09,1400.4,1375.0,1404.4,1357.7,1370.4,2.19,1384.28,74624,103300239.4,183885.0,0.41,,1487.06,1595.12,-5.83,-12.21,False,40.62,2014.8,1350.9,-30.49,3.66,270,2.19,2.25,-8.24,-15.24,-14.29,-25.71,False
CIEINDIA,NSE,EQ,INE536H01010,2026-10-09,370.75,374.65,374.65,368.3,371.65,-0.24,371.47,126837,47115699.3,241176.0,0.53,,396.09,423.07,-6.4,-12.37,False,36.62,497.25,370.75,-25.44,0.0,270,-0.24,-1.49,-3.3,-20.15,-20.97,-7.97,False
CIFL,NSE,EQ,INE345H01024,2026-10-09,20.07,20.58,20.58,19.3,20.17,-0.5,20.05,169220,3392534.44,191717.0,0.88,,21.07,25.11,-4.74,-20.08,False,41.51,38.53,19.53,-47.91,2.76,270,-0.5,-3.32,-0.45,-10.16,-21.66,-41.93,False
CIGNITITEC,NSE,EQ,INE675C01017,2026-05-14,1260.3,1286.0,1288.0,1222.1,1287.7,-2.13,1253.93,157398,197366065.3,148723.0,1.06,,1258.64,1446.9,0.13,-12.9,False,52.32,1910.0,1056.3,-34.02,19.31,168,-2.13,-1.48,4.06,-16.62,-26.04,,False
CINELINE,NSE,EQ,INE704H01022,2026-10-09,91.53,91.88,91.9,89.15,90.75,0.86,90.95,15503,1409967.71,24678.0,0.63,,88.67,85.96,3.23,6.48,True,54.43,98.71,75.28,-7.27,21.59,270,0.86,6.48,-4.05,15.9,7.07,1.96,False
CINEVISTA,NSE,EQ,INE039B01026,2026-10-09,14.39,14.89,14.89,14.11,14.6,-1.44,14.37,18848,270827.25,35701.0,0.53,,14.43,15.34,-0.3,-6.17,False,52.08,19.36,13.11,-25.67,9.76,270,-1.44,5.58,1.27,-6.68,-6.25,-20.67,False
CIPLA,NSE,EQ,INE059A01026,2026-10-09,1301.0,1310.5,1316.4,1295.3,1306.8,-0.44,1306.78,653621,854137195.5,985586.0,0.66,,1385.03,1406.31,-6.07,-7.49,False,26.84,1663.6,1192.4,-21.8,9.11,270,-0.44,-3.2,-6.0,-9.62,7.0,-13.46,False
CKKRETAIL,NSE,SM,INE0SMX01019,2026-10-09,172.0,172.0,172.0,172.0,168.0,2.38,172.0,800,137600.0,59440.0,0.01,,159.4,155.01,7.91,10.96,True,56.31,265.25,115.85,-35.16,48.47,163,2.38,1.99,14.63,22.86,32.36,,True
CLASSICEIL,NSE,SM,INE0UQ601012,2026-10-08,50.3,49.6,50.65,49.6,49.5,1.62,50.11,11200,561280.0,30480.0,0.37,,52.31,57.6,-3.83,-12.67,False,45.12,107.95,36.0,-53.4,39.72,258,1.62,-3.82,-12.75,0.4,12.65,-44.05,True
CLAYCRAFT,NSE,SM,INE1QGM01024,2026-10-09,161.0,165.0,165.0,157.15,161.3,-0.19,161.34,23400,3775410.0,61500.0,0.38,,166.89,192.52,-3.53,-16.37,False,46.24,221.55,147.6,-27.33,9.08,75,-0.19,-3.71,6.69,-7.97,,,True
CLCIND,NSE,BE,INE376C01038,2026-10-05,43.22,43.22,43.22,43.22,43.22,0.0,43.22,152,6569.44,7095.0,0.02,,40.8,22.45,5.93,92.48,True,42.06,61.67,8.96,-29.92,382.37,62,0.0,-8.97,-26.23,,,,False
CLEAN,NSE,EQ,INE227W01023,2026-10-09,794.4,799.35,805.6,790.15,796.8,-0.3,795.47,149138,118635305.7,310784.0,0.48,,809.06,833.99,-1.81,-4.75,False,44.19,1097.2,656.4,-27.6,21.02,270,-0.3,-1.08,-4.32,3.16,8.55,-27.69,False
CLEANMAX,NSE,EQ,INE647U01026,2026-10-09,1323.0,1351.9,1358.0,1313.8,1348.3,-1.88,1335.39,162994,217659834.4,1196564.0,0.14,,1324.26,1165.59,-0.1,13.5,True,47.83,1494.0,769.7,-11.45,71.89,150,-1.88,1.78,-5.45,-1.24,55.93,,False
CLEDUCATE,NSE,EQ,INE201M01029,2026-10-09,50.95,48.28,51.8,48.05,49.84,2.23,49.72,4335,215516.25,19272.0,0.22,,56.63,61.87,-10.03,-17.65,False,35.98,93.14,38.06,-45.3,33.87,270,2.23,-12.02,-13.8,-14.15,-0.7,-43.63,False
CLSEL,NSE,EQ,INE419D01026,2026-10-09,287.4,289.25,293.8,284.0,289.25,-0.64,287.48,34016,9778770.9,53341.0,0.64,,290.55,280.88,-1.08,2.32,True,46.62,319.05,205.25,-9.92,40.02,270,-0.64,1.93,-5.97,-0.21,8.39,9.61,False
CLSL,NSE,ST,INE00NH01017,2026-10-09,56.0,56.05,56.05,56.0,57.95,-3.36,56.01,8000,448100.0,5900.0,1.36,,68.09,58.77,-17.76,-4.72,True,24.16,91.5,41.0,-38.8,36.59,195,-3.36,-10.97,-38.8,33.97,16.67,,True
CMICABLES,NSE,BZ,INE981B01011,2026-10-05,2.49,2.62,2.62,2.49,2.62,-4.96,2.5,2350,5864.5,11297.0,0.21,,3.26,3.47,-23.73,-28.23,False,31.05,5.74,2.49,-56.62,0.0,57,-4.96,-1.58,-21.94,,,,False
CMLL,NSE,EQ,INE11XY01018,2026-10-09,529.25,515.15,533.2,508.1,515.15,2.74,520.96,274876,143198424.7,352326.0,0.78,,515.12,524.29,2.74,0.95,False,59.48,599.45,470.8,-11.71,12.42,54,2.74,1.19,9.27,,,,False
CMNL,NSE,SM,INE06PV01010,2026-10-09,114.0,119.35,121.0,114.0,119.35,-4.48,117.09,6000,702525.0,12862.0,0.47,,112.56,116.32,1.28,-1.99,False,49.27,175.15,90.0,-34.91,26.67,257,-4.48,-2.44,-2.02,11.55,26.11,-20.78,True
CMPDI,NSE,EQ,INE05HV01027,2026-10-09,206.18,207.0,209.5,203.71,206.65,-0.23,206.39,603338,124522980.09,1550855.0,0.39,,222.31,208.46,-7.26,-1.09,True,41.33,277.5,151.47,-25.7,36.12,132,-0.23,0.88,-12.95,-22.78,31.89,,False
CMRGREEN,NSE,EQ,INE00WV01027,2026-10-09,216.94,218.01,219.85,215.2,217.22,-0.13,216.63,208863,45245353.95,455496.0,0.46,,223.48,232.07,-2.93,-6.52,False,44.28,258.95,211.91,-16.22,2.37,85,-0.13,-2.88,-2.35,-2.94,,,False
CMRSL,NSE,SM,INE075Z01011,2026-10-05,74.15,70.65,74.15,70.65,70.65,4.95,72.4,1600,115840.0,4320.0,0.37,,69.14,72.08,7.24,2.88,False,55.52,96.25,52.45,-22.96,41.37,174,4.95,9.85,6.16,-8.51,-4.32,,True
CMSINFO,NSE,EQ,INE925R01014,2026-10-09,213.85,215.32,216.05,210.5,214.35,-0.23,213.23,544126,116022396.99,898024.0,0.61,,240.98,287.81,-11.26,-25.7,False,27.45,388.4,213.85,-44.94,0.0,270,-0.23,-3.1,-9.61,-18.5,-27.77,-42.71,False
CNL,NSE,EQ,INE985W01018,2026-10-09,1041.8,1054.9,1081.3,1026.6,1060.2,-1.74,1047.92,20057,21018219.4,17012.0,1.18,,1081.93,885.31,-3.71,17.68,True,38.74,1279.6,528.15,-18.58,97.25,205,-1.74,-3.47,-9.35,22.93,72.01,,False
COALINDIA,NSE,EQ,INE522F01014,2026-10-09,411.55,408.45,412.25,404.5,409.35,0.54,410.39,4000746,1641855368.7,6520316.0,0.61,,419.56,424.31,-1.91,-3.01,False,44.55,481.65,370.05,-14.55,11.21,270,0.54,-2.11,-2.07,-4.13,-8.39,5.54,False
COASTCORP,NSE,EQ,INE377E01024,2026-10-09,36.33,34.35,36.99,33.81,34.25,6.07,35.46,93354,3310470.87,74334.0,1.26,,40.36,44.43,-9.99,-18.24,False,43.86,62.93,34.25,-42.27,6.07,270,6.07,1.42,-10.72,-28.51,-26.23,3.06,False
COCHINSHIP,NSE,EQ,INE704P01025,2026-10-09,1230.0,1214.9,1257.0,1213.0,1200.0,2.5,1233.35,2284003,2816969997.3,1259776.0,1.81,,1395.15,1487.45,-11.84,-17.31,False,31.85,1861.6,1193.1,-33.93,3.09,270,2.5,-4.43,-19.51,-13.26,-10.86,-31.27,False
COCKERILL,NSE,EQ,INE515A01019,2026-10-09,7730.0,7800.0,7804.5,7675.0,7727.5,0.03,7720.51,2936,22667430.0,5771.0,0.51,,8163.25,7252.28,-5.31,6.59,True,40.18,10290.5,5086.5,-24.88,51.97,120,0.03,-3.24,-7.15,-19.04,,,False
COFFEEDAY,NSE,EQ,INE335K01011,2026-10-09,30.81,31.49,31.49,30.47,30.53,0.92,30.97,1223292,37883387.5,1042735.0,1.17,,30.7,32.04,0.36,-3.85,False,51.87,44.11,21.12,-30.15,45.88,270,0.92,3.77,-10.02,-3.51,19.65,-25.25,False
COFORGE,NSE,EQ,INE591G01025,2026-10-09,1867.9,1839.3,1884.1,1839.0,1814.3,2.95,1863.59,2303224,4292273301.8,2212832.0,1.04,,1784.17,1621.22,4.69,15.22,True,56.53,2014.6,1073.9,-7.28,73.94,270,2.95,2.29,-4.21,24.21,47.03,17.4,False
COHANCE,NSE,EQ,INE03QK01018,2026-10-09,441.0,444.9,445.3,434.25,442.4,-0.32,440.2,460250,202602928.4,1176180.0,0.39,,446.8,481.51,-1.3,-8.41,False,45.72,904.75,279.9,-51.26,57.56,270,-0.32,-2.28,-2.35,-2.41,42.49,-49.84,False
COLPAL,NSE,EQ,INE259A01022,2026-10-09,1817.8,1736.2,1868.9,1736.2,1735.7,4.73,1839.84,3596661,6617284463.8,580677.0,6.19,,1876.18,2027.05,-3.11,-10.32,False,48.51,2295.3,1735.0,-20.8,4.77,270,4.73,4.77,-0.12,-11.43,-4.68,-18.21,False
COMFINTE,NSE,EQ,INE819A01049,2026-10-09,6.19,6.38,6.38,6.14,6.23,-0.64,6.25,83336,520449.02,500437.0,0.17,,6.2,6.62,-0.14,-6.5,False,49.6,8.59,5.35,-27.94,15.7,120,-0.64,-0.64,1.31,7.65,,,False
COMMITTED,NSE,SM,INE597Z01014,2026-10-08,309.0,302.0,309.0,302.0,309.95,-0.31,305.5,1600,488800.0,8800.0,0.18,,327.93,284.72,-5.77,8.53,True,36.38,362.0,182.35,-14.64,69.45,201,-0.31,-4.2,-11.05,14.19,53.2,,True
COMMOIETF,NSE,EQ,INF109KC19O8,2026-10-09,91.14,90.32,91.31,90.08,90.32,0.91,90.88,58014,5272569.48,84542.0,0.69,,97.45,98.25,-6.48,-7.23,False,24.9,107.19,90.32,-14.97,0.91,270,0.91,-3.04,-7.64,-9.43,-7.25,-0.13,False
COMPEAU,NSE,EQ,INE823B01015,2026-10-09,347.4,355.55,356.0,340.15,362.0,-4.03,353.93,131,46365.35,426.0,0.31,,357.83,353.63,-2.91,-1.76,True,44.4,371.8,344.05,-6.56,0.97,38,-4.03,-4.15,-5.85,,,,False
COMPINFO,NSE,BZ,INE070C01037,2026-10-09,1.07,1.09,1.09,1.06,1.06,0.94,1.08,11623,12598.83,16078.0,0.72,,1.1,1.29,-2.7,-17.32,False,48.71,2.35,0.91,-54.47,17.58,270,0.94,-1.83,5.94,-9.32,-2.73,-37.06,False
COMPUSOFT,NSE,EQ,INE453B01029,2026-10-09,12.79,12.76,13.0,12.7,12.9,-0.85,12.77,28218,360403.08,34752.0,0.81,,13.22,14.2,-3.22,-9.95,False,42.68,19.69,12.17,-35.04,5.09,270,-0.85,-1.99,-2.74,-3.91,-6.78,-29.69,False
COMSYN,NSE,EQ,INE073V01015,2026-10-09,261.15,255.5,263.45,252.7,256.5,1.81,258.16,137457,35485424.7,636120.0,0.22,,265.0,207.41,-1.45,25.91,True,39.96,306.55,138.0,-14.81,89.24,270,1.81,-0.48,-13.48,34.66,70.04,68.53,False
CONCOR,NSE,EQ,INE111A01025,2026-10-09,442.0,435.05,446.65,434.3,434.0,1.84,441.19,493953,217928352.05,1182770.0,0.42,,479.9,494.55,-7.9,-10.63,False,34.51,553.85,423.75,-20.19,4.31,270,1.84,0.0,-11.95,-4.69,-6.69,-15.94,False
CONCORDBIO,NSE,EQ,INE338H01029,2026-10-09,1361.4,1336.0,1370.0,1326.0,1330.8,2.3,1351.76,128354,173503600.4,161034.0,0.8,,1418.38,1357.71,-4.02,0.27,True,41.47,1634.2,1014.8,-16.69,34.15,270,2.3,-0.92,-7.42,4.35,29.68,-17.38,False
CONFIPET,NSE,EQ,INE552D01024,2026-10-09,83.67,85.75,86.25,83.5,84.9,-1.45,84.53,2054817,173696424.52,3012471.0,0.68,,82.53,65.88,1.39,27.0,True,47.2,91.95,28.81,-9.0,190.42,270,-1.45,-2.77,1.43,9.44,55.38,85.69,False
CONNPLEX,NSE,SM,INE0EAS01014,2026-10-09,243.3,250.0,250.0,243.3,245.0,-0.69,246.52,10400,2563840.0,45640.0,0.23,,237.39,229.05,2.49,6.22,True,48.61,293.65,194.15,-17.15,25.32,270,-0.69,-1.14,-2.68,19.7,-6.58,21.38,True
CONS,NSE,EQ,INF174KA1ZF8,2026-10-09,11.26,11.13,11.26,11.13,11.09,1.53,11.25,5610,63092.68,85307.0,0.07,,12.1,36.82,-6.93,-69.41,False,32.43,129.58,10.61,-91.31,6.13,270,1.53,-0.79,-5.22,-6.48,-1.14,-90.89,False
CONSOFINVT,NSE,BE,INE025A01027,2026-10-09,285.65,280.65,290.0,280.0,282.05,1.28,285.97,4219,1206505.15,6384.0,0.66,,282.82,246.24,1.0,16.0,True,48.58,317.45,152.79,-10.02,86.96,270,1.28,2.16,-10.02,8.48,33.03,56.74,False
CONSUMAXIS,NSE,EQ,INF846K016C7,2026-10-09,112.45,111.65,112.71,111.65,111.01,1.3,112.23,509,57125.93,2070.0,0.25,,118.41,120.44,-5.03,-6.63,False,32.93,126.27,111.01,-10.94,1.3,69,1.3,0.41,-5.56,-7.19,,,False
CONSUMBEES,NSE,EQ,INF204KA1LD7,2026-10-09,121.95,121.38,122.26,120.01,120.01,1.62,121.7,103571,12604109.47,67914.0,1.53,,127.94,129.72,-4.68,-5.99,False,34.44,140.7,114.7,-13.33,6.32,270,1.62,0.3,-5.57,-6.57,-1.05,-9.13,False
CONSUMER,NSE,EQ,INF769K01NS5,2026-10-09,11.09,11.21,11.21,10.97,10.99,0.91,11.09,150572,1670542.85,159129.0,0.95,,11.67,11.6,-5.0,-4.36,True,32.58,12.4,9.72,-10.56,14.09,270,0.91,0.27,-7.43,-6.33,3.94,-6.73,False
CONSUMIETF,NSE,EQ,INF109KC1V42,2026-10-09,113.44,111.69,113.55,111.69,111.67,1.59,112.85,4569,515631.27,10678.0,0.43,,119.05,120.67,-4.71,-5.99,False,35.37,130.55,106.72,-13.11,6.3,270,1.59,0.36,-5.44,-6.44,-0.84,-10.4,False
CONTI,NSE,SM,INE340Z01019,2026-10-09,10.25,11.25,11.25,10.25,10.75,-4.65,10.75,6666,71659.5,64160.0,0.1,,11.64,17.08,-11.93,-40.0,False,45.41,28.05,9.7,-63.46,5.67,142,-4.65,1.49,-8.48,-21.15,-61.03,,True
CONTROLPR,NSE,EQ,INE663B01015,2026-10-09,611.35,618.0,625.0,605.0,613.4,-0.33,615.28,17301,10644955.55,31258.0,0.55,,601.55,636.97,1.63,-4.02,False,55.48,821.05,524.5,-25.54,16.56,270,-0.33,-1.08,3.04,-5.28,-4.81,-21.73,False
COOLCAP-RE,NSE,ST,INE0HS020010,2025-10-16,2.15,2.15,2.15,2.15,2.25,-4.44,2.15,820000,1763000.0,252708.0,3.24,,10.54,13.36,-79.6,-83.9,False,,14.5,2.15,-85.17,0.0,12,-4.44,-23.21,,,,,True
COOLCAPS,NSE,SM,INE0HS001028,2026-10-09,20.45,20.6,20.7,20.45,20.9,-2.15,20.59,17500,360375.0,91312.0,0.19,,22.9,33.88,-10.69,-39.65,False,34.99,90.5,19.75,-77.4,3.54,270,-2.15,-3.31,-18.85,-14.79,-29.6,-77.48,True
CORALFINAC,NSE,EQ,INE558D01021,2026-10-09,30.73,30.8,31.4,30.05,30.26,1.55,30.69,21430,657621.97,26273.0,0.82,,32.26,34.23,-4.76,-10.23,False,41.97,45.0,25.82,-31.71,19.02,270,1.55,-1.66,-5.68,-9.46,-5.33,-28.68,False
CORDELIA,NSE,EQ,INE0LZF01039,2026-10-09,100.98,104.5,106.5,100.21,102.9,-1.87,102.27,2341280,239440306.68,1676845.0,1.4,,301.84,553.89,-66.55,-81.77,False,27.49,1043.6,100.83,-90.32,0.15,71,-1.87,0.07,-5.38,-88.29,,,False
CORDSCABLE,NSE,BE,INE792I01017,2026-10-09,287.2,301.35,304.5,286.25,301.3,-4.68,289.49,63517,18387557.6,162465.0,0.39,,296.5,230.81,-3.14,24.43,True,40.14,382.9,129.69,-24.99,121.45,270,-4.68,-9.94,-22.95,39.37,78.31,65.69,False
COREIN,NSE,ST,INE11ES01010,2026-10-09,100.2,100.2,100.2,100.0,95.45,4.98,100.18,38400,3846720.0,290286.0,0.13,,81.18,79.5,23.43,26.04,True,,100.2,78.65,0.0,27.4,7,4.98,27.4,,,,,True
COROMANDEL,NSE,EQ,INE169A01031,2026-10-09,1703.4,1673.0,1709.0,1651.1,1673.7,1.77,1690.22,229839,388478652.1,192651.0,1.19,,1913.0,2026.45,-10.96,-15.94,False,30.58,2408.2,1673.7,-29.27,1.77,270,1.77,-3.41,-12.7,-17.62,-19.5,-24.24,False
CORONA,NSE,EQ,INE02ZQ01018,2026-10-09,2024.0,2000.0,2039.0,1960.0,1993.5,1.53,2005.7,13287,26649802.2,47840.0,0.28,,2077.59,1846.8,-2.58,9.59,True,41.27,2236.1,1347.7,-9.49,50.18,202,1.53,-0.27,-3.31,-0.92,30.19,,False
COSMOFIRST,NSE,EQ,INE757A01017,2026-10-09,813.05,812.7,818.0,792.25,812.7,0.04,807.08,26057,21030159.65,39013.0,0.67,,865.3,819.22,-6.04,-0.75,True,31.66,964.85,577.4,-15.73,40.81,270,0.04,-1.67,-10.57,-2.18,25.04,-4.13,False
COUNCODOS,NSE,BE,INE695B01025,2026-10-09,6.39,6.27,6.41,6.2,6.31,1.27,6.34,79391,503016.2,46233.0,1.72,,6.33,6.01,0.89,6.41,True,48.41,7.36,3.94,-13.18,62.18,270,1.27,0.95,-1.84,9.04,38.01,-3.33,False
CPCAP,NSE,EQ,INE521J01018,2026-10-09,146.39,156.0,156.0,145.7,152.17,-3.8,150.13,61197,9187559.97,77011.0,0.79,,133.73,117.71,9.46,24.36,True,54.04,156.9,75.4,-6.7,94.15,270,-3.8,3.93,6.57,30.12,67.23,17.01,False
CPEDU,NSE,EQ,INE0P6P01016,2026-10-09,183.95,180.0,184.52,180.0,178.82,2.87,181.19,1289,233548.26,4182.0,0.31,,186.15,202.08,-1.18,-8.97,False,52.07,331.0,142.18,-44.43,29.38,270,2.87,4.3,-3.87,-6.55,0.92,-30.16,False
CPL,NSE,EQ,INE536P01021,2026-10-09,61.04,60.78,61.5,59.28,60.06,1.63,60.37,27033,1631973.48,42456.0,0.64,,65.03,68.68,-6.14,-11.13,False,39.25,72.88,60.06,-16.25,1.63,55,1.63,-2.27,-8.6,,,,False
CPPLUS,NSE,EQ,INE819V01029,2026-10-09,4185.2,4021.2,4262.4,3920.0,3972.2,5.36,4143.25,887678,3677873640.3,319409.0,2.78,,3675.87,2881.3,13.86,45.25,True,66.19,4185.2,1314.0,0.0,218.51,270,5.36,10.15,9.31,14.27,120.3,217.23,False
CPS,NSE,SM,INE0QBU01012,2026-10-08,1136.1,1100.4,1175.0,1097.25,1155.0,-1.64,1111.25,900,1000125.0,3788.0,0.24,,1108.97,1011.84,2.45,12.28,True,49.9,1306.2,679.25,-13.02,67.26,203,-1.64,-1.21,3.09,13.61,0.81,,True
CPSEETF,NSE,EQ,INF457M01133,2026-10-09,87.85,89.32,89.32,86.9,87.15,0.8,87.66,609342,53412325.44,737039.0,0.83,,92.88,95.77,-5.41,-8.27,False,26.88,108.81,87.15,-19.26,0.8,270,0.8,-2.15,-6.77,-8.7,-14.21,-4.87,False
CRAFTSMAN,NSE,EQ,INE00LO01017,2026-10-09,10183.0,10051.0,10243.0,10000.0,10038.0,1.44,10156.56,25800,262039166.0,54233.0,0.48,,10481.65,9107.69,-2.85,11.81,True,39.66,11851.0,6424.0,-14.07,58.51,270,1.44,-0.81,-10.72,9.48,38.52,49.89,False
CRAMC,NSE,EQ,INE218I01013,2026-10-09,219.95,222.01,223.79,219.0,220.79,-0.38,220.54,476028,104984596.11,364274.0,1.31,,239.71,256.89,-8.25,-14.38,False,36.41,350.6,216.52,-37.26,1.58,242,-0.38,1.58,-9.21,-13.22,-14.34,,False
CRAVATEX,NSE,EQ,INE145E01017,2026-10-09,344.85,337.0,364.75,336.2,344.65,0.06,343.48,150,51521.6,1612.0,0.09,,343.49,346.76,0.4,-0.55,False,49.51,374.6,317.35,-7.94,8.67,38,0.06,-1.19,8.67,,,,False
CRAYONS,NSE,SM,INE0OFK01019,2026-10-09,24.65,22.55,24.65,22.55,23.55,4.67,23.6,2000,47200.0,4550.0,0.44,,25.84,33.59,-4.6,-26.61,False,49.35,57.05,22.8,-56.79,8.11,236,4.67,0.82,-5.19,-17.14,-37.75,,True
CREATIVE,NSE,EQ,INE985W01018,2025-12-09,739.4,656.55,749.0,656.55,675.6,9.44,714.84,65786,47026418.65,29768.0,2.21,,677.59,652.09,9.12,13.39,True,63.17,739.4,607.6,0.0,21.69,65,9.44,5.13,7.49,18.02,,,False
CREATIVEYE,NSE,EQ,INE230B01021,2026-10-09,6.09,6.06,6.34,5.92,6.0,1.5,5.98,10476,62686.25,29411.0,0.36,,6.08,6.49,0.08,-6.18,False,51.42,8.02,5.55,-24.06,9.73,270,1.5,-1.3,0.0,-2.72,-6.6,-17.81,False
CREDENT,NSE,SM,INE1KPX01025,2026-10-09,371.6,368.05,372.9,360.2,368.05,0.96,370.12,33600,12436050.0,83850.0,0.4,,368.74,372.72,0.78,-0.3,False,49.67,407.45,315.4,-8.8,17.82,35,0.96,-2.75,17.82,,,,True
CREDITACC,NSE,EQ,INE741K01010,2026-10-09,1267.5,1263.4,1293.3,1250.4,1263.4,0.32,1272.32,158963,202251029.8,185679.0,0.86,,1375.88,1373.97,-7.88,-7.75,True,39.13,1614.0,1134.9,-21.47,11.68,270,0.32,2.3,-10.56,-17.12,2.6,-6.33,False
CREST,NSE,EQ,INE559D01011,2026-10-09,358.35,347.2,364.0,347.15,351.8,1.86,356.51,817,291267.45,3390.0,0.24,,364.41,365.88,-1.66,-2.06,False,46.56,404.45,309.2,-11.4,15.9,270,1.86,-1.1,-1.1,-3.34,4.55,-0.95,False
CRESTO,NSE,BE,INE203Y01012,2026-10-09,21.0,20.0,21.0,19.72,20.0,5.0,20.8,12832,266930.02,87621.0,0.15,,18.26,16.7,14.99,25.77,True,67.68,24.13,15.88,-12.97,32.24,20,5.0,-4.76,,,,,False
CRISIL,NSE,EQ,INE007A01025,2026-10-09,4423.8,4405.0,4448.8,4356.1,4404.0,0.45,4425.24,17221,76207030.6,41161.0,0.42,,4506.99,4428.94,-1.85,-0.12,True,41.95,5031.3,3705.9,-12.07,19.37,270,0.45,-0.11,-6.96,7.97,14.84,-0.29,False
CRIZAC,NSE,EQ,INE0S4R01014,2026-10-09,162.94,163.5,167.15,159.05,159.97,1.86,162.21,127093,20616140.84,252366.0,0.5,,177.14,214.9,-8.02,-24.18,False,39.41,322.8,159.97,-49.52,1.86,270,1.86,-2.37,-5.23,-18.54,-23.47,-44.67,False
CROMPTON,NSE,EQ,INE299U01018,2026-10-09,205.11,205.39,210.43,204.5,204.34,0.38,206.91,3010374,622884522.15,2373727.0,1.27,,230.59,255.83,-11.05,-19.83,False,31.09,301.95,202.7,-32.07,1.19,270,0.38,1.19,-11.55,-21.62,-16.64,-29.59,False
CROWN,NSE,EQ,INE491V01019,2026-10-09,111.33,110.4,111.6,108.6,108.11,2.98,109.91,5504,604936.6,34497.0,0.16,,112.65,120.98,-1.18,-7.97,False,47.73,162.01,102.7,-31.28,8.4,270,2.98,-0.18,-3.68,-2.94,-12.5,-27.01,False
CRSL,NSE,BZ,INE716D01033,2026-10-09,2.07,2.07,2.15,2.0,2.07,0.0,2.04,315515,645024.69,357315.0,0.88,,2.35,2.23,-11.91,-7.14,True,36.78,3.39,2.04,-38.94,1.47,38,0.0,-3.27,-18.5,,,,False
CSBBANK,NSE,EQ,INE679A01013,2026-10-09,300.35,301.9,304.25,299.3,301.75,-0.46,300.57,338115,101627545.65,887748.0,0.38,,325.2,355.43,-7.64,-15.5,False,34.8,557.45,296.35,-46.12,1.35,270,-0.46,-1.44,-4.0,-16.66,-26.05,-19.15,False
CSLFINANCE,NSE,EQ,INE718F01018,2026-10-09,203.28,203.01,205.99,202.06,202.53,0.37,203.04,15817,3211462.5,36188.0,0.44,,219.85,238.44,-7.54,-14.74,False,32.64,321.7,202.53,-36.81,0.37,270,0.37,-2.43,-15.95,-9.49,-17.68,-29.34,False
CSM,NSE,EQ,INE0ZK601013,2026-10-09,89.5,92.0,92.18,88.3,90.35,-0.94,89.48,72148,6455850.65,1273464.0,0.06,,98.08,102.98,-8.75,-13.09,False,36.16,109.85,83.44,-18.53,7.26,70,-0.94,-5.04,-4.92,-10.78,,,False
CSSL,NSE,SM,INE1EF801010,2026-10-08,76.6,77.1,77.5,76.6,78.2,-2.05,76.86,7000,538000.0,12700.0,0.55,,87.93,101.35,-12.88,-24.42,False,38.81,154.8,69.6,-50.52,10.06,203,-2.05,3.51,-17.63,-18.12,-24.2,,True
CTE,NSE,BE,INE627H01017,2026-10-09,37.74,36.52,38.24,36.52,36.51,3.37,37.41,6125,229126.25,9022.0,0.68,,39.71,36.9,-4.96,2.28,True,40.38,59.05,21.42,-36.09,76.19,270,3.37,-3.01,-9.65,28.76,28.06,1.78,False
CUB,NSE,EQ,INE491A01021,2026-10-09,231.42,221.85,233.0,221.47,220.07,5.16,228.58,3671884,839305827.48,2512665.0,1.46,,225.27,233.85,2.73,-1.04,False,55.09,301.75,196.65,-23.31,17.68,270,5.16,0.6,-0.67,0.91,-9.29,8.28,False
CUBEINVIT,NSE,BL,INE0NR623014,2026-03-30,146.0,146.0,146.0,146.0,146.0,0.0,146.0,36550000,5336300000.0,19175000.0,1.91,,146.0,146.0,0.0,0.0,False,,146.0,146.0,0.0,0.0,2,0.0,,,,,,False
CUBEXTUB,NSE,BE,INE144D01012,2026-10-09,173.53,163.0,173.53,157.01,165.27,5.0,169.07,314406,53157230.7,471186.0,0.67,,111.02,95.24,56.31,82.2,True,76.51,175.74,73.94,-1.26,134.69,270,5.0,4.47,119.99,114.5,90.07,84.12,False
CUDML,NSE,SM,INE0WL201014,2026-10-09,99.55,93.0,99.8,80.1,87.2,14.16,85.63,123000,10531900.0,30500.0,4.03,,113.38,131.37,-12.2,-24.22,False,44.16,189.0,85.0,-47.33,17.12,252,14.16,-6.92,-5.37,-46.45,17.12,,True
CUMMINSIND,NSE,EQ,INE298A01020,2026-10-09,4830.0,4740.9,4859.0,4671.1,4740.9,1.88,4810.33,429821,2067581315.9,452685.0,0.95,,5088.6,5003.83,-5.08,-3.47,True,41.96,6027.5,3849.0,-19.87,25.49,270,1.88,-0.62,-4.17,-14.08,0.7,23.01,False
CUPID,NSE,EQ,INE509F01029,2026-10-09,366.1,358.65,368.0,331.0,356.65,2.65,361.41,33720165,12186755444.35,27592722.0,1.22,,277.05,240.82,32.14,52.02,True,78.67,524.9,76.25,-30.25,380.13,270,2.65,17.15,33.22,72.49,298.63,70.31,False
CURAA,NSE,BE,INE117B01020,2026-10-09,70.94,67.0,72.0,67.0,69.38,2.25,70.95,39,2767.0,243.0,0.16,,73.7,101.74,-3.74,-30.27,False,45.85,221.5,64.08,-67.97,10.71,268,2.25,-1.81,-9.05,-6.5,-35.6,-68.61,False
CURIS,NSE,ST,INE1BZN01016,2026-10-07,202.0,204.45,204.45,201.0,207.0,-2.42,202.35,7000,1416450.0,23500.0,0.3,,168.52,134.69,19.87,49.97,True,56.27,230.1,88.8,-12.21,127.48,198,-2.42,-12.21,39.21,85.32,109.98,,True
CURRENT,NSE,SM,INE1CRQ01014,2026-10-09,92.0,92.0,92.0,92.0,91.2,0.88,92.0,1600,147200.0,10000.0,0.16,,95.91,114.34,-4.08,-19.54,False,48.75,159.6,78.65,-42.36,16.97,217,0.88,-4.17,8.24,-18.94,-26.4,,True
CYBERMEDIA,NSE,BE,INE278G01037,2026-10-09,17.52,17.53,18.66,17.45,17.78,-1.46,17.7,12147,214961.34,20614.0,0.59,,19.01,17.36,-7.83,0.92,True,37.7,26.57,11.4,-34.06,53.68,270,-1.46,-2.45,-26.76,8.68,18.86,5.93,False
CYBERTECH,NSE,EQ,INE214A01019,2026-10-09,131.58,130.6,135.29,130.17,132.25,-0.51,132.33,20304,2686899.8,30376.0,0.67,,137.58,138.73,-4.36,-5.16,False,39.82,270.89,98.72,-51.43,33.29,270,-0.51,-3.21,-5.51,-6.41,1.85,-38.74,False
CYIENT,NSE,EQ,INE136B01020,2026-10-09,1158.8,1086.5,1182.0,1086.5,1084.7,6.83,1154.72,4226963,4880945788.0,759490.0,5.57,,1030.59,990.17,12.44,17.03,True,63.47,1211.7,752.85,-4.37,53.92,270,6.83,4.91,6.67,37.76,34.86,1.1,False
CYIENTDLM,NSE,EQ,INE055S01018,2026-10-09,952.35,977.0,988.8,941.6,981.3,-2.95,959.44,335996,322366886.75,503173.0,0.67,,830.39,595.89,14.69,59.82,True,58.27,988.3,272.3,-3.64,249.74,270,-2.95,6.54,-2.45,74.53,210.67,125.86,False
DABUR,NSE,EQ,INE016A01026,2026-10-09,386.7,377.2,387.35,376.6,376.8,2.63,384.77,886309,341021647.1,2304959.0,0.38,,393.64,438.65,-1.76,-11.84,False,50.86,525.35,371.55,-26.39,4.08,270,2.63,3.33,3.12,-12.81,-9.49,-21.29,False
DAICHI,NSE,BE,INE928C01010,2026-10-09,309.95,321.95,328.0,309.0,321.95,-3.73,312.18,658,205414.4,960.0,0.69,,323.63,295.74,-4.23,4.81,True,39.09,370.6,231.99,-16.37,33.6,120,-3.73,-2.25,-15.54,-3.35,,,False
DALBHARAT,NSE,EQ,INE00R701025,2026-10-09,1598.6,1600.9,1615.7,1591.9,1592.9,0.36,1598.7,21444,34282476.3,81929.0,0.26,,1738.87,1877.06,-8.07,-14.83,False,32.22,2253.7,1592.9,-29.07,0.36,270,0.36,-4.96,-5.99,-10.52,-16.85,-28.22,False
DALMIASUG,NSE,EQ,INE495A01022,2026-10-09,435.55,428.0,448.0,427.45,428.95,1.54,440.75,246867,108807318.55,319080.0,0.77,,417.39,377.35,4.35,15.42,True,53.71,508.1,264.45,-14.28,64.7,270,1.54,9.79,-3.29,22.0,17.38,24.64,False
DAMCAPITAL,NSE,EQ,INE284H01025,2026-10-09,143.45,142.13,145.85,139.59,141.38,1.46,142.76,204761,29232082.75,1337252.0,0.15,,146.58,162.62,-2.14,-11.79,False,47.79,263.22,121.48,-45.5,18.09,270,1.46,-2.12,-1.27,-6.49,2.6,-38.55,False
DAMODARIND,NSE,BE,INE497D01022,2026-10-09,26.94,26.21,27.0,26.21,26.58,1.35,26.54,1857,49278.81,3822.0,0.49,,28.05,29.12,-3.97,-7.47,False,43.9,36.18,20.01,-25.54,34.63,270,1.35,1.32,-7.45,-13.63,12.11,-23.25,False
DANGEE,NSE,EQ,INE688Y01022,2026-10-09,3.2,3.2,3.3,3.07,3.13,2.24,3.17,40338,127868.52,510246.0,0.08,,2.95,3.22,8.49,-0.62,False,60.9,4.62,2.6,-30.74,23.08,270,2.24,10.34,11.11,1.27,0.0,-23.26,False
DANISH,NSE,SM,INE0YU901016,2026-10-09,1006.0,1004.6,1040.0,1000.0,999.5,0.65,1017.82,16200,16488720.0,54855.0,0.3,,914.51,844.63,10.0,19.11,True,57.28,1061.85,557.05,-5.26,80.59,270,0.65,5.51,18.21,9.71,52.97,23.27,True
DATAMATICS,NSE,EQ,INE365B01017,2026-10-09,745.8,745.0,750.7,734.0,744.8,0.13,743.48,32054,23831653.3,152736.0,0.21,,789.7,803.72,-5.56,-7.21,False,39.89,977.15,637.25,-23.68,17.03,270,0.13,-5.63,0.92,-17.17,5.69,-10.99,False
DATAPATTNS,NSE,EQ,INE0IX101010,2026-10-09,4084.8,4117.1,4133.0,4047.2,4097.1,-0.3,4093.47,285002,1166646192.7,449817.0,0.63,,4415.55,3919.37,-7.49,4.22,True,35.25,4932.3,2182.5,-17.18,87.16,270,-0.3,-3.92,-17.18,-5.95,24.51,60.23,False
DAVANGERE,NSE,EQ,INE179G01029,2026-10-09,2.26,2.28,2.32,2.23,2.28,-0.88,2.27,5051063,11474231.56,14446603.0,0.35,,2.52,3.28,-10.18,-31.03,False,46.93,5.15,1.75,-56.12,29.14,270,-0.88,0.0,17.1,-35.43,-39.73,-40.05,False
DBCORP,NSE,EQ,INE950I01011,2026-10-09,172.95,169.0,174.0,167.4,167.39,3.32,171.23,64126,10980135.29,78927.0,0.81,,189.88,213.04,-8.91,-18.82,False,33.93,269.6,167.39,-35.85,3.32,270,3.32,0.25,-11.44,-15.03,-18.5,-35.77,False
DBEIL,NSE,EQ,INE0OPA01027,2026-10-09,6.38,6.37,6.66,6.1,6.39,-0.16,6.34,143046,906616.84,363100.0,0.39,,10.1,49.86,-36.8,-87.2,False,35.56,173.49,6.11,-96.32,4.42,270,-0.16,-1.85,-12.12,-23.04,-90.27,-96.29,False
DBL,NSE,EQ,INE917M01012,2026-10-09,395.65,397.4,401.2,393.1,397.4,-0.44,396.46,75875,30081232.35,543924.0,0.14,,411.76,433.15,-3.91,-8.66,False,41.91,525.0,386.15,-24.64,2.46,270,-0.44,-0.86,0.53,-7.19,-7.18,-16.3,False
DBOL,NSE,EQ,INE0I3401014,2026-10-09,141.33,142.51,145.0,135.61,140.43,0.64,140.88,757711,106749938.11,321142.0,2.36,,122.02,109.41,15.83,29.18,True,70.35,141.33,69.44,0.0,103.53,270,0.64,16.89,12.06,25.6,20.57,73.88,False
DBREALTY,NSE,EQ,INE879I01012,2026-10-09,84.98,85.97,85.99,83.44,84.72,0.31,84.62,786974,66593368.83,1054746.0,0.75,,100.71,114.73,-15.62,-25.93,False,24.44,163.21,83.97,-47.93,1.2,270,0.31,-7.33,-16.02,-25.63,-15.29,-47.46,False
DBSTOCKBRO,NSE,BE,INE921B01025,2026-10-09,31.99,32.29,33.5,30.42,31.91,0.25,32.32,14768,477274.78,7804.0,1.89,,31.06,29.75,2.98,7.52,True,58.35,44.67,24.43,-28.39,30.95,270,0.25,1.56,12.6,-25.1,20.63,27.3,False
DCAL,NSE,EQ,INE385W01011,2026-10-09,149.68,147.75,151.79,145.37,146.66,2.06,148.9,134069,19962641.13,221693.0,0.6,,169.48,192.47,-11.68,-22.23,False,32.99,297.6,129.97,-49.7,15.17,270,2.06,-0.45,-13.97,-23.57,-7.61,-45.69,False
DCBBANK,NSE,EQ,INE503A01015,2026-10-09,203.79,196.8,208.4,196.8,196.56,3.68,204.66,2106232,431064034.06,1245794.0,1.69,,205.37,186.81,-0.77,9.09,True,45.48,229.55,128.59,-11.22,58.48,270,3.68,2.04,-11.22,8.01,8.62,60.79,False
DCCL,NSE,SM,INE04Q901010,2026-10-08,40.0,40.0,40.0,40.0,41.9,-4.53,40.0,2000,80000.0,4200.0,0.48,,43.75,46.27,-8.57,-13.56,False,36.21,59.75,33.7,-33.05,18.69,206,-4.53,-1.23,-19.19,-4.19,-18.37,,True
DCG,NSE,ST,INE0S8401018,2026-10-09,71.0,71.5,71.85,71.0,71.85,-1.18,71.51,7200,514860.0,32340.0,0.22,,68.5,63.95,3.64,11.02,True,48.33,92.3,48.25,-23.08,47.15,262,-1.18,-7.07,-4.05,42.0,23.37,5.97,True
DCI,NSE,EQ,INE0A1101019,2026-10-09,341.05,352.0,352.0,337.55,345.2,-1.2,341.21,22551,7694665.05,412802.0,0.05,,321.62,297.22,6.04,14.75,True,58.21,413.85,214.03,-17.59,59.35,270,-1.2,-0.55,13.4,17.5,-11.45,32.72,False
DCM,NSE,EQ,INE498A01018,2026-10-09,71.17,70.8,71.4,67.75,69.84,1.9,70.57,5583,394016.74,10498.0,0.53,,78.27,84.26,-9.07,-15.53,False,31.02,100.06,55.37,-28.87,28.54,270,1.9,-2.28,-5.18,-27.38,9.41,-26.83,False
DCMFINSERV,NSE,EQ,INE891B01012,2026-10-09,4.81,4.89,5.3,4.75,4.88,-1.43,4.93,26624,131228.83,15657.0,1.7,,5.15,5.27,-6.6,-8.81,False,40.09,8.15,3.91,-40.98,23.02,270,-1.43,-5.13,-5.87,-10.76,-10.59,-12.55,False
DCMNVL,NSE,BE,INE08KP01019,2026-10-09,170.0,167.94,173.8,164.0,167.94,1.23,168.3,2646,445334.98,9177.0,0.29,,171.28,155.73,-0.75,9.16,True,44.64,192.85,97.56,-11.85,74.25,270,1.23,2.12,-5.79,16.32,49.46,12.34,False
DCMSHRIRAM,NSE,EQ,INE499A01024,2026-10-09,955.55,955.8,973.0,944.9,955.75,-0.02,957.88,44697,42814390.6,132827.0,0.34,,998.85,1075.69,-4.34,-11.17,False,45.06,1330.2,906.85,-28.16,5.37,270,-0.02,5.37,-5.22,-9.42,-14.76,-16.76,False
DCMSIL,NSE,EQ,INE0OU201013,2026-10-09,76.02,74.65,78.0,74.65,75.72,0.4,76.22,67968,5180255.81,141994.0,0.48,,75.38,68.53,0.85,10.92,True,49.72,100.4,52.21,-24.28,45.6,159,0.4,-5.27,10.03,-1.03,16.06,,False
DCMSRIND,NSE,EQ,INE843D01027,2026-10-09,38.91,38.5,39.18,38.3,38.42,1.28,38.75,102637,3977344.08,655098.0,0.16,,41.3,58.95,-5.78,-34.0,False,43.16,176.4,32.66,-77.94,19.14,270,1.28,3.24,-11.12,-3.02,3.13,-76.2,False
DCW,NSE,EQ,INE500A01029,2026-10-09,44.19,44.74,45.01,43.5,44.3,-0.25,44.38,1093719,48542130.45,1613215.0,0.68,,46.25,50.06,-4.45,-11.72,False,42.65,71.23,37.49,-37.96,17.87,270,-0.25,-0.96,-7.26,-9.82,2.2,-34.94,False
DCXINDIA,NSE,EQ,INE0KL801015,2026-10-09,150.41,153.21,153.21,147.6,153.51,-2.02,149.7,685617,102635933.48,344789.0,1.99,,168.89,187.96,-10.94,-19.98,False,29.74,248.19,150.41,-39.4,0.0,270,-2.02,-5.4,-13.6,-24.86,-13.61,-37.86,False
DDEVPLSTIK,NSE,EQ,INE0HR601026,2026-10-09,244.17,246.5,246.98,242.11,244.15,0.01,243.87,76137,18567462.82,90714.0,0.84,,262.33,270.8,-6.92,-9.83,False,36.6,347.8,189.35,-29.8,28.95,270,0.01,-1.39,-9.38,-14.25,10.76,-27.9,False
DECCANCE,NSE,EQ,INE583C01021,2026-10-09,547.75,548.0,558.15,530.35,532.95,2.78,545.6,17204,9386522.2,35497.0,0.48,,561.93,650.7,-2.52,-15.82,False,45.73,1088.5,532.95,-49.68,2.78,270,2.78,-0.22,-3.52,-5.08,-15.03,-50.48,False
DECCANTRAN,NSE,SM,INE0S7C01019,2026-10-09,20.0,19.55,20.0,19.55,19.55,2.3,19.77,2400,47460.0,11460.0,0.21,,21.35,24.23,-6.31,-17.45,False,43.73,38.05,16.6,-47.44,20.48,229,2.3,-7.83,0.0,-16.67,-16.49,,True
DECNGOLD,NSE,EQ,INE945F01025,2026-10-09,197.53,192.0,199.9,187.34,191.16,3.33,194.47,930337,180925105.5,1235516.0,0.75,,209.07,174.14,-5.52,13.43,True,41.11,247.61,116.44,-20.23,69.64,120,3.33,0.94,-11.51,-3.78,,,False
DEEDEV,NSE,EQ,INE841L01016,2026-10-09,604.15,624.8,624.8,597.4,608.6,-0.73,608.7,202654,123355980.05,196193.0,1.03,,646.14,520.21,-6.5,16.14,True,39.98,738.75,184.78,-18.22,226.96,270,-0.73,-8.9,-13.89,-13.53,87.97,126.49,False
DEEM,NSE,SM,INE586O01011,2026-10-09,42.7,42.75,42.75,42.7,44.65,-4.37,42.72,2000,85450.0,3150.0,0.63,,44.71,46.32,-4.5,-7.81,False,44.98,61.5,29.65,-30.57,44.01,216,-4.37,-9.92,8.24,-4.69,9.21,,True
DEEP,NSE,BE,INE00IY01012,2026-10-09,40.87,41.0,41.29,38.4,39.33,3.92,40.44,7550,305343.82,49131.0,0.15,,40.22,37.48,1.61,9.04,True,50.32,47.23,35.0,-13.47,16.77,38,3.92,-4.26,14.93,,,,False
DEEPA,NSE,EQ,INE1M2N01020,2026-10-09,245.53,236.0,249.9,229.51,232.8,5.47,240.5,8983959,2160655140.99,6113742.0,1.47,,198.33,195.18,23.8,25.79,True,77.18,245.53,169.14,0.0,45.16,22,5.47,27.77,26.32,,,,False
DEEPAKFERT,NSE,EQ,INE501A01019,2026-10-09,1392.6,1390.0,1408.4,1376.1,1390.2,0.17,1395.64,211841,295652797.7,261110.0,0.81,,1402.27,1372.97,-0.69,1.43,True,52.56,1664.3,872.1,-16.33,59.68,270,0.17,7.05,3.47,-8.75,32.72,-7.28,False
DEEPAKNTR,NSE,EQ,INE288B01029,2026-10-09,1621.9,1585.0,1634.0,1585.0,1584.1,2.39,1614.85,371537,599975765.2,231890.0,1.6,,1632.55,1655.48,-0.65,-2.03,False,52.96,1875.9,1286.8,-13.54,26.04,270,2.39,8.65,-1.57,-1.34,14.0,-11.62,False
DEEPINDS,NSE,EQ,INE0FHS01024,2026-10-09,746.4,775.0,777.0,743.0,777.6,-4.01,752.51,251986,189620804.65,339537.0,0.74,,701.72,565.51,6.37,31.99,True,50.57,818.7,331.55,-8.83,125.12,270,-4.01,-0.35,-8.83,60.41,66.27,57.63,False
DEFENCE,NSE,EQ,INF769K01QC2,2026-10-09,75.32,72.88,76.27,72.88,74.75,0.76,75.07,137782,10343408.47,283853.0,0.49,,78.83,75.04,-4.46,0.37,True,36.63,83.81,59.66,-10.13,26.25,157,0.76,-1.3,-10.13,-4.66,13.16,,False
DELAPLEX,NSE,SM,INE0SK801018,2026-10-09,94.75,99.85,99.85,92.45,94.0,0.8,96.58,7800,753300.0,8730.0,0.89,,96.21,106.98,-1.52,-11.44,False,49.06,184.65,81.1,-48.69,16.83,261,0.8,0.26,-8.72,-7.2,3.55,-32.2,True
DELHIVERY,NSE,EQ,INE148O01028,2026-10-09,400.5,400.0,403.0,393.9,397.0,0.88,399.48,1476920,590004014.9,2849878.0,0.52,,437.41,449.63,-8.44,-10.93,False,35.31,520.3,378.5,-23.03,5.81,270,0.88,0.12,-11.96,-23.03,-12.91,-11.01,False
DELPH-RE,NSE,BE,INE726L20019,2025-11-03,8.85,8.35,9.27,8.35,9.28,-4.63,8.55,75383,644705.12,44184.0,1.71,,27.38,29.85,-67.67,-70.35,False,,30.75,8.85,-71.22,0.0,6,-4.63,-71.22,,,,,False
DELPHIFX,NSE,BE,INE726L01027,2026-10-09,7.31,7.59,7.59,7.31,7.45,-1.88,7.46,61318,457249.18,173850.0,0.35,,7.03,51.48,4.0,-85.8,False,69.89,253.05,4.96,-97.11,47.38,270,-1.88,5.94,22.86,-16.93,-30.25,-96.92,False
DELTACORP,NSE,EQ,INE124G01033,2026-10-09,81.31,78.32,82.74,76.0,78.32,3.82,80.51,11493641,925377897.13,21709368.0,0.53,,66.99,67.04,21.37,21.28,False,63.66,85.43,49.34,-4.82,64.8,270,3.82,10.66,46.66,25.11,38.05,4.19,False
DELTAMAGNT,NSE,EQ,INE393A01011,2026-10-09,55.03,56.2,56.25,54.12,56.63,-2.83,54.93,1564,85907.24,3437.0,0.46,,56.97,62.07,-3.4,-11.35,False,45.0,82.43,46.2,-33.24,19.11,270,-2.83,1.76,-5.84,-7.03,-2.15,-29.35,False
DELTIC,NSE,SM,INE0XRN01019,2026-10-09,34.45,33.5,34.6,33.0,33.4,3.14,33.63,15000,504450.0,10600.0,1.42,,35.0,40.48,-1.56,-14.89,False,48.37,67.45,28.45,-48.93,21.09,266,3.14,-4.17,-2.55,2.23,4.55,-50.29,True
DEN,NSE,EQ,INE947J01015,2026-10-09,25.85,25.25,26.25,25.02,25.1,2.99,25.59,372064,9521463.13,272684.0,1.36,,26.91,28.57,-3.94,-9.51,False,43.09,35.23,22.98,-26.63,12.49,270,2.99,1.73,-4.89,-11.44,-2.16,-21.71,False
DENEERS,NSE,SM,INE0JWV01011,2026-10-09,168.0,168.45,168.45,168.0,168.45,-0.27,168.22,1200,201870.0,11250.0,0.11,,175.0,185.85,-4.0,-9.61,False,44.77,241.2,137.2,-30.35,22.45,270,-0.27,-3.2,-3.72,-4.27,-0.15,1.73,True
DENORA,NSE,EQ,INE244A01016,2026-10-09,706.0,709.5,720.4,702.85,717.35,-1.58,708.92,4028,2855541.55,5326.0,0.76,,791.82,787.26,-10.84,-10.32,True,25.57,949.2,567.75,-25.62,24.35,270,-1.58,-2.47,-12.4,-20.36,-2.82,-14.82,False
DENTA,NSE,EQ,INE0R4L01018,2026-10-09,259.8,259.0,263.9,258.05,258.7,0.43,260.5,45015,11726422.35,87940.0,0.51,,283.21,304.62,-8.27,-14.71,False,34.74,467.65,224.45,-44.45,15.75,270,0.43,-0.33,-7.1,-26.41,0.64,-41.25,False
DENTALKART,NSE,SM,INE0N5801013,2026-10-09,456.6,450.0,472.0,450.0,458.0,-0.31,463.21,4000,1852837.5,18900.0,0.21,,420.68,446.75,8.54,2.21,False,60.02,610.85,336.7,-25.25,35.61,270,-0.31,-0.52,12.91,22.2,15.3,-25.4,True
DESTINY,NSE,SM,INE0IGO01011,2026-08-11,100.65,100.65,100.65,100.65,105.9,-4.96,100.65,1500,150975.0,12975.0,0.12,,119.58,122.05,-15.83,-17.53,False,35.5,140.5,100.0,-28.36,0.65,77,-4.96,-22.52,-12.48,-8.04,,,True
DEVIT,NSE,EQ,INE060X01034,2026-10-09,19.39,19.3,21.0,18.61,19.47,-0.41,19.66,112812,2218396.19,52681.0,2.14,,23.75,28.69,-18.34,-32.41,False,22.33,42.71,19.39,-54.6,0.0,270,-0.41,-6.55,-19.17,-29.62,-29.39,-51.66,False
DEVX,NSE,EQ,INE0VOV01021,2026-10-09,39.92,39.02,40.3,38.53,39.02,2.31,39.69,154302,6124146.13,142034.0,1.09,,35.58,39.06,12.21,2.19,False,68.39,52.04,30.82,-23.29,29.53,262,2.31,10.03,18.28,13.83,10.64,-22.92,False
DEVYANI,NSE,EQ,INE872J01023,2026-10-09,123.59,124.17,126.35,121.2,123.23,0.29,123.42,2254134,278215914.8,1697010.0,1.33,,132.11,130.68,-6.45,-5.43,True,32.31,171.74,94.59,-28.04,30.66,270,0.29,-2.74,-10.44,9.89,16.59,-26.45,False
DGCONTENT,NSE,EQ,INE03JI01017,2026-10-09,23.52,23.01,23.56,22.5,23.68,-0.68,23.07,22457,518018.62,24329.0,0.92,,24.65,27.2,-4.59,-13.54,False,42.56,38.22,21.96,-38.46,7.1,270,-0.68,-7.51,-4.16,-9.68,-18.59,-34.1,False
DHABRIYA,NSE,BE,INE260R01016,2026-10-09,468.8,494.0,494.0,467.2,485.95,-3.53,472.18,5415,2556844.75,10710.0,0.51,,497.81,504.73,-5.83,-7.12,False,57.25,587.0,452.55,-20.14,3.59,38,-3.53,1.08,-9.12,,,,False
DHAMPURSUG,NSE,EQ,INE041A01016,2026-10-09,184.58,183.0,188.64,183.0,182.91,0.91,185.75,547287,101656064.36,898591.0,0.61,,166.8,149.01,10.66,23.87,True,61.85,189.76,110.48,-2.73,67.07,270,0.91,7.9,9.3,28.81,36.72,38.65,False
DHANBANK,NSE,EQ,INE680A01011,2026-10-09,33.96,32.5,34.34,31.67,32.65,4.01,33.37,3865722,129002995.27,2238131.0,1.73,,30.95,29.73,9.73,14.24,True,66.21,36.22,19.64,-6.24,72.91,270,4.01,25.92,9.16,-2.27,35.3,36.22,False
DHANI,NSE,EQ,INE274G01010,2025-10-27,51.06,56.31,56.31,50.39,56.03,-8.87,51.95,22339498,1160596282.35,4019197.0,5.56,,61.16,63.44,-16.52,-19.52,False,26.17,69.58,51.06,-26.62,0.0,35,-8.87,-9.42,-20.85,,,,False
DHANLAXMI,NSE,SM,INE0V9V01010,2026-10-09,26.85,26.4,27.25,22.6,26.5,1.32,25.91,50000,1295400.0,17300.0,2.89,,25.7,29.69,4.48,-9.57,False,56.15,45.1,22.3,-40.47,20.4,232,1.32,1.32,7.4,-9.44,7.62,,True
DHANSA,NSE,ST,INE0M3I01029,2026-10-09,27.45,27.55,27.55,27.45,28.85,-4.85,27.48,10000,274800.0,15700.0,0.64,,26.43,24.45,3.85,12.25,True,49.13,35.75,18.6,-23.22,47.58,78,-4.85,6.81,-2.31,30.71,,,True
DHANUKA,NSE,EQ,INE435G01025,2026-10-09,860.0,887.55,897.65,851.0,893.35,-3.73,868.29,124970,108509933.45,27949.0,4.47,,972.52,1084.6,-11.57,-20.71,False,22.68,1537.5,860.0,-44.07,0.0,270,-3.73,-8.03,-13.49,-17.77,-15.28,-44.13,False
DHARAN,NSE,BZ,INE278R01034,2026-10-09,0.13,0.14,0.14,0.13,0.13,0.0,0.14,5832121,801940.56,7109583.0,0.82,,0.14,0.21,-8.1,-36.85,False,38.49,0.61,0.11,-78.69,18.18,244,0.0,0.0,0.0,-13.33,-13.33,,False
DHARARAIL,NSE,SM,INE2HJL01019,2026-10-08,141.1,141.1,141.1,141.1,141.1,0.0,141.1,2000,282200.0,9500.0,0.21,,141.38,138.68,-0.2,1.74,True,48.42,169.0,90.05,-16.51,56.69,183,0.0,0.79,3.29,-11.23,37.66,,True
DHARI-RE,NSE,ST,INE0YRN20017,2026-03-13,33.1,32.0,35.2,30.15,31.6,4.75,32.7,585000,19130700.0,1484250.0,0.39,,26.71,26.18,23.93,26.41,True,,33.1,26.0,0.0,27.31,4,4.75,,,,,,True
DHARIWAL,NSE,SM,INE0YRN01025,2026-10-09,28.1,27.75,28.85,27.55,28.6,-1.75,27.95,30000,838500.0,266250.0,0.11,,26.96,75.1,4.21,-62.58,False,57.88,407.0,17.1,-93.1,64.33,268,-1.75,-3.1,6.24,-15.62,-24.87,-86.42,True
DHARMAJ,NSE,EQ,INE00OQ01016,2026-10-09,259.45,265.1,266.9,256.35,263.1,-1.39,262.6,33723,8855588.2,58212.0,0.58,,271.57,272.66,-4.46,-4.84,False,37.28,321.8,215.8,-19.38,20.23,270,-1.39,-3.06,-3.82,-0.21,-0.17,-13.92,False
DHATRE,NSE,EQ,INE715T01031,2026-10-09,3.87,3.9,3.99,3.8,3.89,-0.51,3.89,16334,63549.26,41672.0,0.39,,4.18,4.25,-7.42,-8.84,False,51.32,4.69,3.87,-17.48,0.0,38,-0.51,-3.73,-17.48,,,,False
DHOOTTRANS,NSE,EQ,INE01NH01023,2026-10-09,1447.3,1440.0,1489.2,1408.7,1440.4,0.48,1457.04,765002,1114641553.1,1825191.0,0.42,,1449.21,1292.13,-0.13,12.01,True,54.19,1728.7,1187.05,-16.28,21.92,38,0.48,0.27,-9.41,,,,False
DHRUV,NSE,EQ,INE506Z01015,2026-10-09,23.03,21.3,23.03,21.3,20.94,9.98,22.7,17086,387802.21,8528.0,2.0,,22.77,30.96,1.13,-25.62,False,59.42,53.65,19.47,-57.07,18.28,269,9.98,16.67,-1.58,-12.27,-34.72,-56.04,False
DHTL,NSE,SM,INE0OGG01015,2026-10-09,22.35,23.0,23.45,22.35,23.5,-4.89,22.7,4000,90800.0,28760.0,0.14,,33.51,48.92,-33.29,-54.31,False,28.0,122.75,22.35,-81.79,0.0,159,-4.89,-10.42,-28.93,-45.29,-81.42,,True
DHUNINV,NSE,EQ,INE320L01011,2026-10-09,911.65,933.0,933.0,908.0,933.35,-2.32,913.23,653,596338.15,438.0,1.49,,966.06,997.51,-5.63,-8.61,False,35.57,1464.3,681.45,-37.74,33.78,270,-2.32,-5.75,-10.14,-7.86,15.03,-35.76,False
DIACABS,NSE,BE,INE989C01038,2026-10-09,380.95,370.0,385.0,357.55,371.9,2.43,374.79,1168361,437886691.7,916322.0,1.28,,339.72,246.15,12.14,54.76,True,60.66,394.75,117.94,-3.5,223.0,270,2.43,10.42,13.29,66.35,184.93,155.14,False
DIAMINESQ,NSE,EQ,INE591D01014,2026-10-09,235.01,235.0,240.0,233.0,235.73,-0.31,236.19,1234,291460.68,5250.0,0.24,,245.97,260.02,-4.46,-9.62,False,38.82,325.75,212.37,-27.86,10.66,270,-0.31,-0.55,-4.1,-12.88,-2.44,-25.67,False
DIAMONDYD,NSE,EQ,INE393P01035,2026-10-09,1049.4,1041.1,1058.0,1022.3,1044.7,0.45,1046.66,25734,26934692.1,20785.0,1.24,,1111.86,1092.58,-5.62,-3.95,True,38.68,1227.4,879.2,-14.5,19.36,270,0.45,-2.2,-7.08,-11.87,5.37,1.46,False
DICIND,NSE,EQ,INE303A01010,2026-10-09,603.1,595.4,612.75,595.4,600.75,0.39,602.27,257,154782.25,4458.0,0.06,,593.51,550.91,1.62,9.47,True,47.63,665.65,461.5,-9.4,30.68,270,0.39,-1.72,-3.17,15.4,18.52,18.8,False
DIFFNKG,NSE,EQ,INE184O01015,2026-10-09,428.25,441.0,441.0,422.0,427.25,0.23,428.29,123016,52685948.95,153524.0,0.8,,427.28,374.69,0.23,14.29,True,45.78,485.5,237.16,-11.79,80.57,270,0.23,-7.78,-3.22,6.16,51.16,18.68,False
DIGIDRIVE,NSE,EQ,INE0PSC01024,2026-10-09,18.1,17.89,18.2,17.7,17.51,3.37,17.96,13825,248236.11,17719.0,0.78,,17.9,20.81,1.1,-13.02,False,54.72,30.51,16.85,-40.68,7.42,270,3.37,2.78,2.09,-4.69,-11.66,-38.16,False
DIGIKORE,NSE,SM,INE0QJ901011,2026-10-09,36.2,35.75,36.75,35.5,35.65,1.54,36.0,9600,345620.0,32200.0,0.3,,39.81,63.48,-9.06,-42.97,False,44.43,162.4,34.35,-77.71,5.39,270,1.54,-2.82,-9.39,-30.32,-49.44,-77.23,True
DIGISPICE,NSE,EQ,INE927C01020,2026-10-09,15.62,14.77,16.41,14.77,15.02,3.99,15.34,70276,1077943.1,109767.0,0.64,,16.67,19.19,-6.29,-18.6,False,44.45,27.68,14.79,-43.57,5.61,270,3.99,5.61,-7.63,-22.17,-7.19,-41.59,False
DIGITIDE,NSE,EQ,INE0U4701011,2026-10-09,69.9,72.39,72.44,69.1,71.65,-2.44,70.82,431104,30530129.4,269263.0,1.6,,86.79,104.6,-19.46,-33.18,False,22.62,179.64,69.9,-61.09,0.0,270,-2.44,-3.37,-25.18,-35.39,-22.17,-56.03,False
DIGJAMLMTD,NSE,BE,INE731U01028,2026-10-09,47.55,45.23,47.6,45.23,47.55,0.0,47.4,492,23320.54,114130.0,0.0,,51.17,49.33,-7.08,-3.61,True,38.58,68.42,37.19,-30.5,27.86,242,0.0,-0.85,-8.17,7.92,5.13,,False
DIL,NSE,BZ,INE411Y01011,2026-08-31,0.65,0.65,0.67,0.65,0.68,-4.41,0.65,341881,222262.8,545773.0,0.63,,1.12,1.59,-42.21,-59.1,False,12.52,2.32,0.65,-71.98,0.0,135,-4.41,-19.75,-36.89,-62.43,-65.61,,False
DIRL,NSE,SM,INE704V01015,2026-10-08,9.5,9.5,9.5,9.5,9.5,0.0,9.5,6000,57000.0,12000.0,0.5,,12.01,15.77,-20.91,-39.74,False,31.92,19.9,8.9,-52.26,6.74,75,0.0,-12.44,-21.49,-21.49,,,True
DISAQ,NSE,EQ,INE131C01011,2026-10-09,11385.0,11670.0,11680.0,11350.0,11359.0,0.23,11517.67,12,138212.0,142.0,0.08,,11808.73,11939.42,-3.59,-4.64,False,41.02,12560.0,11091.0,-9.36,2.65,120,0.23,1.21,-4.54,-7.66,,,False
DISHTV,NSE,EQ,INE836F01026,2026-10-09,2.05,2.08,2.09,2.02,2.03,0.99,2.05,1993181,4091594.37,2462284.0,0.81,,2.52,3.17,-18.78,-35.25,False,29.76,4.98,1.84,-58.84,11.41,270,0.99,-4.65,-19.29,-31.21,-32.57,-57.73,False
DIVGIITTS,NSE,EQ,INE753U01022,2026-10-09,1016.3,1030.0,1038.9,1005.0,1025.6,-0.91,1020.86,63693,65021737.3,118847.0,0.54,,1111.15,908.87,-8.54,11.82,True,32.94,1301.05,581.75,-21.89,74.7,270,-0.91,-10.57,-14.55,5.05,50.95,53.76,False
DIVIDEND,NSE,EQ,INF769K01PY8,2026-10-09,33.36,33.2,33.42,33.18,32.86,1.52,33.34,1485,49504.12,5064.0,0.29,,34.84,35.47,-4.25,-5.94,False,31.75,37.81,32.86,-11.77,1.52,198,1.52,-0.8,-5.33,-4.39,-6.32,,False
DIVINEHIRA,NSE,ST,INE0NA501011,2026-10-09,103.65,99.7,106.8,99.7,104.9,-1.19,101.39,21600,2189940.0,21000.0,1.03,,120.46,175.04,-13.95,-40.79,False,42.11,353.4,97.35,-70.67,6.47,269,-1.19,-2.36,-6.62,-11.18,-63.05,11.75,True
DIVISLAB,NSE,EQ,INE361B01024,2026-10-09,9340.0,9417.0,9460.5,9273.0,9361.0,-0.22,9343.19,378861,3539770787.0,492402.0,0.77,,8905.28,7517.9,4.88,24.24,True,52.49,9624.0,5710.0,-2.95,63.57,270,-0.22,0.98,-2.45,36.63,58.79,64.16,False
DIVOPPBEES,NSE,EQ,INF204KA1MS3,2026-10-09,71.78,71.9,71.92,70.43,70.64,1.61,71.64,42871,3071409.27,44415.0,0.97,,75.18,77.54,-4.52,-7.43,False,32.13,84.81,70.64,-15.36,1.61,270,1.61,-0.28,-5.23,-6.12,-9.78,-7.08,False
DIVYADHAN,NSE,SM,INE0QYI01019,2026-10-05,40.85,40.85,40.85,40.85,43.0,-5.0,40.85,2000,81700.0,8200.0,0.24,,46.17,39.72,-11.53,2.85,True,36.47,58.1,18.25,-29.69,123.84,200,-5.0,-12.62,-25.46,26.28,72.0,,True
DIXON,NSE,EQ,INE935N01020,2026-10-09,12774.0,12730.0,12875.0,12602.0,12650.0,0.98,12737.69,164138,2090739106.0,311749.0,0.53,,13449.36,13254.0,-5.02,-3.62,True,39.01,17445.0,9673.0,-26.78,32.06,270,0.98,0.58,-9.4,-4.82,20.1,-21.74,False
DJML,NSE,EQ,INE0B1K01014,2026-10-09,72.05,72.95,72.99,70.61,71.76,0.4,71.29,32280,2301321.13,90862.0,0.36,,83.43,91.35,-13.64,-21.13,False,36.94,121.87,53.89,-40.88,33.7,270,0.4,-0.77,-5.3,-36.42,-12.86,-21.98,False
DKEGL,NSE,SM,INE0GN101014,2026-09-30,69.5,69.5,69.5,69.5,69.95,-0.64,69.5,1500,104250.0,6000.0,0.25,,69.15,73.42,0.51,-5.34,False,51.06,84.7,62.5,-17.95,11.2,116,-0.64,-0.71,5.38,-7.58,,,True
DLF,NSE,EQ,INE271C01023,2026-10-09,648.6,638.95,650.4,634.45,636.95,1.83,645.55,1531100,988405548.05,3674842.0,0.42,,657.92,651.89,-1.42,-0.51,True,46.12,779.5,504.1,-16.79,28.66,270,1.83,-1.49,-3.93,-5.42,13.22,-9.03,False
DLINKINDIA,NSE,EQ,INE250K01012,2026-10-09,407.1,409.8,413.8,403.55,406.7,0.1,406.7,34562,14056247.55,49201.0,0.7,,433.07,446.95,-6.0,-8.92,False,37.22,546.05,372.0,-25.45,9.44,270,0.1,0.12,-8.1,-19.62,-2.7,-13.21,False
DMART,NSE,EQ,INE192R01011,2026-10-09,3516.8,3577.9,3603.9,3497.7,3585.0,-1.9,3546.67,490650,1740171313.5,620409.0,0.79,,3813.31,4037.0,-7.78,-12.89,False,33.28,4628.5,3516.8,-24.02,0.0,270,-1.9,-7.77,-5.47,-13.83,-19.5,-21.42,False
DMCC,NSE,EQ,INE505A01010,2026-10-09,332.7,342.0,347.95,328.8,337.1,-1.31,334.97,136035,45567233.45,294221.0,0.46,,296.3,277.12,12.29,20.06,True,61.71,356.05,197.56,-6.56,68.4,270,-1.31,7.77,14.57,26.21,53.08,8.89,False
DNAMEDIA,NSE,EQ,INE016M01021,2026-10-09,2.43,2.44,2.48,2.4,2.44,-0.41,2.43,9600,23300.29,42593.0,0.23,,2.57,3.07,-5.28,-20.78,False,45.43,4.69,2.31,-48.19,5.19,270,-0.41,0.41,-6.9,-12.9,-17.06,-46.36,False
DODLA,NSE,EQ,INE021O01019,2026-10-09,995.7,1007.0,1008.8,994.1,997.5,-0.18,997.76,13027,12997771.0,20681.0,0.63,,1056.09,1122.34,-5.72,-11.28,False,33.35,1350.7,971.1,-26.28,2.53,270,-0.18,-1.05,-7.95,-10.95,-6.41,-24.85,False
DOLATALGO,NSE,EQ,INE966A01022,2026-10-09,59.58,60.0,60.55,58.36,59.72,-0.23,59.32,205893,12214520.71,113070.0,1.82,,67.99,73.37,-12.36,-18.79,False,21.96,93.67,59.58,-36.39,0.0,270,-0.23,-5.22,-15.73,-17.43,-20.04,-24.98,False
DOLLAR,NSE,EQ,INE325C01035,2026-10-09,271.5,279.0,282.0,269.6,279.55,-2.88,273.94,72715,19919197.05,98611.0,0.74,,271.2,285.83,0.11,-5.01,False,48.67,372.75,223.3,-27.16,21.59,270,-2.88,-0.22,2.55,0.63,8.64,-26.07,False
DOLLEX,NSE,EQ,INE0JHH01011,2026-10-09,37.16,37.58,37.98,36.0,37.21,-0.13,36.68,17378,637465.97,46622.0,0.37,,35.45,35.04,4.82,6.04,True,52.75,43.45,27.05,-14.48,37.38,233,-0.13,-2.82,-2.47,19.49,23.87,,False
DOLPHIN,NSE,EQ,INE920A01037,2026-10-09,640.05,647.6,651.45,614.0,620.05,3.23,639.41,62921,40232173.55,59301.0,1.06,,596.0,481.12,7.39,33.03,True,50.73,724.3,332.9,-11.63,92.26,270,3.23,1.9,-6.94,66.18,58.82,64.22,False
DOMS,NSE,EQ,INE321T01012,2026-10-09,2059.4,2066.8,2067.1,2041.0,2057.4,0.1,2057.08,13281,27320055.3,22623.0,0.59,,2154.34,2287.65,-4.41,-9.98,False,37.8,2673.9,2046.5,-22.98,0.63,270,0.1,-1.82,-6.02,-13.33,-13.3,-17.17,False
DONEAR,NSE,EQ,INE668D01028,2026-10-09,81.1,79.7,81.39,79.6,79.95,1.44,80.68,2484,200403.44,10364.0,0.24,,83.91,88.12,-3.35,-7.97,False,43.01,106.53,78.72,-23.87,3.02,270,1.44,1.01,-6.56,-4.93,-12.79,-13.07,False
DPABHUSHAN,NSE,EQ,INE266Y01019,2026-10-09,2363.8,2259.0,2408.5,2222.1,2258.9,4.64,2340.79,295689,692146567.6,254879.0,1.16,,1563.23,1340.68,51.21,76.31,True,86.18,2363.8,887.5,0.0,166.34,270,4.64,26.14,67.46,98.02,117.53,65.44,False
DPEL,NSE,SM,INE0SCO01019,2026-10-09,609.35,609.0,614.0,597.0,604.15,0.86,606.37,45000,27286550.0,38050.0,1.18,,595.28,476.02,2.36,28.01,True,48.82,648.5,237.25,-6.04,156.84,270,0.86,-1.52,-1.99,5.05,30.57,158.2,True
DPSCLTD,NSE,BE,INE360C01024,2026-10-09,6.14,6.25,6.25,6.1,6.37,-3.61,6.18,106115,655368.29,91266.0,1.16,,7.08,8.36,-13.33,-26.6,False,19.22,12.11,6.14,-49.3,0.0,270,-3.61,-9.71,-15.19,-17.58,-32.68,-49.21,False
DPWIRES,NSE,EQ,INE864X01013,2026-10-09,224.88,216.99,233.9,216.99,215.64,4.28,225.16,119374,26878346.63,178898.0,0.67,,171.06,181.38,31.46,23.99,False,76.14,243.64,126.74,-7.7,77.43,270,4.28,37.13,47.2,24.04,45.94,-5.08,False
DRAGARWQ,NSE,EQ,INE934C01018,2026-10-09,5161.5,5180.0,5180.0,5106.5,5160.5,0.02,5159.74,421,2172248.5,2182.0,0.19,,5204.36,5040.61,-0.82,2.4,True,45.48,5422.5,4787.85,-4.81,7.8,120,0.02,0.05,-2.01,5.28,,,False
DRCSYSTEMS,NSE,EQ,INE03RS01027,2026-10-09,12.85,12.79,13.0,12.54,12.57,2.23,12.78,13352,170615.58,52611.0,0.25,,13.05,14.76,-1.51,-12.96,False,49.86,20.84,12.29,-38.34,4.56,270,2.23,-1.31,-0.39,-5.79,-21.84,-36.07,False
DREAMFOLKS,NSE,EQ,INE0JS101016,2026-10-09,59.61,60.45,60.45,59.02,59.41,0.34,59.57,32548,1938949.99,45628.0,0.71,,65.21,79.85,-8.59,-25.35,False,28.92,150.38,57.19,-60.36,4.23,270,0.34,-3.07,-8.49,-14.41,-23.39,-42.1,False
DREDGECORP,NSE,EQ,INE506A01018,2026-10-09,884.95,907.3,913.9,881.05,905.05,-2.22,894.23,59481,53189602.85,91228.0,0.65,,1010.58,982.45,-12.43,-9.92,True,29.28,1232.5,597.45,-28.2,48.12,270,-2.22,-1.14,-15.65,-15.62,-0.39,42.85,False
DRL,NSE,SM,INE704V01015,2026-01-01,19.9,19.9,19.9,19.9,20.9,-4.78,19.9,12000,238800.0,13600.0,0.88,,23.33,23.54,-14.7,-15.45,False,25.73,25.0,19.9,-20.4,0.0,15,-4.78,-15.86,,,,,True
DRONE,NSE,SM,INE0P7201019,2026-10-09,32.7,32.75,33.0,31.9,32.75,-0.15,32.3,23000,743000.0,18925.0,1.22,,35.29,46.66,-7.33,-29.91,False,40.61,97.0,32.3,-66.29,1.24,270,-0.15,-1.21,-1.95,-18.35,-35.05,-52.78,True
DRREDDY,NSE,EQ,INE089A01031,2026-10-09,1197.0,1180.0,1200.8,1172.0,1180.0,1.44,1193.94,1510336,1803248501.2,2335253.0,0.65,,1196.8,1234.14,0.02,-3.01,False,50.9,1375.7,1135.6,-12.99,5.41,270,1.44,-0.76,4.0,-3.8,0.47,-2.18,False
DRSCARGO,NSE,SM,INE0QZM01018,2026-04-15,21.8,21.8,21.8,21.8,20.8,4.81,21.8,800,17440.0,960.0,0.83,,31.96,28.05,-31.8,-22.27,True,46.82,55.4,20.8,-60.65,4.81,29,4.81,-11.74,-56.66,,,,True
DRSDILIP,NSE,SM,INE02CV01017,2026-10-09,103.5,103.5,103.5,103.5,107.0,-3.27,103.5,19200,1987200.0,1880.0,10.21,,91.2,89.12,13.48,16.13,True,56.2,119.5,52.25,-13.39,98.09,57,-3.27,-5.91,40.82,,,,True
DSFCL,NSE,BE,INE0OFM01015,2026-10-09,28.74,28.9,29.6,28.0,28.76,-0.07,28.84,33871,977000.54,81081.0,0.42,,27.26,30.64,5.44,-6.19,False,54.79,47.5,17.36,-39.49,65.55,159,-0.07,3.01,7.48,20.45,22.87,,False
DSKULKARNI,NSE,BE,INE891A01022,2026-10-09,28.77,28.77,28.77,28.77,28.21,1.99,28.77,1,28.77,207.0,0.0,,19.23,12.66,49.61,127.32,True,100.0,28.77,9.03,0.0,218.6,41,1.99,10.36,51.1,,,,False
DSSL,NSE,EQ,INE417B01040,2026-10-09,1015.45,1049.65,1049.65,988.1,1030.1,-1.42,1013.88,48447,49119423.05,42403.0,1.14,,1079.21,1114.23,-5.91,-8.86,False,46.22,1895.1,784.85,-46.42,29.38,270,-1.42,7.03,-4.36,-23.37,1.09,18.08,False
DTIL,NSE,BE,INE341R01014,2026-10-09,152.12,153.0,156.3,151.0,151.16,0.64,154.31,2260,348744.06,5166.0,0.44,,145.18,146.5,4.78,3.83,False,55.79,187.28,109.5,-18.77,38.92,270,0.64,-4.07,7.07,10.78,14.41,-17.66,False
DTL,NSE,SM,INE0JRD01019,2026-10-09,125.0,124.95,125.0,119.95,120.05,4.12,122.49,14400,1763880.0,3600.0,4.0,,124.41,130.2,0.48,-4.0,False,50.21,169.1,93.0,-26.08,34.41,148,4.12,0.68,-1.57,28.87,-24.59,,True
DUCOL,NSE,SM,INE0LZO01015,2026-10-06,122.0,122.0,122.0,122.0,122.25,-0.2,122.0,800,97600.0,12400.0,0.06,,116.91,125.87,4.35,-3.08,False,52.82,201.65,90.3,-39.5,35.11,240,-0.2,6.09,11.93,8.93,3.35,,True
DUCON,NSE,EQ,INE741L01018,2026-10-09,1.39,1.48,1.48,1.37,1.44,-3.47,1.42,1258029,1781349.34,4112444.0,0.31,,2.03,3.06,-31.58,-54.61,False,36.08,5.52,1.23,-74.82,13.01,270,-3.47,6.92,-22.78,-54.28,-61.81,-74.59,False
DUCON-RE1,NSE,BE,INE741L20034,2026-09-07,0.43,0.39,0.48,0.28,0.39,10.26,0.38,5898191,2245901.43,4319171.0,1.37,,0.63,0.65,-31.92,-33.36,False,,0.65,0.39,-33.85,10.26,3,10.26,,,,,,False
DUGLOBAL,NSE,SM,INE0HPK01020,2026-10-09,21.0,20.0,21.0,20.0,20.8,0.96,20.5,5000,102500.0,145750.0,0.03,,24.46,31.32,-14.13,-32.94,False,43.58,45.65,19.0,-54.0,10.53,237,0.96,4.22,-16.0,-38.95,-44.74,,True
DURLAX,NSE,SM,INE0OUW01013,2026-10-09,62.9,63.2,63.5,61.3,61.0,3.11,62.77,58000,3640800.0,217400.0,0.27,,60.91,52.86,3.26,18.98,True,50.78,68.25,36.05,-7.84,74.48,265,3.11,-3.6,-1.87,30.09,31.04,52.3,True
DURLAX-RE,NSE,ST,INE0OUW20013,2026-02-26,0.65,0.75,0.8,0.65,0.8,-18.75,0.69,407000,282014.0,209420.0,1.94,,1.83,1.92,-64.45,-66.12,False,,1.95,0.65,-66.67,0.0,4,-18.75,,,,,,True
DVL,NSE,EQ,INE477B01010,2026-10-09,279.3,271.7,282.0,271.7,270.25,3.35,277.34,7185,1992659.4,9930.0,0.72,,274.92,268.22,1.59,4.13,True,49.52,369.5,187.39,-24.41,49.05,270,3.35,0.22,-4.37,15.82,20.94,-23.5,False
DWARKESH,NSE,EQ,INE366A01041,2026-10-09,44.6,44.6,45.12,43.86,44.0,1.36,44.51,1107999,49311506.87,2586868.0,0.43,,44.64,43.44,-0.09,2.68,True,50.37,55.38,32.53,-19.47,37.1,270,1.36,6.29,-7.01,4.65,0.16,8.57,False
DYCL,NSE,EQ,INE600Y01019,2026-10-09,420.6,427.2,428.95,417.5,423.9,-0.78,421.45,167916,70767995.45,376416.0,0.45,,438.41,390.39,-4.06,7.74,True,40.93,544.3,240.9,-22.73,74.6,270,-0.78,-1.73,-8.68,15.93,42.12,8.67,False
DYNAMATECH,NSE,EQ,INE221B01012,2026-10-09,13321.0,13394.0,13600.0,13111.0,13391.0,-0.52,13289.64,14541,193244648.0,30654.0,0.47,,12169.14,10598.65,9.47,25.69,True,60.07,14279.0,6839.0,-6.71,94.78,270,-0.52,-3.16,14.99,24.64,34.28,94.55,False
DYNAMIC,NSE,SM,INE0DZ701010,2026-10-09,121.0,123.8,123.8,120.0,123.8,-2.26,122.67,2500,306675.0,21600.0,0.12,,139.12,136.2,-13.03,-11.16,True,32.94,180.85,84.7,-33.09,42.86,264,-2.26,-6.89,-17.83,-31.25,29.9,7.65,True
DYNPRO,NSE,EQ,INE256H01015,2026-10-09,229.42,223.23,230.96,222.31,223.23,2.77,227.99,4624,1054222.32,9030.0,0.51,,231.86,247.84,-1.05,-7.43,False,50.59,343.95,192.78,-33.3,19.01,270,2.77,2.16,-1.65,-1.69,2.02,-34.81,False
E2E,NSE,BE,INE255Z01027,2026-10-09,704.6,705.0,720.0,678.45,714.15,-1.34,694.01,986137,684390673.95,665241.0,1.48,,689.75,1483.81,2.15,-52.51,False,64.33,4324.4,369.0,-83.71,90.95,270,-1.34,8.73,14.09,77.08,-71.4,-78.01,False
E2ERAIL,NSE,SM,INE1CEJ01017,2026-10-09,299.45,290.0,300.0,285.2,290.0,3.26,297.74,136000,40493080.0,133080.0,1.02,,309.88,285.88,-3.36,4.75,True,42.62,378.4,174.35,-20.86,71.75,189,3.26,-7.23,-20.14,13.66,49.5,,True
EASEMYTRIP,NSE,EQ,INE07O001026,2026-10-09,5.76,5.8,5.83,5.72,5.78,-0.35,5.77,6608890,38129281.17,13998336.0,0.47,,6.12,6.97,-5.93,-17.35,False,40.39,9.63,5.76,-40.19,0.0,270,-0.35,0.0,-3.03,-16.52,-27.0,-28.09,False
EASTSILK,NSE,BE,INE962C01035,2026-10-09,66.27,73.23,73.23,66.27,69.75,-4.99,66.83,105,7017.05,1705.0,0.06,,63.81,57.13,3.85,16.0,True,49.96,94.53,37.19,-29.9,78.19,184,-4.99,-5.49,16.26,29.94,4.46,,False
EASTWEST,NSE,EQ,INE595R01023,2026-10-09,2.27,2.3,2.35,2.23,2.32,-2.16,2.27,65007,147396.2,58846.0,1.1,,2.36,2.42,-4.0,-6.21,False,39.6,2.51,2.21,-9.56,2.71,38,-2.16,-0.87,-3.81,,,,False
EBANK10,NSE,EQ,INF754K01XH9,2026-10-09,16.22,16.09,16.3,16.09,16.09,0.81,16.12,2018,32533.25,1283.0,1.57,,16.54,16.81,-1.93,-3.51,False,47.46,17.1,15.82,-5.15,2.53,46,0.81,0.19,-1.93,,,,False
EBANKNIFTY,NSE,EQ,INF754K01TE4,2026-10-09,55.98,55.26,56.0,55.26,55.3,1.23,55.81,4896,273250.55,3232.0,1.52,,56.87,57.04,-1.56,-1.87,False,46.18,62.34,50.82,-10.2,10.15,270,1.23,1.34,-2.61,-4.08,-0.2,2.04,False
EBBETF0430,NSE,EQ,INF754K01KO2,2026-10-09,1607.03,1611.9,1611.9,1600.56,1609.82,-0.17,1606.22,34106,54781779.36,14882.0,2.29,,1606.6,1586.32,0.03,1.31,True,49.21,1616.61,1537.11,-0.59,4.55,270,-0.17,0.34,-0.41,0.14,3.14,4.45,False
EBBETF0431,NSE,EQ,INF754K01LE1,2026-10-09,1435.45,1426.55,1437.15,1426.0,1426.59,0.62,1432.17,4977,7127911.54,8376.0,0.59,,1431.68,1415.84,0.26,1.39,True,56.85,1450.22,1376.87,-1.02,4.25,270,0.62,0.55,0.02,-0.41,3.34,4.37,False
EBBETF0433,NSE,EQ,INF754K01QX0,2026-10-09,1296.43,1301.0,1301.0,1295.0,1300.7,-0.33,1296.71,1634,2118830.93,3603.0,0.45,,1305.48,1291.25,-0.69,0.4,True,39.93,1322.42,1254.62,-1.97,3.33,270,-0.33,-0.25,-0.8,-1.44,2.88,3.26,False
EBGNG,NSE,EQ,INE18JU01028,2026-10-09,685.5,697.25,697.5,665.0,692.15,-0.96,681.7,518126,353204693.85,821399.0,0.63,,638.41,507.16,7.38,35.17,True,53.36,731.35,242.55,-6.27,182.62,270,-0.96,-2.72,3.06,8.15,82.12,97.01,False
EBIX,NSE,BE,INE432F01032,2026-10-09,16.28,16.75,17.47,16.02,16.82,-3.21,16.37,70081,1147282.4,35164.0,1.99,,17.97,17.06,-9.39,-4.56,True,39.75,21.75,16.25,-25.15,0.18,38,-3.21,-3.61,-17.65,,,,False
ECAPINSURE,NSE,EQ,INF754K01TX4,2026-10-09,23.07,22.99,23.39,22.62,22.75,1.41,22.96,28774,660509.81,72479.0,0.4,,23.51,23.68,-1.89,-2.58,False,45.84,24.95,21.31,-7.54,8.26,270,1.41,1.5,-2.78,-6.94,1.14,1.9,False
ECLERX,NSE,EQ,INE738I01010,2026-10-09,1866.8,1846.4,1883.9,1838.1,1846.8,1.08,1860.12,56337,104793513.3,144310.0,0.39,,1858.13,2327.59,0.47,-19.8,False,48.77,4947.0,1324.9,-62.26,40.9,270,1.08,3.54,-4.03,15.11,20.87,-53.51,False
ECOLINE,NSE,SM,INE0VBS01016,2026-10-08,182.0,189.25,189.25,176.5,187.4,-2.88,182.75,9000,1644750.0,39600.0,0.23,,181.14,164.53,0.47,10.62,True,51.24,207.35,112.0,-12.23,62.5,232,-2.88,6.15,3.91,-10.34,50.48,,True
ECORECO,NSE,EQ,INE316A01038,2026-10-09,402.7,410.1,418.9,401.0,411.95,-2.25,408.34,5797,2367149.75,11048.0,0.52,,440.75,465.52,-8.63,-13.49,False,35.62,479.0,388.6,-15.93,3.63,38,-2.25,3.63,-10.59,,,,False
ECOSMOBLTY,NSE,EQ,INE06HJ01020,2026-10-09,104.66,107.9,108.95,102.21,107.43,-2.58,105.33,49230,5185167.32,53961.0,0.91,,113.95,146.61,-8.15,-28.62,False,37.19,246.0,104.66,-57.46,0.0,270,-2.58,-0.33,-6.44,-19.09,-20.06,-56.85,False
EDELWEISS,NSE,EQ,INE532F01054,2026-10-09,127.89,128.0,130.3,126.33,127.71,0.14,128.23,2956310,379078937.31,7655410.0,0.39,,130.04,120.8,-1.65,5.87,True,42.79,142.73,99.67,-10.4,28.31,270,0.14,-7.26,-7.86,6.45,12.45,19.1,False
EDUCOMP,NSE,BZ,INE216H01027,2026-10-05,0.93,0.9,0.94,0.88,0.9,3.33,0.94,95825,89920.87,57473.0,1.67,,1.04,1.29,-10.36,-27.68,False,46.91,1.53,0.86,-39.22,8.14,57,3.33,3.33,-6.06,,,,False
EEPL,NSE,ST,INE11HF01010,2026-10-09,139.65,134.95,139.65,128.0,133.0,5.0,136.95,55000,7532350.0,11750.0,4.68,,131.69,136.31,6.05,2.45,False,56.19,221.35,91.1,-36.91,53.29,269,5.0,7.42,-0.96,28.18,12.62,-30.59,True
EFACTOR,NSE,SM,INE0KFF01017,2026-10-09,200.0,195.0,200.0,195.0,197.55,1.24,197.5,800,158000.0,14800.0,0.05,,180.62,206.87,10.73,-3.32,False,63.43,344.9,151.05,-42.01,32.41,251,1.24,7.67,15.91,17.2,4.47,,True
EFCIL,NSE,EQ,INE886D01026,2026-10-09,169.35,170.38,170.38,165.59,167.07,1.36,167.8,165939,27844051.82,183613.0,0.9,,183.19,211.91,-7.56,-20.08,False,37.11,314.2,167.07,-46.1,1.36,270,1.36,-1.08,-9.21,-11.91,-14.98,-44.43,False
EFCIL-RE,NSE,BE,INE886D20018,2026-05-18,16.8,14.01,18.0,12.6,15.08,11.41,14.73,451362,6648604.41,260942.0,1.73,,17.78,17.98,-5.52,-6.56,False,,18.05,15.06,-6.93,11.55,4,11.41,,,,,,False
EFFWA,NSE,SM,INE0U9101019,2026-10-09,361.8,345.0,363.0,345.0,347.15,4.22,356.96,26400,9423660.0,17240.0,1.53,,352.33,303.81,2.69,19.09,True,54.07,397.65,166.8,-9.02,116.91,270,4.22,5.51,0.36,-1.11,63.01,61.34,True
EFORCE,NSE,SM,INE0Q1W01012,2026-10-08,18.75,19.8,19.8,18.75,19.35,-3.1,19.41,4800,93180.0,7140.0,0.67,,19.92,25.12,-5.88,-25.37,False,46.45,45.0,16.4,-58.33,14.33,261,-3.1,1.35,-6.25,-15.54,-2.34,-51.68,True
EGOLD,NSE,EQ,INF754K01SE6,2026-10-09,148.25,147.0,148.7,147.0,146.45,1.23,148.22,59239,8780673.95,190329.0,0.31,,149.5,144.69,-0.84,2.46,True,46.57,176.4,114.6,-15.96,29.36,270,1.23,0.95,-2.63,3.74,-1.1,28.08,False
EICHERMOT,NSE,EQ,INE066A01021,2026-10-09,7050.0,6815.0,7078.0,6801.0,6767.5,4.17,7011.16,551231,3864768608.5,369815.0,1.49,,7471.55,7372.02,-5.64,-4.37,True,38.52,8190.0,6586.0,-13.92,7.05,270,4.17,1.88,-9.0,-4.28,-1.14,0.64,False
EIDPARRY,NSE,EQ,INE126A01031,2026-10-09,688.9,680.05,690.95,673.1,677.15,1.74,683.6,151305,103432746.8,310434.0,0.49,,734.86,820.51,-6.25,-16.04,False,39.71,1089.8,674.55,-36.79,2.13,270,1.74,2.13,-9.79,-9.19,-18.08,-32.82,False
EIEL,NSE,EQ,INE0LLY01014,2026-10-09,179.96,180.96,183.49,177.27,180.96,-0.55,180.15,361966,65206425.92,945334.0,0.38,,198.29,203.43,-9.24,-11.54,False,34.93,254.04,137.14,-29.16,31.22,270,-0.55,-2.2,-8.28,-26.39,5.19,-25.98,False
EIFFL,NSE,BE,INE546V01010,2026-10-09,261.75,261.75,261.75,261.4,261.85,-0.04,261.7,327,85575.45,1766.0,0.19,,274.24,265.67,-4.56,-1.47,True,43.43,356.54,206.79,-26.59,26.58,270,-0.04,-2.24,-1.23,-19.26,8.74,15.49,False
EIHAHOTELS,NSE,EQ,INE276C01014,2026-10-09,290.65,289.6,292.95,287.3,291.05,-0.14,290.35,5486,1592838.15,15785.0,0.35,,298.85,321.05,-2.74,-9.47,False,44.72,389.6,270.25,-25.4,7.55,270,-0.14,-1.84,-1.71,-9.1,-8.56,-22.02,False
EIHOTEL,NSE,EQ,INE230A01023,2026-10-09,291.3,291.25,293.5,287.55,291.2,0.03,291.34,118509,34525992.85,372970.0,0.32,,301.78,323.92,-3.47,-10.07,False,43.45,399.1,273.55,-27.01,6.49,270,0.03,-2.2,-1.5,-11.66,-5.21,-19.06,False
EIMCOELECO,NSE,EQ,INE158B01016,2026-10-09,2261.8,2261.0,2328.9,2246.3,2234.2,1.24,2279.75,30328,69140387.5,33423.0,0.91,,2152.69,1885.8,5.07,19.94,True,52.42,2371.8,1428.8,-4.64,58.3,270,1.24,-0.31,0.16,29.65,36.01,31.33,False
EKC,NSE,EQ,INE184H01027,2026-10-09,102.88,101.31,104.6,101.31,101.67,1.19,103.27,166409,17185181.11,1409517.0,0.12,,107.32,114.41,-4.14,-10.08,False,43.99,151.72,90.89,-32.19,13.19,270,1.19,-2.95,-0.25,-10.55,-7.18,-29.3,False
EKI,NSE,BE,INE0CPR01018,2026-10-09,78.33,81.76,82.14,78.07,82.17,-4.67,78.46,24580,1928611.82,114627.0,0.21,,81.16,80.45,-3.49,-2.64,True,44.15,100.99,67.57,-22.44,15.92,38,-4.67,-20.03,10.62,,,,False
ELANTAS,NSE,EQ,INE280B01018,2026-10-09,13707.0,13736.0,13976.0,13312.0,13597.0,0.81,13702.56,2464,33763105.0,4167.0,0.59,,12651.51,10727.89,8.34,27.77,True,54.31,14793.0,9034.0,-7.34,51.73,120,0.81,1.73,-1.32,42.69,,,False
ELCIDIN,NSE,EQ,INE927X01018,2026-10-09,101000.0,97000.0,102000.0,97000.0,99260.0,1.75,100507.5,8,804060.0,9.0,0.87,,106905.11,118025.12,-5.52,-14.42,False,38.03,133779.5,99260.0,-24.5,1.75,120,1.75,-1.13,-5.16,-10.25,,,False
ELDEHSG,NSE,EQ,INE668G01021,2026-10-09,786.45,769.9,806.0,769.9,762.95,3.08,790.57,804,635621.55,533.0,1.51,,780.83,805.98,0.72,-2.42,False,53.71,1000.9,718.95,-21.43,9.39,270,3.08,0.54,-1.16,-2.82,-4.25,-3.58,False
ELECON,NSE,EQ,INE205B01031,2026-10-09,416.4,416.95,422.6,411.75,416.95,-0.13,417.95,502214,209899634.05,2356547.0,0.21,,442.35,467.77,-5.87,-10.98,False,41.17,619.65,354.75,-32.8,17.38,270,-0.13,-5.36,-1.13,-18.44,-0.76,-26.68,False
ELECTCAST,NSE,EQ,INE086A01029,2026-10-09,75.18,74.7,76.14,73.46,74.26,1.24,74.84,2134842,159765116.53,4379110.0,0.49,,75.89,78.3,-0.93,-3.99,False,48.51,96.94,61.1,-22.45,23.04,270,1.24,0.86,-5.91,-2.7,-8.82,-19.67,False
ELECTHERM,NSE,EQ,INE822G01016,2026-10-09,690.8,699.9,704.4,683.5,683.75,1.03,698.8,12319,8608456.75,30018.0,0.41,,902.0,908.53,-23.41,-23.97,False,19.23,1230.5,555.35,-43.86,24.39,270,1.03,-7.1,-28.38,-38.29,5.54,-30.16,False
ELEVATE,NSE,EQ,INE147X01013,2026-10-09,323.6,331.0,338.95,321.1,329.85,-1.89,330.39,1390897,459531639.55,9357585.0,0.15,,325.77,323.74,-0.67,-0.04,True,,350.0,322.95,-7.54,0.2,7,-1.89,-6.15,,,,,False
ELGIEQUIP,NSE,EQ,INE285A01027,2026-10-09,583.15,579.0,585.75,568.0,579.0,0.72,578.39,188588,109078004.2,320640.0,0.59,,601.82,561.52,-3.1,3.85,True,41.91,642.4,415.55,-9.22,40.33,270,0.72,-0.26,-8.63,1.18,16.86,20.94,False
ELGIRUBCO,NSE,EQ,INE819L01012,2026-10-09,53.8,53.4,55.0,53.4,54.24,-0.81,54.39,27437,1492234.84,60510.0,0.45,,56.7,54.63,-5.12,-1.53,True,44.25,68.61,33.51,-21.59,60.55,270,-0.81,4.71,-9.0,-7.08,28.43,-17.35,False
ELGNZ,NSE,SM,INE0R9101015,2026-10-09,84.7,85.35,85.35,84.0,85.35,-0.76,84.95,12000,1019350.0,19950.0,0.6,,86.75,91.14,-2.36,-7.06,False,48.46,139.5,53.55,-39.28,58.17,269,-0.76,2.29,-4.78,-2.53,6.68,-39.5,True
ELIN,NSE,EQ,INE050401020,2026-10-09,75.03,75.0,76.55,74.1,75.56,-0.7,75.19,122420,9204367.56,141816.0,0.86,,91.97,119.92,-18.42,-37.43,False,19.73,214.93,75.03,-65.09,0.0,270,-0.7,-5.89,-23.77,-25.2,-34.09,-62.83,False
ELIQUID,NSE,EQ,INF754K01VW2,2026-10-09,1051.42,1051.41,1051.43,1051.41,1050.97,0.04,1051.42,13938,14654707.39,30688.0,0.45,,1046.31,1032.8,0.49,1.8,True,99.96,1051.42,1001.44,0.0,4.99,230,0.04,0.1,0.44,1.2,2.51,,False
ELITECON,NSE,EQ,INE669R01026,2026-10-09,7.2,7.34,7.48,7.08,7.2,0.0,7.3,4057869,29627415.94,10540011.0,0.38,,11.92,26.54,-39.6,-72.88,False,29.49,45.6,7.2,-84.21,0.0,120,0.0,-7.57,-8.16,-65.88,,,False
ELLEN,NSE,EQ,INE236E01022,2026-10-09,348.15,352.8,355.2,341.3,350.4,-0.64,347.79,657106,228533654.5,1528347.0,0.43,,334.83,321.97,3.98,8.13,True,49.87,469.35,180.5,-25.82,92.88,270,-0.64,1.89,7.85,18.32,55.69,-25.88,False
ELM250,NSE,EQ,INF754K01VV4,2026-10-09,15.47,15.46,15.7,15.39,15.46,0.06,15.58,178243,2776993.86,129107.0,1.38,,16.23,16.33,-4.7,-5.28,False,35.61,17.16,14.65,-9.85,5.6,268,0.06,-1.15,-6.07,-7.37,-2.7,-3.13,False
ELMDIV,NSE,EQ,INF754K01XI7,2026-10-09,34.13,33.92,34.13,33.92,33.92,0.62,34.13,1011,34504.17,1068.0,0.95,,35.78,36.61,-4.6,-6.78,False,32.11,37.1,33.92,-8.01,0.62,46,0.62,-1.7,-5.54,,,,False
ELPROINTL,NSE,EQ,INE579B01039,2026-10-09,172.49,174.94,174.94,172.11,174.53,-1.17,172.83,4955,856367.54,8951.0,0.55,,172.79,149.18,-0.17,15.62,True,45.34,180.06,102.5,-4.2,68.28,120,-1.17,-1.04,-0.96,-0.87,,,False
EMAMILTD,NSE,EQ,INE548C01032,2026-10-09,369.45,369.8,374.3,367.5,367.25,0.6,370.36,342137,126713668.95,2440178.0,0.14,,385.86,432.83,-4.25,-14.64,False,42.58,557.95,363.65,-33.78,1.59,270,0.6,-0.86,1.59,-12.33,-11.47,-31.36,False
EMAMIPAP,NSE,BE,INE830C01026,2026-10-09,115.49,113.16,117.0,109.64,113.16,2.06,113.05,19841,2243004.98,26635.0,0.74,,111.82,98.24,3.28,17.56,True,51.1,122.88,56.59,-6.01,104.08,270,2.06,-1.16,-3.5,33.48,64.63,21.84,False
EMAMIREAL,NSE,EQ,INE778K01012,2026-10-09,68.93,68.0,71.0,67.7,67.76,1.73,68.45,6996,478875.03,11959.0,0.59,,70.94,79.38,-2.84,-13.16,False,50.27,109.83,52.76,-37.24,30.65,270,1.73,2.67,4.16,-11.59,8.89,-36.69,False
EMAPARTNER,NSE,SM,INE0ZOL01023,2026-10-09,81.9,80.05,82.35,79.5,80.05,2.31,80.54,21000,1691250.0,13650.0,1.54,,82.49,85.91,-0.72,-4.67,False,49.44,103.55,68.75,-20.91,19.13,249,2.31,0.31,-4.38,-1.68,3.67,,True
EMBASSY,NSE,BL,INE041025011,2026-05-14,421.0,421.0,421.0,421.0,421.0,0.0,421.0,19426614,8178604494.0,23158932.0,0.84,,421.0,421.0,0.0,0.0,False,,421.0,421.0,0.0,0.0,2,0.0,,,,,,False
EMBDL,NSE,EQ,INE069I01010,2026-10-09,55.51,56.85,56.85,55.1,56.26,-1.33,55.66,1318375,73380398.68,2632300.0,0.5,,58.86,64.77,-5.69,-14.3,False,42.94,104.21,39.46,-46.73,40.67,258,-1.33,-1.1,-4.49,-16.2,7.81,-40.43,False
EMCURE,NSE,EQ,INE168P01015,2026-10-09,1833.5,1864.7,1899.0,1816.1,1851.5,-0.97,1838.77,59497,109401440.8,209573.0,0.28,,1907.4,1733.66,-3.87,5.76,True,34.8,2009.6,1304.3,-8.76,40.57,270,-0.97,-5.71,-4.79,1.05,17.13,43.25,False
EMETAL,NSE,EQ,INF754K01XG1,2026-10-09,12.44,12.15,12.6,11.9,11.91,4.45,12.01,16837,202161.59,13240.0,1.27,,12.85,12.65,-3.22,-1.64,True,44.75,13.53,11.91,-8.06,4.45,52,4.45,-2.66,-5.76,,,,False
EMIL,NSE,EQ,INE02YR01019,2026-10-09,191.17,196.0,199.58,190.0,193.31,-1.11,194.21,2270371,440933820.24,5314141.0,0.43,,179.96,144.74,6.23,32.08,True,50.05,211.54,85.58,-9.63,123.38,270,-1.11,-6.31,2.77,42.28,86.65,36.12,False
EMKAY,NSE,EQ,INE296H01011,2026-10-09,267.9,278.6,278.6,261.8,265.65,0.85,268.95,43208,11620800.9,57990.0,0.75,,260.73,252.27,2.75,6.2,True,50.67,356.35,188.31,-24.82,42.27,270,0.85,-6.59,2.76,-1.09,25.69,-15.22,False
EMKAYTOOLS,NSE,SM,INE332S01011,2026-10-09,94.0,94.0,94.0,91.2,94.75,-0.79,92.88,750,69660.0,1298.0,0.58,,94.66,105.12,-0.69,-10.57,False,48.28,157.05,84.1,-40.15,11.77,264,-0.79,-3.98,-4.08,-1.05,4.5,-39.69,True
EMMBI,NSE,EQ,INE753K01015,2026-10-09,83.98,83.61,86.44,83.0,85.32,-1.57,84.16,5673,477456.82,8602.0,0.66,,87.57,89.64,-4.09,-6.32,False,40.16,115.46,60.59,-27.26,38.6,270,-1.57,-2.39,-6.63,-6.69,3.92,-17.02,False
EMMIL,NSE,SM,INE0S1L01013,2026-10-09,121.35,124.5,124.5,121.0,122.6,-1.02,121.65,3750,456175.0,18312.0,0.2,,124.76,140.48,-2.73,-13.62,False,45.66,205.15,110.9,-40.85,9.42,267,-1.02,-8.59,3.63,-7.61,-16.31,-33.23,True
EMMVEE,NSE,EQ,INE1C6T01020,2026-10-09,300.05,303.0,306.9,299.0,302.0,-0.65,302.48,901961,272822127.8,2708788.0,0.33,,319.52,286.92,-6.09,4.58,True,38.12,365.35,172.93,-17.87,73.51,221,-0.65,-1.91,-9.42,-9.96,34.27,,False
EMPIND,NSE,EQ,INE515H01014,2026-10-09,1004.0,1005.7,1021.7,987.5,1021.7,-1.73,1003.35,2855,2864564.1,3219.0,0.89,,1088.13,1102.8,-7.73,-8.96,False,35.59,1221.8,1004.0,-17.83,0.0,38,-1.73,-5.21,-14.68,,,,False
EMPOWER,NSE,EQ,INE507F01023,2026-10-09,1.91,1.88,1.92,1.86,1.83,4.37,1.91,36004719,68879423.32,19241020.0,1.87,,2.06,1.94,-7.07,-1.3,True,47.75,2.81,1.4,-32.03,36.43,120,4.37,24.03,-4.98,-10.75,,,False
EMSLIMITED,NSE,EQ,INE0OV601013,2026-10-09,320.05,326.0,329.0,318.55,321.7,-0.51,321.78,110663,35608938.2,161564.0,0.68,,364.43,386.69,-12.18,-17.23,False,26.3,569.9,257.75,-43.84,24.17,270,-0.51,-3.47,-15.42,-30.14,3.93,-41.09,False
EMUDHRA,NSE,EQ,INE01QM01018,2026-10-09,570.15,570.95,586.7,568.0,569.9,0.04,574.77,290080,166729446.0,2422821.0,0.12,,562.31,533.89,1.39,6.79,True,46.09,675.4,374.1,-15.58,52.41,270,0.04,-1.7,11.99,25.1,17.69,-16.58,False
EMULTIMQ,NSE,EQ,INF754K01TF1,2026-10-09,39.91,39.34,40.07,39.02,39.34,1.45,39.74,18022,716129.13,31892.0,0.57,,41.18,41.39,-3.09,-3.57,False,40.07,43.32,36.47,-7.87,9.43,270,1.45,-0.62,-5.18,-3.97,0.18,-2.18,False
ENCOMPAS,NSE,SM,INE433T01015,2026-10-09,249.8,238.25,249.8,238.25,249.8,0.0,243.89,3600,878020.0,13200.0,0.27,,247.77,238.23,0.82,4.86,True,50.8,294.8,175.4,-15.26,42.42,202,0.0,-1.4,-3.78,4.96,-10.11,,True
ENDURANCE,NSE,EQ,INE913H01037,2026-10-09,2407.5,2433.5,2451.0,2402.0,2433.5,-1.07,2414.26,36304,87647148.6,88078.0,0.41,,2699.28,2683.48,-10.81,-10.28,True,23.99,3029.5,2201.2,-20.53,9.37,270,-1.07,-7.45,-11.98,-10.38,2.05,-12.31,False
ENERGY,NSE,EQ,INF769K01PR2,2026-10-09,36.1,36.65,36.65,35.63,35.93,0.47,36.02,138801,4999664.96,295902.0,0.47,,37.94,37.98,-4.85,-4.96,False,30.52,41.77,33.14,-13.57,8.93,224,0.47,-1.77,-6.11,-8.33,-1.37,,False
ENERGYAXIS,NSE,EQ,INF846KA1598,2026-10-09,17.98,17.95,18.2,17.75,17.95,0.17,17.89,12866,230219.18,23310.0,0.55,,18.8,18.96,-4.38,-5.15,False,44.37,19.78,17.95,-9.1,0.17,26,0.17,-1.59,-6.26,,,,False
ENERGYDEV,NSE,EQ,INE306C01019,2026-10-09,14.27,14.15,14.64,14.14,14.14,0.92,14.29,11991,171373.5,20591.0,0.58,,15.34,16.75,-6.99,-14.8,False,38.8,27.37,13.15,-47.86,8.52,270,0.92,-1.72,-6.91,-15.61,-6.79,-24.7,False
ENEXT50,NSE,EQ,INF754K01XF3,2026-10-09,68.25,68.42,68.49,68.25,67.76,0.72,68.37,290,19828.73,952.0,0.3,,71.45,71.67,-4.48,-4.77,False,38.79,75.0,67.76,-9.0,0.72,96,0.72,-1.06,-6.31,-5.63,,,False
ENFUSE,NSE,SM,INE0S3X01014,2026-10-09,141.0,141.2,154.85,141.0,154.0,-8.44,144.51,2400,346830.0,1380.0,1.74,,158.09,183.1,-10.81,-22.99,False,39.98,252.0,141.0,-44.05,0.0,224,-8.44,-5.37,-11.88,-16.57,-25.44,,True
ENGINERSIN,NSE,EQ,INE510A01028,2026-10-09,293.1,290.0,296.9,287.65,289.0,1.42,291.79,4370925,1275401040.5,7002390.0,0.62,,274.83,239.45,6.65,22.41,True,52.59,315.65,164.56,-7.14,78.11,270,1.42,-6.28,4.98,22.31,41.96,51.81,False
ENIFTY,NSE,EQ,INF754K01VX0,2026-10-09,22.71,22.62,22.88,22.48,22.51,0.89,22.73,4236,96280.26,10224.0,0.41,,23.68,24.38,-4.1,-6.85,False,38.52,26.92,22.48,-15.64,1.02,214,0.89,-0.18,-4.94,-6.5,-5.41,,False
ENIL,NSE,EQ,INE265F01028,2026-10-09,90.15,93.29,93.29,87.66,91.51,-1.49,90.43,9982,902660.91,12567.0,0.79,,99.89,111.31,-9.75,-19.01,False,23.64,157.32,90.15,-42.7,0.0,270,-1.49,-3.44,-10.04,-14.84,-17.36,-43.27,False
ENKEIWHEL,NSE,EQ,INE130L01014,2026-10-09,393.85,386.0,395.0,386.0,390.1,0.96,389.94,380,148178.35,1622.0,0.23,,396.02,399.35,-0.55,-1.38,False,55.33,416.4,380.8,-5.42,3.43,38,0.96,0.32,-0.69,,,,False
ENRIN,NSE,EQ,INE1NPP01017,2026-10-09,3101.0,3189.0,3190.9,3049.0,3180.0,-2.48,3116.26,732770,2283501547.4,462560.0,1.58,,3271.52,3236.44,-5.21,-4.18,True,40.75,3872.1,2125.4,-19.91,45.9,270,-2.48,-6.99,-3.1,-12.08,14.78,-9.67,False
ENSER,NSE,SM,INE0R9I01021,2026-10-09,14.8,15.25,15.25,14.1,14.95,-1.0,14.89,90000,1340500.0,82500.0,1.09,,14.89,15.53,-0.61,-4.68,False,48.2,23.0,8.85,-35.65,67.23,248,-1.0,-2.95,-1.99,-1.0,33.33,,True
ENTERO,NSE,EQ,INE010601016,2026-10-09,1676.2,1699.9,1721.6,1652.6,1688.8,-0.75,1672.24,93478,156317227.6,206682.0,0.45,,1628.45,1353.19,2.93,23.87,True,45.34,1898.4,949.2,-11.7,76.59,270,-0.75,-0.27,-9.48,38.43,44.36,50.45,False
ENVIRO,NSE,SM,INE0SUH01015,2026-10-09,69.35,72.0,72.1,68.3,69.75,-0.57,71.25,40000,2850150.0,35300.0,1.13,,72.18,92.41,-3.92,-24.96,False,47.61,162.35,66.0,-57.28,5.08,266,-0.57,2.66,-0.86,-14.38,-27.38,-56.09,True
EPACK,NSE,EQ,INE0G5901015,2026-10-09,170.47,167.0,171.4,165.46,165.16,3.22,168.8,263696,44510828.84,290405.0,0.91,,192.72,238.28,-11.54,-28.46,False,36.05,357.35,165.16,-52.3,3.22,270,3.22,-0.65,-9.02,-26.94,-28.84,-50.88,False
EPACKPEB,NSE,EQ,INE0MLS01022,2026-10-09,253.62,262.0,262.5,251.84,256.33,-1.06,255.49,765196,195499988.03,844253.0,0.91,,240.67,227.04,5.38,11.71,True,56.46,330.05,132.17,-23.16,91.89,252,-1.06,4.77,8.38,-4.48,45.03,,False
EPIGRAL,NSE,EQ,INE071N01016,2026-10-09,996.4,1012.2,1017.9,988.6,1012.2,-1.56,998.06,19953,19914275.4,36171.0,0.55,,1096.57,1183.3,-9.13,-15.79,False,33.76,1753.7,810.45,-43.18,22.94,270,-1.56,1.45,-16.25,1.92,-1.52,-41.08,False
EPL,NSE,EQ,INE255A01020,2026-10-09,232.43,233.9,234.25,228.75,232.03,0.17,231.16,1015678,234784639.02,1843404.0,0.55,,238.52,228.74,-2.55,1.61,True,42.76,270.1,180.12,-13.95,29.04,270,0.17,0.02,-6.32,-2.16,1.98,12.87,False
EPWINDIA,NSE,SM,INE1KEC01023,2026-10-09,232.0,230.0,232.0,227.05,232.0,0.0,230.5,7200,1659600.0,7440.0,0.97,,236.47,182.63,-1.89,27.03,True,46.16,280.0,100.0,-17.14,132.0,164,0.0,-14.07,-7.2,10.0,84.27,,True
EQUAL200,NSE,EQ,INF769K01OA1,2026-10-09,12.9,12.8,12.93,12.8,12.82,0.62,12.89,9377,120864.84,38024.0,0.25,,13.5,13.43,-4.46,-3.93,True,31.07,14.09,11.83,-8.45,9.04,270,0.62,-0.39,-6.11,-6.59,1.18,-0.31,False
EQUAL50,NSE,EQ,INF769K01OO2,2026-10-09,308.66,308.2,309.61,307.79,304.4,1.4,308.91,18721,5783187.57,11201.0,1.67,,323.3,326.38,-4.53,-5.43,False,32.67,341.18,297.73,-9.53,3.67,269,1.4,-0.16,-5.62,-6.79,-3.3,-2.76,False
EQUAL50ADD,NSE,EQ,INF740KA1QK2,2026-10-09,319.72,317.21,323.0,316.05,314.87,1.54,319.04,24348,7767964.18,33806.0,0.72,,334.28,337.03,-4.35,-5.14,False,33.27,352.85,307.59,-9.39,3.94,270,1.54,-0.19,-5.24,-6.54,-2.63,-2.41,False
EQUIPPP,NSE,BE,INE217G01035,2026-10-09,21.9,21.31,22.37,20.6,21.31,2.77,21.81,15936,347594.63,12697.0,1.26,,22.6,20.56,-3.11,6.51,True,44.45,25.03,14.24,-12.5,53.79,270,2.77,-4.07,-7.98,-5.97,46.49,3.06,False
EQUITASBNK,NSE,EQ,INE063P01018,2026-10-09,66.02,66.26,66.96,65.69,66.44,-0.63,66.27,697889,46252436.06,1830412.0,0.38,,71.81,69.1,-8.06,-4.45,True,34.65,83.07,51.73,-20.52,27.62,270,-0.63,-3.49,-8.99,-19.72,8.16,15.46,False
ERIS,NSE,EQ,INE406M01024,2026-10-09,1170.7,1155.0,1181.5,1150.0,1155.1,1.35,1169.96,72434,84745163.4,122901.0,0.59,,1291.23,1396.29,-9.33,-16.16,False,27.95,1701.3,1145.8,-31.19,2.17,270,1.35,-1.61,-11.63,-18.2,-13.28,-26.18,False
ESABINDIA,NSE,EQ,INE284A01012,2026-10-09,5394.5,5389.0,5400.0,5308.5,5360.5,0.63,5364.36,1932,10363937.5,3400.0,0.57,,5748.96,5748.86,-6.17,-6.16,True,33.47,7150.5,4761.8,-24.56,13.29,270,0.63,-1.93,-11.08,-6.08,1.23,9.39,False
ESAFSFB,NSE,BE,INE818W01011,2026-10-09,41.4,42.0,42.0,40.95,42.17,-1.83,41.34,165223,6831112.09,668269.0,0.25,,40.46,34.01,2.31,21.74,True,48.56,44.71,19.86,-7.4,108.46,270,-1.83,-4.61,-0.17,15.87,72.57,42.56,False
ESCONET,NSE,ST,INE0RQZ01017,2026-10-09,239.2,232.0,243.0,223.1,232.25,2.99,234.8,19600,4602100.0,26740.0,0.73,,205.2,167.63,16.57,42.69,True,57.26,269.85,91.25,-11.36,162.14,270,2.99,-3.08,0.95,96.31,98.92,-5.3,True
ESCORTS,NSE,EQ,INE042A01014,2026-10-09,2730.5,2757.6,2765.1,2721.3,2773.6,-1.55,2737.35,34161,93510716.1,91649.0,0.37,,2891.63,3116.94,-5.57,-12.4,False,38.95,3962.1,2667.3,-31.08,2.37,270,-1.55,2.37,-9.38,-7.18,-10.75,-20.78,False
ESDS,NSE,EQ,INE0DRI01029,2026-10-09,1498.2,1422.0,1498.2,1355.6,1426.9,5.0,1443.79,2079207,3001935864.4,2352476.0,0.88,,1293.32,1041.48,15.84,43.85,True,69.07,1853.15,908.4,-19.15,64.93,24,5.0,4.47,14.54,,,,False
ESENSEX,NSE,EQ,INF754K01VY8,2026-10-09,73.07,72.86,73.4,72.64,72.15,1.28,72.92,3777,275428.79,998.0,3.78,,75.75,78.65,-3.54,-7.1,False,38.99,87.59,72.15,-16.58,1.28,213,1.28,0.65,-4.43,-6.61,-6.07,,False
ESFL,NSE,SM,INE0ITO01014,2026-10-09,116.2,112.0,117.4,111.6,111.2,4.5,114.39,14400,1647198.0,12348.0,1.17,,119.65,149.43,-2.89,-22.24,False,47.19,290.25,110.25,-59.97,5.4,270,4.5,2.33,-2.6,-0.6,-17.32,-61.96,True
ESG,NSE,EQ,INF769K01GS9,2026-10-09,38.43,38.39,38.58,38.35,38.01,1.1,38.43,38606,1483551.08,17032.0,2.27,,40.22,41.28,-4.46,-6.9,False,33.12,44.95,37.86,-14.51,1.51,270,1.1,-0.1,-5.2,-7.93,-5.69,-8.52,False
ESILVER,NSE,EQ,INF754K01SF3,2026-10-09,219.07,218.23,219.77,218.18,215.67,1.58,219.06,155353,34031883.53,167925.0,0.93,,226.93,222.52,-3.46,-1.55,True,42.93,368.91,140.38,-40.62,56.05,270,1.58,0.36,-4.94,0.4,-9.3,54.06,False
ESPRIT,NSE,SM,INE0SBP01018,2026-10-09,58.6,58.0,58.9,57.0,57.0,2.81,58.2,35200,2048720.0,11760.0,2.99,,63.9,67.68,-8.3,-13.41,False,41.15,90.7,52.8,-35.39,10.98,253,2.81,-6.01,-9.85,-9.5,-8.44,-31.86,True
ESSARSHPNG,NSE,EQ,INE122M01019,2026-10-09,16.25,16.2,16.69,15.91,16.06,1.18,16.2,146766,2377935.27,600837.0,0.24,,17.56,21.81,-7.43,-25.5,False,46.1,41.13,15.53,-60.49,4.64,270,1.18,-5.41,1.25,-28.22,-35.1,-36.7,False
ESSEN-RE3,NSE,BE,INE418N20043,2026-06-05,0.03,0.04,0.04,0.03,0.04,-25.0,0.04,10535514,371332.68,11967169.0,0.88,,0.08,0.09,-63.22,-65.81,False,,0.09,0.03,-66.67,0.0,6,-25.0,-66.67,,,,,False
ESSENTIA,NSE,EQ,INE418N01035,2026-10-09,1.0,1.01,1.02,1.0,1.0,0.0,1.01,1274847,1283959.2,1747169.0,0.73,,1.1,1.33,-8.75,-24.78,False,37.02,1.92,1.0,-47.92,0.0,270,0.0,0.0,-4.76,-18.7,-22.48,-43.5,False
ESTER,NSE,EQ,INE778B01029,2026-10-09,93.27,96.0,96.0,92.8,94.67,-1.48,94.16,47439,4467030.83,274658.0,0.17,,91.59,95.29,1.83,-2.12,False,53.28,120.03,70.67,-22.29,31.98,270,-1.48,-2.36,2.01,3.0,8.06,-13.99,False
ETERNAL,NSE,EQ,INE758T01015,2026-10-09,323.45,322.1,325.45,317.15,319.05,1.38,322.66,12981184,4188452361.55,21481860.0,0.6,,317.79,294.79,1.78,9.72,True,49.2,354.35,215.68,-8.72,49.97,270,1.38,3.04,0.58,11.67,32.77,-0.63,False
ETHOSLTD,NSE,EQ,INE04TZ01018,2026-10-09,2563.1,2600.3,2650.0,2525.0,2600.3,-1.43,2586.56,71325,184486301.8,56160.0,1.27,,2652.3,2590.15,-3.36,-1.04,True,42.21,3196.4,2020.4,-19.81,26.86,270,-1.43,1.23,-7.18,3.46,4.86,1.13,False
ETL,NSE,SM,INE0PXC01024,2026-10-08,1087.5,1115.0,1115.0,1085.0,1125.0,-3.33,1098.76,1200,1318507.5,1200.0,1.0,,1072.95,977.98,1.36,11.2,True,47.84,1225.0,800.05,-11.22,35.93,214,-3.33,-10.12,-2.03,12.11,30.24,,True
ETML,NSE,SM,INE0RHD01013,2026-10-09,70.5,72.05,72.05,70.5,70.0,0.71,70.85,27600,1955580.0,23400.0,1.18,,79.27,91.17,-11.07,-22.67,False,27.85,134.25,69.9,-47.49,0.86,254,0.71,-3.49,-14.02,-16.42,-15.57,-48.16,True
EUREKAFORB,NSE,EQ,INE0KCE01017,2026-10-09,339.0,340.1,341.9,335.0,339.75,-0.22,337.88,138704,46864773.2,216136.0,0.64,,398.5,466.18,-14.93,-27.28,False,23.42,652.8,339.0,-48.07,0.0,270,-0.22,-3.83,-17.02,-25.05,-28.11,-40.52,False
EUROBOND,NSE,EQ,INE505V01016,2026-10-09,134.13,137.19,142.0,131.51,134.54,-0.3,133.92,1694,226858.47,2769.0,0.61,,152.02,169.96,-11.77,-21.08,False,26.61,217.22,134.13,-38.25,0.0,270,-0.3,-9.55,-13.26,-21.82,-17.45,-35.67,False
EUROPRATIK,NSE,EQ,INE198501012,2026-10-09,176.69,173.55,178.72,171.9,173.98,1.56,175.08,78001,13656694.32,237537.0,0.33,,237.83,261.4,-25.71,-32.41,False,15.53,381.8,173.98,-53.72,1.56,258,1.56,-7.21,-31.24,-43.66,-23.37,-28.97,False
EUROTEXIND,NSE,EQ,INE022C01012,2026-10-09,14.56,14.56,14.56,14.56,15.32,-4.96,14.56,9018,131302.08,7195.0,1.25,,14.01,14.59,3.92,-0.22,False,54.38,23.58,11.65,-38.25,24.98,237,-4.96,-7.44,6.05,-22.55,7.3,,False
EVENTIONS,NSE,ST,INE20M201019,2026-10-09,100.2,100.2,100.2,100.2,105.45,-4.98,100.2,2400,240480.0,841800.0,0.0,,105.24,105.4,-4.79,-4.93,False,,105.45,100.2,-4.98,0.0,2,-4.98,,,,,,True
EVEREADY,NSE,EQ,INE128A01029,2026-10-09,321.15,318.3,327.0,312.55,318.6,0.8,321.33,175999,56553080.5,126843.0,1.39,,334.15,345.34,-3.89,-7.01,False,43.23,387.6,262.65,-17.14,22.27,270,0.8,1.68,-7.94,-11.1,10.63,-14.97,False
EVERESTIND,NSE,EQ,INE295A01018,2026-10-09,472.15,485.0,485.0,468.25,480.3,-1.7,473.3,10505,4971981.75,17951.0,0.59,,446.12,457.75,5.84,3.15,False,56.88,714.8,290.35,-33.95,62.61,270,-1.7,-0.66,10.76,-4.01,39.26,-30.11,False
EVIETF,NSE,EQ,INF109K1A153,2026-10-09,29.54,29.46,29.63,29.06,29.38,0.54,29.46,89780,2645330.8,185157.0,0.48,,31.68,31.31,-6.75,-5.66,True,25.95,34.27,26.42,-13.8,11.81,270,0.54,-1.66,-9.05,-5.95,2.68,-3.87,False
EVINDIA,NSE,EQ,INF769K01LQ3,2026-10-09,29.51,29.37,29.8,29.09,29.37,0.48,29.42,170141,5005318.77,202542.0,0.84,,31.66,31.29,-6.79,-5.68,True,23.85,34.24,26.4,-13.81,11.78,270,0.48,-1.63,-8.92,-5.93,2.25,-4.06,False
EXCEL,NSE,EQ,INE688J01023,2026-04-01,1.02,1.02,1.05,0.99,0.96,6.25,1.03,7273317,7495606.73,5449391.0,1.33,,1.13,1.33,-9.39,-23.4,False,44.4,1.72,0.96,-40.7,6.25,140,6.25,2.0,-7.27,-36.25,-33.77,,False
EXCELINDUS,NSE,EQ,INE369A01029,2026-10-09,923.6,919.7,930.0,912.0,918.7,0.53,919.33,6773,6226646.4,12123.0,0.56,,968.11,978.05,-4.6,-5.57,False,39.27,1149.0,806.4,-19.62,14.53,270,0.53,0.2,-6.99,1.27,1.05,-19.53,False
EXCELLENT,NSE,ST,INE0Y4801011,2026-10-08,182.7,185.0,193.0,182.7,185.0,-1.24,187.14,8000,1497120.0,4400.0,1.82,,193.15,136.33,-5.41,34.02,True,36.56,215.0,38.5,-15.02,374.55,197,-1.24,-4.12,-6.64,14.55,122.94,,True
EXCELSOFT,NSE,EQ,INE606N01019,2026-10-09,81.13,81.1,82.54,80.5,80.99,0.17,81.35,316492,25746581.32,1571115.0,0.2,,78.47,85.71,3.38,-5.34,False,54.09,125.97,66.72,-35.6,21.6,215,0.17,3.57,17.48,2.29,-6.65,,False
EXICOM,NSE,EQ,INE777F01014,2026-10-09,145.43,147.79,149.63,144.11,147.13,-1.16,146.64,548255,80398311.87,914807.0,0.6,,159.29,144.09,-8.7,0.93,True,36.11,184.33,76.26,-21.1,90.7,270,-1.16,-3.75,-19.94,-14.47,50.69,0.79,False
EXIDEIND,NSE,EQ,INE302A01020,2026-10-09,394.4,394.9,397.35,391.1,394.9,-0.13,393.58,891250,350774887.35,1993368.0,0.45,,422.52,399.23,-6.66,-1.21,True,31.46,490.65,287.9,-19.62,36.99,270,-0.13,-3.68,-5.68,-7.07,25.55,0.93,False
EXIMROUTES,NSE,SM,INE19I001020,2026-10-09,95.0,82.0,95.0,82.0,91.4,3.94,89.31,6400,571600.0,32400.0,0.2,,102.31,120.14,-7.14,-20.93,False,47.2,270.05,84.4,-64.82,12.56,186,3.94,2.93,-11.3,-10.38,-30.98,,True
EXPLEOSOL,NSE,EQ,INE201K01015,2026-10-09,861.9,851.8,870.0,845.1,851.8,1.19,858.8,14666,12595206.1,16681.0,0.88,,863.43,871.65,-0.18,-1.12,False,47.85,1118.5,646.9,-22.94,33.24,270,1.19,1.55,-2.93,6.29,12.39,-12.18,False
EXXARO,NSE,EQ,INE0GFE01026,2026-10-09,6.09,6.28,6.28,6.02,6.12,-0.49,6.1,107420,655389.52,379610.0,0.28,,6.3,6.78,-3.3,-10.22,False,41.53,9.92,6.0,-38.61,1.5,270,-0.49,0.83,-6.45,-7.02,-13.0,-25.09,False
FABTECH,NSE,EQ,INE0HF201011,2026-10-09,133.22,138.0,138.0,131.0,138.98,-4.14,133.63,176633,23604020.76,72923.0,2.42,,146.62,158.89,-9.14,-16.16,False,26.18,255.41,133.22,-47.84,0.0,249,-4.14,-6.19,-9.32,-16.75,-13.23,,False
FACT,NSE,EQ,INE188A01015,2026-10-09,729.4,723.6,736.45,716.1,717.75,1.62,727.26,64504,46911032.05,185218.0,0.35,,789.57,840.52,-7.62,-13.22,False,37.88,997.8,662.1,-26.9,10.16,270,1.62,-0.76,-7.81,-14.74,-10.81,-18.31,False
FAIRCHEMOR,NSE,EQ,INE0DNW01011,2026-10-09,748.7,728.9,760.0,712.75,720.9,3.86,737.59,43850,32343296.6,28066.0,1.56,,675.57,669.16,10.82,11.89,True,71.48,846.8,433.0,-11.58,72.91,270,3.86,13.18,18.9,6.88,45.58,-3.6,False
FALCONTECH,NSE,SM,INE0PQK01013,2026-10-08,12.85,12.0,12.85,12.0,12.9,-0.39,12.34,4800,59220.0,7920.0,0.61,,12.49,13.93,2.88,-7.74,False,52.93,21.5,10.3,-40.23,24.76,238,-0.39,-1.15,0.39,4.9,-15.46,,True
FALTECH-RE,NSE,ST,INE0PQK20013,2026-04-10,0.5,0.5,0.5,0.5,0.6,-16.67,0.5,124800,62400.0,69600.0,1.79,,1.45,1.52,-65.55,-67.2,False,,1.55,0.5,-67.74,0.0,4,-16.67,,,,,,True
FASCINATE,NSE,SM,INE1Q2D01019,2026-10-09,93.5,93.5,93.5,84.65,89.05,5.0,91.73,315200,28911880.0,169400.0,1.86,,82.62,102.67,13.17,-8.93,False,61.73,114.8,45.6,-18.55,105.04,33,5.0,26.44,59.01,,,,True
FAZE3Q,NSE,EQ,INE963C01033,2026-10-09,408.3,424.15,428.35,406.9,424.1,-3.73,411.46,60047,24706768.05,42862.0,1.4,,473.73,487.52,-13.81,-16.25,False,35.66,621.85,349.8,-34.34,16.72,270,-3.73,-5.72,-17.9,-30.7,-11.73,-15.51,False
FCL,NSE,EQ,INE045J01034,2026-10-09,57.94,56.08,58.45,54.95,55.99,3.48,57.19,22165919,1267703433.82,24662362.0,0.9,,51.4,59.46,12.73,-2.55,False,56.31,256.12,19.24,-77.38,201.14,270,3.48,3.98,-0.86,56.64,152.02,-76.77,False
FCONSUMER,NSE,BZ,INE220J01025,2026-08-31,0.22,0.22,0.22,0.22,0.23,-4.35,0.22,1756794,386494.68,2800278.0,0.63,,0.34,0.4,-35.02,-44.82,False,15.88,0.5,0.22,-56.0,0.0,50,-4.35,-18.52,-29.03,,,,False
FCSSOFT,NSE,EQ,INE512B01022,2026-10-09,1.42,1.38,1.47,1.36,1.37,3.65,1.4,1921900,2691005.97,1840808.0,1.04,,1.44,1.63,-1.44,-12.81,False,51.05,2.51,1.17,-43.43,21.37,270,3.65,2.9,0.0,-5.33,-16.96,-37.17,False
FDC,NSE,EQ,INE258B01022,2026-10-09,330.15,325.9,331.85,321.3,324.05,1.88,326.54,76570,25003340.6,139168.0,0.55,,353.57,381.78,-6.62,-13.52,False,39.36,465.65,321.1,-29.1,2.82,270,1.88,-1.71,-4.57,-23.63,-4.54,-25.36,False
FEDDERSHOL,NSE,EQ,INE417D01020,2026-10-09,59.78,61.5,62.32,59.1,61.76,-3.21,60.96,2104247,128273608.42,15108255.0,0.14,,52.38,42.74,14.12,39.87,True,57.64,67.22,32.33,-11.07,84.91,120,-3.21,-6.05,24.54,35.4,,,False
FEDERALBNK,NSE,EQ,INE171A01029,2026-10-09,330.0,321.0,331.0,320.9,321.0,2.8,327.91,5254910,1723127379.65,6569869.0,0.8,,334.84,305.48,-1.44,8.03,True,48.5,371.7,192.37,-11.22,71.54,270,2.8,3.71,-4.11,0.05,16.01,71.05,False
FEDFINA,NSE,EQ,INE007N01010,2026-10-09,146.39,146.0,146.99,143.0,145.31,0.74,145.4,608211,88436650.31,827102.0,0.74,,152.95,149.87,-4.29,-2.32,True,38.31,176.39,120.82,-17.01,21.16,270,0.74,-2.26,-9.8,-8.13,3.36,-5.2,False
FEL,NSE,BZ,INE623B01027,2026-10-09,0.36,0.36,0.37,0.36,0.36,0.0,0.36,487354,176326.97,204375.0,2.38,,0.38,0.42,-4.55,-14.42,False,39.72,0.56,0.35,-35.71,2.86,270,0.0,-7.69,-5.26,0.0,-12.2,-36.84,False
FELDVR,NSE,BZ,IN9623B01058,2026-10-09,1.93,1.95,1.95,1.86,1.95,-1.03,1.93,1897,3661.88,5963.0,0.32,,2.18,2.58,-11.64,-25.21,False,37.73,3.58,1.93,-46.09,0.0,269,-1.03,-4.93,-13.84,-25.48,-30.58,-42.56,False
FELIX,NSE,SM,INE901X01013,2026-10-09,190.5,193.8,193.8,186.6,190.0,0.26,190.13,29000,5513850.0,45700.0,0.63,,195.26,188.91,-2.44,0.84,True,42.92,229.8,149.65,-17.1,27.3,270,0.26,-1.3,-13.01,2.86,2.86,-1.37,True
FERMENTA,NSE,EQ,INE225B01021,2026-10-09,517.55,548.55,549.95,513.25,539.6,-4.09,527.66,110040,58063975.75,462597.0,0.24,,487.35,400.63,6.2,29.18,True,52.5,569.45,281.0,-9.11,84.18,120,-4.09,-6.45,7.67,25.68,,,False
FIBERWEB,NSE,EQ,INE296C01020,2026-10-09,25.63,26.5,26.5,25.21,25.63,0.0,25.6,12250,313606.3,15992.0,0.77,,27.25,32.25,-5.93,-20.53,False,40.52,46.0,25.63,-44.28,0.0,270,0.0,-3.47,-1.54,-17.06,-30.84,-40.77,False
FIDEL,NSE,SM,INE0LQQ01019,2026-10-09,177.0,177.0,177.0,177.0,180.45,-1.91,177.0,1000,177000.0,18500.0,0.05,,158.38,154.82,11.76,14.33,True,63.18,195.0,117.1,-9.23,51.15,237,-1.91,-1.06,28.73,23.73,40.48,,True
FIEMIND,NSE,EQ,INE737H01014,2026-10-09,1747.7,1746.9,1768.7,1732.2,1746.6,0.06,1750.47,37064,64879430.0,64274.0,0.58,,2026.35,2151.98,-13.75,-18.79,False,28.57,2645.9,1746.6,-33.95,0.06,270,0.06,-2.62,-14.25,-22.32,-19.14,-8.35,False
FILATEX,NSE,EQ,INE816B01035,2026-10-09,109.06,110.39,110.67,105.49,109.74,-0.62,108.53,1524085,165406935.82,7397650.0,0.21,,89.59,66.76,21.73,63.37,True,64.26,112.0,36.9,-2.62,195.56,270,-0.62,2.79,42.67,75.2,146.3,113.38,False
FILATFASH,NSE,EQ,INE185E01021,2026-10-09,0.18,0.18,0.19,0.18,0.18,0.0,0.18,12270671,2242938.03,18977027.0,0.65,,0.18,0.25,-0.96,-26.76,False,53.83,0.55,0.14,-67.27,28.57,270,0.0,0.0,0.0,-5.26,-5.26,-66.67,False
FINBUD,NSE,SM,INE0EDU01014,2026-10-09,122.9,120.0,122.95,120.0,120.5,1.99,121.12,7000,847850.0,24350.0,0.29,,124.96,128.49,-1.65,-4.35,False,50.4,164.85,79.55,-25.45,54.49,224,1.99,-2.69,-6.96,0.04,30.47,,True
FINCABLES,NSE,EQ,INE235A01022,2026-10-09,1388.7,1404.8,1428.3,1377.9,1402.2,-0.96,1400.55,376357,527106257.2,958861.0,0.39,,1315.73,1083.92,5.55,28.12,True,50.18,1483.5,710.8,-6.39,95.37,270,-0.96,-4.81,6.63,31.69,63.74,69.88,False
FINEORG,NSE,EQ,INE686Y01026,2026-10-09,5410.5,5380.0,5460.0,5280.5,5380.5,0.56,5374.63,21311,114538841.0,27408.0,0.78,,5161.17,4877.24,4.83,10.93,True,59.87,5625.5,3886.8,-3.82,39.2,270,0.56,5.45,4.13,8.22,20.46,21.13,False
FINIETF,NSE,EQ,INF109KC17L8,2026-10-09,30.06,29.92,30.33,29.83,29.92,0.47,30.14,196315,5917556.87,325165.0,0.6,,31.83,31.83,-5.57,-5.55,True,33.45,33.87,27.6,-11.25,8.91,270,0.47,-1.12,-7.68,-9.02,-2.31,0.54,False
FINKURVE,NSE,EQ,INE734I01027,2026-10-09,69.46,68.65,70.0,67.01,67.41,3.04,68.4,17839,1220156.46,113888.0,0.16,,69.32,75.39,0.2,-7.87,False,49.23,125.47,51.07,-44.64,36.01,252,3.04,-1.52,0.54,6.52,12.94,,False
FINOPB,NSE,EQ,INE02NC01014,2026-10-09,139.42,140.0,145.3,137.51,145.53,-4.2,142.31,2686762,382360855.1,1629851.0,1.65,,139.79,168.71,-0.26,-17.36,False,54.84,336.0,112.46,-58.51,23.97,270,-4.2,8.73,-0.39,2.97,2.56,-48.15,False
FINPIPE,NSE,EQ,INE183A01024,2026-10-09,151.16,149.99,151.91,148.54,149.76,0.93,150.8,224710,33886135.78,358748.0,0.63,,157.27,170.43,-3.88,-11.31,False,43.2,205.89,149.31,-26.58,1.24,270,0.93,0.45,-4.24,-10.79,-7.78,-24.46,False
FIRSTCRY,NSE,EQ,INE02RE01045,2026-10-09,169.17,169.7,174.0,168.02,168.56,0.36,171.14,2327987,398407547.22,9040989.0,0.26,,186.33,232.39,-9.21,-27.2,False,38.19,377.9,168.56,-55.23,0.36,270,0.36,-3.19,-4.01,-20.3,-31.32,-53.5,False
FISCHER,NSE,EQ,INE771F01041,2026-10-09,30.37,32.58,32.58,29.9,31.96,-4.97,30.55,1144863,34977682.55,1049797.0,1.09,,35.07,114.88,-13.4,-73.56,False,27.74,117.71,30.37,-74.2,0.0,270,-4.97,-9.23,-14.6,-21.46,-25.62,-72.64,False
FIVESTAR,NSE,EQ,INE128S01021,2026-10-09,502.25,503.4,509.2,495.2,502.2,0.01,501.6,365773,183470917.2,724629.0,0.5,,523.17,508.27,-4.0,-1.18,True,42.35,660.0,347.3,-23.9,44.62,270,0.01,-0.79,-4.18,-8.08,23.34,-6.4,False
FLAIR,NSE,EQ,INE00Y201027,2026-10-09,220.52,225.0,225.0,220.0,224.44,-1.75,221.27,40243,8904640.95,72616.0,0.55,,242.65,275.39,-9.12,-19.93,False,26.74,337.55,220.52,-34.67,0.0,270,-1.75,-2.67,-6.94,-15.23,-28.37,-26.73,False
FLEXIADD,NSE,EQ,INF740KA1WU9,2026-10-09,9.47,9.29,9.63,9.29,9.29,1.94,9.41,43237,407035.76,229005.0,0.19,,9.79,9.99,-3.29,-5.2,False,39.75,10.92,8.96,-13.28,5.69,242,1.94,1.07,-5.02,-4.44,-1.25,,False
FLEXITUFF,NSE,BE,INE060J01017,2026-10-09,3.25,3.31,3.31,3.25,3.25,0.0,3.29,11917,39166.51,20696.0,0.58,,3.23,7.59,0.59,-57.16,False,72.83,23.01,2.08,-85.88,56.25,270,0.0,7.62,56.25,-37.5,-46.55,-86.16,False
FLFL,NSE,BZ,INE452O01016,2026-10-09,0.96,0.96,0.98,0.92,0.96,0.0,0.96,65670,63164.65,52799.0,1.24,,1.16,1.32,-17.13,-27.2,False,27.16,1.84,0.96,-47.83,0.0,270,0.0,-13.51,-20.66,-26.15,-23.81,-46.07,False
FLUOROCHEM,NSE,EQ,INE09N301011,2026-10-09,4476.8,4460.0,4500.0,4408.0,4440.1,0.83,4460.61,87190,388920884.3,111609.0,0.78,,4475.02,4004.51,0.04,11.79,True,47.52,4786.3,2980.4,-6.47,50.21,270,0.83,3.12,-4.27,13.58,34.89,20.74,False
FLYSBS,NSE,SM,INE0VCK01011,2026-10-09,613.7,632.0,640.0,611.6,618.5,-0.78,624.62,23200,14491110.0,76290.0,0.3,,595.64,526.91,3.03,16.47,True,46.91,702.65,360.45,-12.66,70.26,270,-0.78,1.28,-9.34,31.47,39.83,18.02,True
FMCGADD,NSE,EQ,INF740KA1ZA4,2026-10-09,45.15,44.55,45.49,44.44,44.19,2.17,45.1,10451,471343.7,16923.0,0.62,,46.63,48.68,-3.17,-7.25,False,43.66,50.41,44.19,-10.43,2.17,97,2.17,1.94,-2.0,-8.88,,,False
FMCGIETF,NSE,EQ,INF109KC19V3,2026-10-09,48.35,48.54,48.54,47.35,47.36,2.09,48.13,933289,44915559.27,1323598.0,0.71,,49.85,52.92,-3.01,-8.63,False,45.06,60.5,47.05,-20.08,2.76,270,2.09,2.76,-1.95,-8.46,-5.42,-17.22,False
FMGOETZE,NSE,EQ,INE529A01010,2026-10-09,443.2,435.0,454.0,430.2,434.85,1.92,440.21,139691,61493392.05,211138.0,0.66,,471.16,470.73,-5.93,-5.85,True,42.55,624.85,360.9,-29.07,22.8,270,1.92,-0.24,-5.55,-2.26,0.21,-12.55,False
FMNL,NSE,EQ,INE360L01017,2026-10-09,8.15,8.19,8.5,7.79,8.15,0.0,8.12,13629,110729.36,68957.0,0.2,,8.95,9.64,-8.95,-15.47,False,40.75,12.66,6.92,-35.62,17.77,270,0.0,0.87,-14.39,-20.49,-2.51,-18.34,False
FOCE,NSE,SM,INE0I7D01019,2026-09-30,575.0,575.0,575.0,575.0,549.0,4.74,575.0,240,138000.0,14316.0,0.02,,587.58,974.34,-2.14,-40.99,False,56.65,1998.0,487.0,-71.22,18.07,151,4.74,18.07,-4.49,3.23,-67.84,,True
FOCUS,NSE,EQ,INE593W01028,2026-10-09,52.24,55.79,55.79,51.1,54.96,-4.95,52.98,44942,2380899.75,35231.0,1.28,,63.48,73.51,-17.7,-28.94,False,24.81,93.28,52.24,-44.0,0.0,270,-4.95,-3.79,-15.18,-35.89,-23.69,-41.97,False
FONEBOX,NSE,ST,INE0Q4701019,2026-10-09,147.5,147.5,147.5,147.5,140.5,4.98,147.5,3000,442500.0,18400.0,0.16,,118.24,95.08,24.74,55.14,True,61.16,167.65,59.75,-12.02,146.86,200,4.98,7.51,36.57,80.98,92.81,,True
FOODSIN,NSE,EQ,INE976E01023,2026-10-09,48.69,48.44,49.0,46.71,47.69,2.1,47.96,52092,2498145.83,76525.0,0.68,,53.49,60.38,-8.98,-19.37,False,37.05,87.31,45.83,-44.23,6.24,270,2.1,-1.42,-13.18,-19.87,-18.35,-44.11,False
FORCAS,NSE,ST,INE0U2501017,2026-10-09,235.2,232.05,241.95,231.8,243.95,-3.59,232.71,20800,4840320.0,21120.0,0.98,,209.75,153.67,12.13,53.06,True,56.54,245.95,92.45,-4.37,154.41,261,-3.59,-2.0,-0.3,68.0,135.2,133.22,True
FORCEMOT,NSE,EQ,INE451A01017,2026-10-09,16900.0,16800.0,16944.0,16560.0,16700.0,1.2,16805.75,37724,633980238.0,69111.0,0.55,,17550.77,18572.38,-3.71,-9.0,False,44.08,25776.0,15303.0,-34.44,10.44,270,1.2,0.6,-4.11,-6.99,-23.44,0.63,False
FORGEAUTO,NSE,SM,INE0YKW01013,2026-10-09,100.0,100.0,100.0,100.0,100.0,0.0,100.0,4800,480000.0,5340.0,0.9,,99.37,107.55,0.64,-7.02,False,49.34,170.1,68.5,-41.21,45.99,204,0.0,0.96,-4.76,9.77,5.49,,True
FORTIS,NSE,EQ,INE061F01013,2026-10-09,786.25,788.0,806.0,778.0,763.0,3.05,789.96,3638882,2874577911.75,2063508.0,1.76,,873.13,913.48,-9.95,-13.93,False,34.88,1097.9,763.0,-28.39,3.05,270,3.05,0.16,-13.41,-18.78,-6.46,-18.93,False
FOSECOIND,NSE,EQ,INE519A01011,2026-10-09,6236.5,6373.5,6373.5,6175.0,6343.5,-1.69,6266.29,6442,40367415.0,36487.0,0.18,,6057.6,5530.33,2.95,12.77,True,48.09,6846.5,4347.0,-8.91,43.47,270,-1.69,-2.29,2.31,19.23,33.86,16.4,False
FRACTAL,NSE,EQ,INE212S01015,2026-10-09,707.6,702.9,723.95,700.75,700.65,0.99,709.92,628692,446318989.85,318080.0,1.98,,785.17,841.96,-9.88,-15.96,False,33.09,1101.55,700.65,-35.76,0.99,160,0.99,-2.72,-10.97,-16.51,-13.1,,False
FREDUN,NSE,EQ,INE194R01017,2026-10-09,1552.3,1560.8,1638.2,1517.9,1531.7,1.34,1580.65,450916,712739486.7,157180.0,2.87,,1426.8,1455.93,8.8,6.62,False,60.94,1552.3,1221.6,0.0,27.07,38,1.34,14.54,14.41,,,,False
FRESHARA,NSE,ST,INE0SFW01015,2026-10-09,401.4,395.0,404.0,392.0,395.9,1.39,396.82,10800,4285650.0,20700.0,0.52,,396.0,293.53,1.36,36.75,True,45.79,486.4,132.95,-17.48,201.92,270,1.39,-0.41,-11.3,28.16,105.9,136.67,True
FROG,NSE,SM,INE385O01018,2026-10-09,240.65,242.4,245.9,239.4,242.8,-0.89,241.79,16400,3965320.0,32960.0,0.5,,242.09,204.95,-0.59,17.42,True,39.93,299.4,125.7,-19.62,91.45,270,-0.89,-5.01,-6.8,35.58,39.91,0.19,True
FRONTSP,NSE,EQ,INE572D01014,2026-10-09,1378.0,1409.8,1411.9,1366.2,1395.9,-1.28,1382.18,13816,19096164.9,128857.0,0.11,,1349.3,1429.02,2.13,-3.57,False,52.78,1796.6,1162.2,-23.3,18.57,120,-1.28,-2.66,9.52,-4.15,,,False
FSC,NSE,BZ,INE935Q01015,2025-10-27,2.75,2.75,2.75,2.75,2.62,4.96,2.75,7777,21386.75,45479.0,0.17,,2.45,2.43,12.39,13.35,True,61.51,2.75,2.18,0.0,26.15,35,4.96,26.15,10.0,,,,False
FSL,NSE,EQ,INE684F01012,2026-10-09,268.1,265.7,271.45,264.4,266.35,0.66,268.62,1996292,536239095.5,3778302.0,0.53,,264.62,273.18,1.31,-1.86,False,53.74,367.2,204.39,-26.99,31.17,270,0.66,7.07,4.0,3.23,20.55,-18.46,False
FUSION,NSE,EQ,INE139R01012,2026-10-09,164.03,162.14,166.0,161.52,162.35,1.03,164.03,325980,53471430.76,501830.0,0.65,,187.31,187.15,-12.43,-12.35,True,28.99,237.14,138.24,-30.83,18.66,270,1.03,-4.28,-18.82,-29.91,4.22,-14.48,False
FWSTC,NSE,SM,INE0SQZ01015,2026-10-09,201.2,205.0,205.0,200.0,204.15,-1.45,201.01,67800,13628640.0,38280.0,1.77,,188.97,191.7,6.47,4.96,False,54.62,238.05,150.25,-15.48,33.91,163,-1.45,1.8,2.13,7.59,1.31,,True
GABRIEL,NSE,EQ,INE524A01029,2026-10-09,1362.2,1335.4,1385.2,1319.0,1335.4,2.01,1359.08,246287,334723768.4,663302.0,0.37,,1351.48,1223.74,0.79,11.31,True,50.84,1587.7,823.1,-14.2,65.5,270,2.01,3.59,-1.97,8.91,48.23,15.3,False
GAEL,NSE,EQ,INE036B01030,2026-10-09,163.43,157.0,166.0,156.28,158.47,3.13,163.58,995235,162803546.8,670193.0,1.48,,163.47,151.03,-0.03,8.21,True,50.82,183.36,101.74,-10.87,60.63,270,3.13,3.64,-2.31,5.92,10.4,54.38,False
GAIL,NSE,EQ,INE129A01019,2026-10-09,166.64,167.07,168.47,166.31,167.7,-0.63,167.17,5427059,907249227.77,6915985.0,0.78,,172.0,169.79,-3.12,-1.86,True,39.19,185.3,135.4,-10.07,23.07,270,-0.63,-2.67,-4.83,-4.08,8.7,-5.47,False
GAJA,NSE,EQ,INE18UN01038,2026-10-09,147.07,145.99,148.0,142.32,145.1,1.36,145.14,196637,28540806.0,1568011.0,0.13,,154.07,163.66,-4.54,-10.14,False,43.64,168.67,135.27,-12.81,8.72,31,1.36,8.72,-4.28,,,,False
GAJANAND,NSE,SM,INE0QTE01018,2026-10-05,7.2,7.2,7.2,7.2,7.3,-1.37,7.2,3000,21600.0,9450.0,0.32,,8.22,9.48,-12.42,-24.06,False,33.87,13.05,6.35,-44.83,13.39,171,-1.37,-7.69,-10.0,-19.1,-33.64,,True
GALAPREC,NSE,EQ,INE0RE001014,2026-10-09,1071.9,1100.0,1113.0,1050.0,1103.2,-2.84,1072.53,59728,64060160.7,47488.0,1.26,,1080.56,960.24,-0.8,11.63,True,45.77,1234.0,689.4,-13.14,55.48,270,-2.84,-7.42,1.61,-9.75,46.08,42.61,False
GALAXYSURF,NSE,EQ,INE600K01018,2026-10-09,2502.2,2401.1,2518.5,2387.9,2406.7,3.97,2471.55,95245,235402742.8,54007.0,1.76,,2224.12,2069.66,12.5,20.9,True,66.11,2508.4,1514.6,-0.25,65.21,270,3.97,5.27,11.12,25.07,40.18,13.59,False
GALLANTT,NSE,EQ,INE297H01019,2026-10-09,503.75,513.8,513.85,500.0,503.15,0.12,505.97,73498,37187817.25,85472.0,0.86,,564.01,613.85,-10.68,-17.94,False,29.63,927.1,503.15,-45.66,0.12,270,0.12,-4.98,-10.31,-24.54,-24.93,-23.13,False
GANDHAR,NSE,EQ,INE717W01049,2026-10-09,296.55,301.4,304.65,292.1,296.45,0.03,299.23,1267314,379218905.55,771276.0,1.64,,258.23,200.84,14.84,47.65,True,69.44,299.2,116.79,-0.89,153.92,270,0.03,4.94,12.31,45.98,120.42,107.31,False
GANDHITUBE,NSE,EQ,INE524B01027,2026-10-09,948.65,951.6,964.75,940.05,951.5,-0.3,949.15,3933,3733017.25,25392.0,0.15,,921.72,883.34,2.92,7.39,True,52.06,1003.2,697.55,-5.44,36.0,270,-0.3,-2.76,6.24,10.93,13.41,-1.99,False
GANECOS,NSE,EQ,INE845D01014,2026-10-09,966.1,953.3,975.1,951.9,961.3,0.5,962.05,57461,55280314.6,77776.0,0.74,,1023.87,1024.32,-5.64,-5.68,False,40.37,1238.4,669.85,-21.99,44.23,270,0.5,-1.03,-7.14,-12.86,-6.47,-18.0,False
GANESHBE,NSE,BE,INE388A01029,2026-10-09,106.31,106.31,109.7,106.31,111.9,-5.0,106.72,356310,38026673.92,411272.0,0.87,,120.08,105.04,-11.47,1.21,True,36.45,137.83,69.52,-22.87,52.92,270,-5.0,-14.54,-17.97,9.65,28.18,19.64,False
GANESHCP,NSE,EQ,INE652V01016,2026-10-09,152.08,151.59,153.5,147.71,150.66,0.94,151.7,280524,42554182.49,209520.0,1.34,,164.83,193.43,-7.73,-21.38,False,41.82,305.55,145.47,-50.23,4.54,254,0.94,2.17,-10.39,-19.89,-25.55,-46.66,False
GANESHHOU,NSE,EQ,INE460C01014,2026-10-09,699.5,691.8,703.45,681.3,691.8,1.11,696.91,22928,15978842.4,30591.0,0.75,,750.13,756.9,-6.75,-7.58,False,37.0,872.9,506.2,-19.86,38.19,264,1.11,0.06,-6.83,-19.58,19.51,-16.18,False
GANESHHOUC,NSE,EQ,INE460C01014,2025-09-12,873.5,885.6,887.7,871.0,882.05,-0.97,877.55,33177,29114531.7,33408.0,0.99,,863.53,861.85,1.15,1.35,True,,882.05,857.1,-0.97,1.91,6,-0.97,1.42,,,,,False
GANESHIN,NSE,SM,INE0TVT01024,2026-10-09,87.0,85.4,87.9,85.35,85.05,2.29,86.9,48000,4171200.0,43800.0,1.1,,95.95,114.61,-9.33,-24.09,False,38.49,243.25,67.05,-64.23,29.75,270,2.29,0.4,-5.69,-6.15,15.54,-60.4,True
GANGABATH,NSE,SM,INE0ZI101018,2026-10-09,21.95,21.7,22.3,21.5,22.55,-2.66,21.91,27000,591600.0,29400.0,0.92,,21.69,22.17,1.19,-0.97,False,52.19,26.7,15.8,-17.79,38.92,254,-2.66,0.0,6.55,-2.23,24.01,-10.22,True
GANGAFO-RE,NSE,BE,INE691Z20015,2026-07-15,0.09,0.09,0.09,0.09,0.11,-18.18,0.09,2437395,219365.55,2591088.0,0.94,,0.28,0.29,-67.89,-69.48,False,,0.3,0.09,-70.0,0.0,4,-18.18,,,,,,False
GANGAFORGE,NSE,EQ,INE691Z01023,2026-10-09,1.48,1.53,1.53,1.45,1.51,-1.99,1.48,1199220,1778426.48,2475002.0,0.48,,1.74,2.42,-15.02,-38.72,False,40.97,4.02,1.4,-63.18,5.71,270,-1.99,0.0,-6.92,-33.03,-44.98,-58.54,False
GANGESSECU,NSE,EQ,INE335W01016,2026-10-09,113.97,115.99,115.99,112.0,113.75,0.19,112.62,156,17569.33,1517.0,0.1,,116.43,124.39,-2.11,-8.38,False,46.62,162.15,104.15,-29.71,9.43,269,0.19,-0.02,-6.5,-2.77,-0.77,-22.16,False
GANGOTRI,NSE,BZ,INE670B01028,2025-09-08,0.61,0.65,0.66,0.61,0.63,-3.17,0.62,31541,19457.51,31541.0,1.0,,0.61,0.61,0.0,0.0,False,,0.61,0.61,0.0,0.0,1,,,,,,,False
GARFIBRES,NSE,EQ,INE276A01018,2026-10-09,765.1,760.9,768.2,753.6,765.15,-0.01,762.51,27608,21051456.05,41611.0,0.66,,775.68,730.78,-1.36,4.7,True,43.23,842.7,592.45,-9.21,29.14,270,-0.01,-0.43,-6.6,5.63,24.82,2.96,False
GARUDA,NSE,EQ,INE0JVO01026,2026-10-09,163.63,165.65,168.03,162.93,165.42,-1.08,164.62,312902,51509571.98,379805.0,0.82,,176.38,179.97,-7.23,-9.08,False,33.31,242.37,132.77,-32.49,23.24,270,-1.08,-4.97,-10.88,-7.65,-1.73,-11.46,False
GATECH,NSE,BE,INE224E01028,2026-10-09,0.58,0.6,0.6,0.57,0.59,-1.69,0.58,11814655,6855816.59,13019331.0,0.91,,0.72,0.62,-18.94,-6.82,True,32.36,1.1,0.4,-47.27,45.0,270,-1.69,-10.77,-30.12,20.83,16.0,-13.43,False
GATECHDVR,NSE,BE,INE224E01036,2026-10-09,0.47,0.47,0.47,0.46,0.46,2.17,0.46,195738,90418.59,300004.0,0.65,,0.48,0.48,-2.38,-2.74,False,45.7,0.58,0.37,-18.97,27.03,270,2.17,2.17,-4.08,6.82,6.82,-9.62,False
GATEWAY,NSE,EQ,INE079J01017,2026-10-09,51.01,50.54,51.42,50.04,50.33,1.35,50.82,740838,37646217.93,633959.0,1.17,,53.66,56.91,-4.95,-10.36,False,39.14,64.73,48.48,-21.2,5.22,270,1.35,-1.68,-5.43,-13.12,-9.84,-16.76,False
GAUDIUMIVF,NSE,EQ,INE0P8B01020,2026-10-09,105.8,105.6,107.0,102.62,104.38,1.36,104.53,146636,15327671.7,245324.0,0.6,,116.28,107.55,-9.01,-1.62,True,40.02,158.16,70.67,-33.11,49.71,151,1.36,-3.36,-10.63,-14.86,33.55,,False
GAYAHWS,NSE,EQ,INE287Z01012,2026-10-09,1.82,1.84,1.86,1.75,1.8,1.11,1.81,131689,238377.07,160570.0,0.82,,1.9,2.16,-4.14,-15.93,False,45.98,4.54,1.72,-59.91,5.81,270,1.11,5.81,-6.19,-0.55,-17.65,-53.81,False
GAYAPROJ,NSE,EQ,INE336H01023,2026-10-09,21.0,20.0,21.0,19.0,20.0,5.0,19.53,1378136,26921013.17,1211902.0,1.14,,22.06,17.93,-4.81,17.14,True,42.19,26.15,8.45,-19.69,148.52,159,5.0,-6.42,-9.72,0.1,41.32,,False
GCHOTELS,NSE,SM,INE12E301017,2026-10-09,117.2,109.3,118.85,109.2,115.05,1.87,115.63,16800,1942530.0,53850.0,0.31,,111.17,122.65,5.43,-4.44,False,54.24,222.2,78.3,-47.25,49.68,267,1.87,2.85,18.2,-1.47,22.98,-41.37,True
GCSL,NSE,EQ,INE199P01028,2026-10-09,701.0,705.0,705.0,689.15,697.75,0.47,696.55,325976,227059948.2,580062.0,0.56,,594.53,462.13,17.91,51.69,True,79.63,701.0,220.5,0.0,217.91,269,0.47,3.1,17.18,42.55,105.27,181.13,False
GEECEE,NSE,EQ,INE916G01016,2026-10-09,337.8,359.75,359.75,325.5,352.7,-4.22,342.36,4688,1604975.3,2463.0,1.9,,362.24,343.38,-6.75,-1.62,True,33.05,385.1,221.25,-12.28,52.68,270,-4.22,-9.51,-8.33,-3.2,19.24,-6.02,False
GEEKAYWIRE,NSE,EQ,INE669X01032,2026-10-09,32.14,32.29,32.7,31.57,31.63,1.61,32.14,65522,2105980.96,350519.0,0.19,,28.64,31.3,12.21,2.67,False,56.42,71.63,19.02,-55.13,68.98,270,1.61,10.03,8.91,27.64,36.94,-52.0,False
GEMAROMA,NSE,EQ,INE06XZ01023,2026-10-09,148.11,148.0,149.59,145.64,146.56,1.06,147.52,37518,5534605.91,78554.0,0.48,,163.19,178.81,-9.24,-17.17,False,36.11,259.15,134.63,-42.85,10.01,270,1.06,-4.62,-8.49,-28.29,-5.34,-36.73,False
GENCON,NSE,EQ,INE854S01022,2026-10-09,35.8,36.79,37.04,35.51,36.34,-1.49,35.99,523878,18854691.69,402714.0,1.3,,40.0,41.68,-10.51,-14.1,False,36.02,58.67,35.8,-38.98,0.0,270,-1.49,-12.15,-14.54,-13.96,-17.42,-16.86,False
GENESYS,NSE,EQ,INE727B01026,2026-10-09,276.05,278.0,284.25,275.0,279.6,-1.27,278.1,342097,95136802.1,1200256.0,0.29,,270.14,316.76,2.19,-12.85,False,50.82,578.0,170.85,-52.24,61.57,270,-1.27,-1.88,-4.21,-15.36,13.52,-44.81,False
GENESYS-RE,NSE,BE,INE727B20018,2026-08-18,123.6,109.0,128.0,108.0,108.5,13.92,115.45,335699,38755613.3,712609.0,0.47,,118.92,119.09,3.93,3.79,False,,123.6,108.5,0.0,13.92,3,13.92,,,,,,False
GENSOL,NSE,BZ,INE06H201014,2026-10-09,10.61,10.7,11.4,10.61,11.16,-4.93,10.67,725910,7741933.81,146706.0,4.95,,16.74,23.78,-36.6,-55.38,False,12.69,46.02,10.61,-76.94,0.0,159,-4.93,-22.44,-39.23,-49.23,-63.81,,False
GENUSPAPER,NSE,EQ,INE949P01018,2026-10-09,10.25,10.29,10.48,10.2,10.29,-0.39,10.35,21024,217552.73,135375.0,0.16,,11.4,12.63,-10.12,-18.83,False,36.09,17.68,8.88,-42.02,15.43,270,-0.39,-2.66,-20.3,-8.56,-14.08,-40.06,False
GENUSPOWER,NSE,EQ,INE955D01029,2026-10-09,296.55,289.55,299.0,283.6,288.2,2.9,292.46,1471761,430428691.5,1628842.0,0.9,,310.29,307.46,-4.43,-3.55,True,44.96,354.45,214.9,-16.34,37.99,270,2.9,5.91,-11.12,-6.47,15.17,-4.35,False
GENXAI,NSE,SM,INE1W0N01014,2026-10-09,84.0,85.0,86.0,84.0,85.5,-1.75,85.06,14400,1224900.0,66420.0,0.22,,80.93,88.31,3.8,-4.88,False,54.04,102.25,68.4,-17.85,22.81,83,-1.75,-2.21,0.36,-0.71,,,True
GEOJITFSL,NSE,EQ,INE007B01023,2026-10-09,75.55,75.06,76.8,74.73,74.94,0.81,75.38,199208,15015711.93,284594.0,0.7,,78.79,75.36,-4.12,0.25,True,41.17,83.7,52.54,-9.74,43.8,270,0.81,-0.2,-6.82,-4.85,20.67,-3.57,False
GERMAN,NSE,EQ,INE0D4501011,2026-10-09,112.46,117.65,117.65,111.82,115.62,-2.73,113.54,1145116,130021117.1,7684169.0,0.15,,126.58,127.87,-11.15,-12.05,False,,128.33,112.46,-12.37,0.0,5,-2.73,,,,,,False
GESHIP,NSE,EQ,INE017A01032,2026-10-09,1533.7,1533.0,1559.0,1525.0,1529.7,0.26,1538.01,387543,596046299.6,950592.0,0.41,,1439.58,1354.4,6.54,13.24,True,60.88,1719.6,994.6,-10.81,54.2,270,0.26,0.2,10.83,7.94,10.37,54.33,False
GFLLIMITED,NSE,EQ,INE538A01037,2026-10-09,55.6,54.5,56.53,54.5,54.91,1.26,55.62,43711,2431309.39,69825.0,0.63,,54.32,51.92,2.36,7.1,True,49.67,77.13,37.54,-27.91,48.11,270,1.26,0.67,-7.6,21.4,27.35,-9.02,False
GFSTEELS,NSE,BE,INE534A01028,2026-10-09,42.25,42.25,42.25,42.0,41.43,1.98,42.25,5280,223079.75,37219.0,0.14,,24.13,14.74,75.06,186.54,True,100.0,42.25,9.73,0.0,334.22,74,1.98,10.34,156.06,294.12,,,False
GGBL,NSE,SM,INE0R8C01018,2026-10-09,217.4,218.0,221.8,216.1,215.0,1.12,219.46,11700,2567670.0,21780.0,0.54,,229.74,281.03,-5.37,-22.64,False,47.86,443.85,205.4,-51.02,5.84,270,1.12,-0.02,0.51,-17.65,-19.3,-44.88,True
GHCL,NSE,EQ,INE539A01019,2026-10-09,386.25,388.05,388.5,382.1,388.05,-0.46,385.78,86161,33238845.8,132682.0,0.65,,422.77,466.05,-8.64,-17.12,False,22.78,656.55,386.25,-41.17,0.0,270,-0.46,-3.86,-10.81,-11.42,-18.5,-36.15,False
GHCLTEXTIL,NSE,EQ,INE0PA801013,2026-10-09,124.05,126.25,126.74,120.65,125.1,-0.84,122.55,626981,76838101.55,505927.0,1.24,,125.38,103.6,-1.06,19.74,True,42.26,140.45,65.54,-11.68,89.27,270,-0.84,-4.0,-5.99,13.44,56.99,61.88,False
GICHSGFIN,NSE,EQ,INE289B01019,2026-10-09,131.53,132.0,132.55,131.0,131.3,0.18,131.48,63850,8394693.14,71717.0,0.89,,139.58,150.61,-5.76,-12.67,False,34.89,179.93,131.3,-26.9,0.18,270,0.18,-1.02,-5.19,-13.03,-10.15,-24.38,False
GICL,NSE,BE,INE947T01022,2026-10-09,21.88,21.05,22.1,20.0,21.05,3.94,20.91,323015,6754733.29,141476.0,2.28,,22.94,38.1,-4.62,-42.57,False,40.81,176.4,16.23,-87.6,34.81,270,3.94,-1.75,-10.8,21.15,-46.36,-86.71,False
GICRE,NSE,EQ,INE481Y01014,2026-10-09,312.6,309.15,315.6,308.3,309.1,1.13,312.58,630348,197034571.25,548348.0,1.15,,342.64,362.8,-8.77,-13.84,False,33.59,409.35,309.1,-23.64,1.13,270,1.13,-3.49,-10.2,-14.36,-19.38,-15.2,False
GILLANDERS,NSE,EQ,INE047B01011,2026-10-09,100.14,104.15,108.0,99.2,104.15,-3.85,101.84,12854,1309063.02,15973.0,0.8,,102.18,99.03,-1.99,1.12,True,41.46,126.9,76.69,-21.09,30.58,270,-3.85,-11.16,-1.64,9.49,15.29,-13.49,False
GILLETTE,NSE,EQ,INE322A01010,2026-10-09,7100.5,7234.5,7262.0,7075.5,7263.5,-2.24,7153.37,13859,99138526.5,23931.0,0.58,,7319.82,7927.21,-3.0,-10.43,False,45.7,9598.0,6899.0,-26.02,2.92,270,-2.24,2.92,-5.71,-9.49,-7.6,-25.1,False
GILT10BETA,NSE,EQ,INF789F1AZF3,2026-10-09,26.34,26.35,26.35,25.84,26.21,0.5,26.1,277,7230.28,455.0,0.61,,26.51,26.33,-0.64,0.03,True,47.59,27.05,25.46,-2.62,3.46,195,0.5,1.35,-1.35,-1.75,0.88,,False
GILT5BETA,NSE,EQ,INF789F1AZE6,2026-10-09,66.12,66.31,66.31,65.8,66.34,-0.33,66.13,1643,108657.79,1567.0,1.05,,66.24,65.38,-0.18,1.13,True,48.48,67.29,63.03,-1.74,4.9,185,-0.33,-0.59,-1.02,-0.54,2.37,,False
GILT5YBEES,NSE,EQ,INF204KC1030,2026-10-09,65.54,65.46,65.75,65.46,65.46,0.12,65.57,125631,8237772.69,232313.0,0.54,,65.88,65.03,-0.51,0.79,True,37.47,66.53,63.04,-1.49,3.97,270,0.12,-0.29,-1.19,-0.55,2.04,4.16,False
GINNIFILA,NSE,BE,INE424C01010,2026-10-09,40.75,40.7,42.0,39.72,40.33,1.04,40.76,19830,808369.01,42302.0,0.47,,42.9,43.41,-5.02,-6.12,False,43.72,54.65,32.76,-25.43,24.39,270,1.04,1.67,-5.21,-22.98,6.59,-10.38,False
GIPCL,NSE,EQ,INE162A01010,2026-10-09,166.58,166.46,168.19,163.74,164.94,0.99,165.97,207735,34477832.74,359592.0,0.58,,179.95,168.77,-7.43,-1.3,True,31.36,208.04,120.8,-19.93,37.9,270,0.99,-4.72,-17.17,1.54,21.74,-8.11,False
GIRIRAJ,NSE,SM,INE614Z01017,2026-10-09,50.95,54.85,55.05,49.85,52.45,-2.86,52.33,9750,510212.5,8050.0,1.21,,78.03,140.14,-34.71,-63.64,False,26.54,377.0,50.95,-86.49,0.0,244,-2.86,-18.87,-38.05,-60.81,-73.18,,True
GJL,NSE,ST,INE1TY801010,2026-10-08,460.4,460.4,460.4,460.4,484.6,-4.99,460.4,800,368320.0,4680.0,0.17,,306.79,200.11,50.07,130.08,True,74.15,510.1,100.8,-9.74,356.75,150,-4.99,2.8,80.55,145.94,83.57,,True
GKB,NSE,EQ,INE265D01015,2026-10-09,60.28,62.5,63.78,59.99,62.91,-4.18,61.15,2385,145845.78,8606.0,0.28,,64.96,65.02,-7.2,-7.28,False,35.92,71.52,60.28,-15.72,0.0,36,-4.18,-6.34,-15.72,,,,False
GKENERGY,NSE,EQ,INE1AG301022,2026-10-09,113.08,115.0,115.0,112.1,113.17,-0.08,113.63,193792,22020445.8,471734.0,0.41,,125.11,133.9,-9.62,-15.55,False,32.79,233.23,90.17,-51.52,25.41,255,-0.08,-1.46,-12.75,-21.22,7.19,-30.24,False
GKSL,NSE,EQ,INE0V0W01025,2026-10-09,184.09,181.99,185.2,180.0,180.71,1.87,183.03,448619,82112327.25,2738542.0,0.16,,165.61,136.2,11.16,35.16,True,57.39,194.27,99.36,-5.24,85.28,192,1.87,-5.24,5.08,38.88,67.81,,False
GKWLIMITED,NSE,EQ,INE528A01020,2026-10-09,1544.9,1550.0,1555.2,1531.0,1562.3,-1.11,1550.45,6765,10488819.2,2548.0,2.66,,1592.08,1653.55,-2.96,-6.57,False,45.05,1849.7,1407.4,-16.48,9.77,270,-1.11,0.97,-0.44,-14.12,-0.73,-5.51,False
GLAND,NSE,EQ,INE068V01023,2026-10-09,3061.8,3059.1,3121.9,3008.2,3079.1,-0.56,3067.94,181216,555959652.7,439399.0,0.41,,2836.48,2361.62,7.94,29.65,True,59.72,3150.6,1596.8,-2.82,91.75,270,-0.56,6.52,3.46,23.49,77.14,53.74,False
GLASSWALL,NSE,EQ,INE644Q01039,2026-10-09,267.6,272.1,278.55,262.65,267.1,0.19,268.39,4902831,1315861321.75,28031323.0,0.17,,242.86,223.72,10.19,19.61,True,82.43,309.29,214.85,-13.48,24.55,17,0.19,-1.04,,,,,False
GLAXO,NSE,EQ,INE159A01016,2026-10-09,2540.3,2534.4,2565.0,2485.0,2534.4,0.23,2534.51,41351,104804486.8,76964.0,0.54,,2751.87,2603.99,-7.69,-2.45,True,29.22,3106.4,2103.2,-18.22,20.78,270,0.23,-8.33,-13.25,4.19,7.9,-4.49,False
GLENMARK,NSE,EQ,INE935A01035,2026-10-09,2293.0,2207.0,2293.0,2203.0,2192.2,4.6,2256.99,414339,935157012.9,609583.0,0.68,,2349.2,2232.73,-2.39,2.7,True,44.3,2515.0,1810.4,-8.83,26.66,270,4.6,-1.63,-7.33,0.44,5.5,17.43,False
GLFL,NSE,EQ,INE540A01017,2026-10-09,5.58,5.2,5.7,5.2,5.6,-0.36,5.31,12606,66892.11,9451.0,1.33,,5.49,5.73,1.7,-2.55,False,56.02,8.9,3.85,-37.3,44.94,231,-0.36,1.64,4.3,-5.42,36.1,,False
GLOBAL,NSE,EQ,INE291W01037,2026-10-09,142.2,141.51,143.76,140.11,141.41,0.56,141.94,114393,16237308.11,241720.0,0.47,,123.26,104.17,15.36,36.5,True,68.32,144.79,56.23,-1.79,152.89,270,0.56,4.17,12.3,39.17,40.92,118.4,False
GLOBALE,NSE,EQ,INE0URU01010,2026-10-09,12.01,12.55,12.68,11.55,11.53,4.16,12.24,20066,245689.41,6374.0,3.15,,11.15,11.82,7.71,1.61,False,61.39,14.2,10.08,-15.42,19.15,270,4.16,13.62,10.08,7.71,10.28,-10.91,False
GLOBALPET,NSE,SM,INE0PS501019,2026-10-08,172.0,172.0,172.0,172.0,175.0,-1.71,172.0,750,129000.0,8625.0,0.09,,159.31,143.01,7.97,20.27,True,57.7,178.45,86.1,-3.61,99.77,192,-1.71,2.38,10.97,9.59,47.01,,True
GLOBALVECT,NSE,EQ,INE792H01019,2026-10-09,126.24,124.4,128.88,124.4,124.2,1.64,126.12,3710,467911.31,6722.0,0.55,,140.59,163.26,-10.21,-22.68,False,36.58,243.14,124.2,-48.08,1.64,270,1.64,-3.66,-9.37,-21.28,-28.39,-39.1,False
GLOBE,NSE,EQ,INE581X01021,2026-10-09,2.07,2.04,2.16,2.04,2.07,0.0,2.12,431918,917358.0,978970.0,0.44,,2.07,2.24,0.2,-7.67,False,50.67,3.15,1.76,-34.29,17.61,270,0.0,-1.9,10.7,-3.72,-17.53,-4.17,False
GLOBECIVIL,NSE,EQ,INE0V3U01015,2026-10-09,40.6,40.82,41.59,40.05,40.82,-0.54,40.41,13515,546180.0,26872.0,0.5,,42.97,48.19,-5.52,-15.75,False,37.27,75.51,33.86,-46.23,19.91,270,-0.54,-2.15,-10.45,-0.32,-5.1,-40.68,False
GLOBUSSPR,NSE,EQ,INE615I01010,2026-10-09,780.95,785.0,797.6,777.3,783.45,-0.32,783.18,62879,49245547.5,67595.0,0.93,,850.8,918.72,-8.21,-15.0,False,32.77,1193.3,780.95,-34.56,0.0,270,-0.32,-0.76,-9.34,-15.67,-18.76,-25.27,False
GLOSTERLTD,NSE,EQ,INE350Z01018,2026-10-09,534.75,542.3,542.95,531.0,542.3,-1.39,533.84,556,296815.1,1193.0,0.47,,591.08,621.94,-9.53,-14.02,False,31.73,749.45,501.35,-28.65,6.66,270,-1.39,-0.79,-10.7,-19.58,-7.55,-18.24,False
GLOTTIS,NSE,EQ,INE0TQE01026,2026-10-09,55.61,56.83,57.48,54.7,56.62,-1.78,55.63,42393,2358417.41,101336.0,0.42,,61.53,63.24,-9.63,-12.07,False,38.71,83.71,38.14,-33.57,45.8,249,-1.78,-4.79,-2.66,-16.38,15.57,,False
GMBREW,NSE,EQ,INE075D01018,2026-10-09,885.75,910.0,928.5,881.55,887.45,-0.19,898.29,239875,215477696.0,115198.0,2.08,,928.23,928.78,-4.58,-4.63,False,37.52,1264.2,727.45,-29.94,21.76,270,-0.19,-6.96,-4.53,-5.76,-14.01,26.1,False
GMDCLTD,NSE,EQ,INE131A01031,2026-10-09,462.15,465.5,471.25,458.05,463.35,-0.26,465.01,694388,322896088.15,984692.0,0.71,,546.04,574.99,-15.36,-19.62,False,20.42,746.75,462.15,-38.11,0.0,270,-0.26,-5.23,-18.76,-21.64,-23.01,-22.85,False
GML,NSE,SM,INE09A801015,2026-10-08,16.65,16.65,16.65,16.65,16.65,0.0,16.65,2000,33300.0,11400.0,0.18,,17.7,22.3,-5.91,-25.35,False,42.51,51.3,15.25,-67.54,9.18,222,0.0,-5.93,-5.93,-14.62,-12.37,,True
GMMPFAUDLR,NSE,EQ,INE541A01023,2026-10-09,1299.8,1348.7,1358.4,1285.5,1340.4,-3.03,1306.89,171311,223884431.7,422724.0,0.41,,1220.86,1037.16,6.47,25.32,True,46.39,1507.2,738.2,-13.76,76.08,270,-3.03,-9.95,1.14,72.27,43.71,22.66,False
GMRAIRPORT,NSE,EQ,INE776C01039,2026-10-09,92.31,88.89,92.31,88.6,87.77,5.17,89.64,65561091,5876966957.25,17821748.0,3.68,,97.86,98.82,-5.67,-6.59,False,43.04,114.98,84.75,-19.72,8.92,270,5.17,-0.91,-4.84,-17.95,-3.66,5.86,False
GMRP&UI,NSE,EQ,INE0CU601026,2026-10-09,98.1,97.11,100.11,97.11,97.11,1.02,98.64,598275,59011697.63,1694641.0,0.35,,97.91,102.85,0.2,-4.62,False,49.87,132.19,89.74,-25.79,9.32,270,1.02,-3.7,2.6,-0.64,-6.23,-13.52,False
GNA,NSE,EQ,INE934S01014,2026-10-09,554.55,560.0,570.0,543.2,557.7,-0.56,557.87,341444,190481628.25,996374.0,0.34,,551.41,460.33,0.57,20.47,True,45.72,620.45,298.15,-10.62,86.0,270,-0.56,-4.5,0.21,16.65,35.34,79.76,False
GNFC,NSE,EQ,INE113A01013,2026-10-09,592.7,604.95,612.5,590.0,599.25,-1.09,599.86,335320,201144501.0,1255915.0,0.27,,578.94,527.3,2.38,12.4,True,49.57,630.3,366.45,-5.97,61.74,270,-1.09,0.6,0.61,17.96,41.35,20.71,False
GNRL,NSE,EQ,INE207H01018,2026-10-09,95.78,95.7,97.7,94.38,95.52,0.27,95.1,637233,60601575.96,461176.0,1.38,,99.41,99.03,-3.65,-3.28,True,41.99,114.45,84.88,-16.31,12.84,120,0.27,-1.44,-12.09,-6.46,,,False
GOACARBON,NSE,EQ,INE426D01013,2026-10-09,401.8,405.0,405.0,395.0,394.8,1.77,399.38,9106,3636764.4,62433.0,0.15,,390.46,389.69,2.9,3.11,True,52.68,463.5,275.4,-13.31,45.9,270,1.77,-0.27,4.03,-0.16,21.83,-8.17,False
GOCLCORP,NSE,EQ,INE077F01035,2026-10-09,357.5,362.0,364.75,354.85,357.6,-0.03,358.34,35867,12852570.6,243368.0,0.15,,395.09,365.55,-9.51,-2.2,True,37.23,456.15,225.0,-21.63,58.89,270,-0.03,1.66,-17.93,-12.01,30.78,2.67,False
GOCOLORS,NSE,EQ,INE0BJS01011,2026-10-09,292.75,298.3,302.0,292.0,296.9,-1.4,296.04,105541,31243936.3,75490.0,1.4,,318.21,374.38,-8.0,-21.8,False,37.07,703.15,238.4,-58.37,22.8,270,-1.4,-0.75,-10.6,-13.91,3.46,-56.57,False
GODAVARIB,NSE,EQ,INE497S01012,2026-10-09,221.26,221.0,224.08,219.07,221.02,0.11,221.32,33076,7320299.88,600105.0,0.06,,242.88,267.0,-8.9,-17.13,False,36.22,334.9,221.02,-33.93,0.11,270,0.11,-2.61,-9.46,-18.26,-29.66,-13.27,False
GODFRYPHLP,NSE,EQ,INE260B01028,2026-10-09,1813.2,1777.0,1819.4,1777.0,1771.0,2.38,1804.55,151621,273607022.4,185083.0,0.82,,2007.73,2819.44,-9.69,-35.69,False,35.91,3456.8,1771.0,-47.55,2.38,270,2.38,-1.97,-9.79,-14.28,-9.59,-46.42,False
GODHA,NSE,EQ,INE925Y01036,2025-10-16,0.56,0.54,0.56,0.54,0.54,3.7,0.56,4953588,2751581.34,3740723.0,1.32,,0.58,0.59,-3.65,-4.66,False,42.51,0.64,0.54,-12.5,3.7,29,3.7,-1.75,-3.45,,,,False
GODIGIT,NSE,EQ,INE03JT01014,2026-10-09,272.85,264.0,276.75,260.85,261.45,4.36,272.48,1800160,490509807.65,1201986.0,1.5,,262.32,295.89,4.01,-7.79,False,61.77,365.6,239.0,-25.37,14.16,270,4.36,6.46,5.29,-12.55,-15.88,-21.15,False
GODREJAGRO,NSE,EQ,INE850D01014,2026-10-09,628.45,640.0,646.3,624.2,639.95,-1.8,635.85,112214,71351262.1,214753.0,0.52,,625.55,610.09,0.46,3.01,True,45.75,695.3,513.0,-9.61,22.5,270,-1.8,-0.55,-6.7,11.79,6.26,-8.95,False
GODREJCP,NSE,EQ,INE102D01028,2026-10-09,860.5,867.0,873.9,858.1,865.0,-0.52,868.63,619093,537761349.55,969127.0,0.64,,911.85,1028.45,-5.63,-16.33,False,42.01,1254.0,837.0,-31.38,2.81,270,-0.52,2.44,-0.52,-20.94,-19.96,-26.26,False
GODREJIND,NSE,EQ,INE233A01035,2026-10-09,985.4,1002.4,1004.8,982.2,1002.4,-1.7,989.3,53522,52949446.6,91492.0,0.58,,1127.57,1119.35,-12.61,-11.97,True,24.93,1417.7,749.0,-30.49,31.56,270,-1.7,-3.35,-13.86,-30.49,11.77,-18.0,False
GODREJPROP,NSE,EQ,INE484J01027,2026-10-09,1550.0,1541.6,1561.2,1533.1,1534.0,1.04,1548.41,295279,457214268.5,639553.0,0.46,,1799.37,1867.93,-13.86,-17.02,False,25.56,2320.3,1471.3,-33.2,5.35,270,1.04,-2.87,-18.7,-27.33,-8.94,-21.27,False
GOENKA,NSE,BZ,INE516K01024,2025-12-15,0.82,0.83,0.83,0.79,0.81,1.23,0.82,292786,240240.03,174443.0,1.68,,1.01,0.96,-18.6,-14.75,True,32.19,1.44,0.81,-43.06,1.23,49,1.23,0.0,-26.13,,,,False
GOKEX,NSE,EQ,INE887G01027,2026-10-09,667.7,651.95,672.95,650.1,652.35,2.35,660.24,138431,91397445.75,290581.0,0.48,,736.88,745.73,-9.39,-10.46,False,35.6,949.35,541.95,-29.67,23.2,270,2.35,-3.06,-14.54,-19.82,-0.25,-7.26,False
GOKUL,NSE,EQ,INE020J01029,2026-10-09,38.05,37.5,38.99,37.28,37.8,0.66,37.98,139275,5289532.25,167710.0,0.83,,40.21,40.18,-5.36,-5.3,True,38.03,44.98,31.72,-15.41,19.96,270,0.66,-1.58,-10.55,-8.8,-4.66,-9.49,False
GOKULAGRO,NSE,EQ,INE314T01033,2026-10-09,206.74,206.5,211.05,205.01,205.54,0.58,207.52,194554,40373180.46,316870.0,0.61,,222.18,225.26,-6.95,-8.22,False,34.9,410.25,152.82,-49.61,35.28,270,0.58,-1.6,-11.33,-5.04,4.07,-47.48,False
GOLD1,NSE,EQ,INF174KA1HJ8,2026-10-09,123.98,123.5,124.27,123.21,122.19,1.46,123.81,1581956,195863042.82,2636268.0,0.6,,124.84,120.72,-0.69,2.7,True,47.48,146.62,96.83,-15.44,28.04,270,1.46,1.01,-2.45,3.96,-1.41,28.88,False
GOLD360,NSE,EQ,INF579M01BB5,2026-10-09,144.5,145.0,145.25,144.1,143.0,1.05,144.77,6546,947645.25,15000.0,0.44,,145.89,141.27,-0.95,2.29,True,46.07,172.85,114.25,-16.4,26.48,270,1.05,0.8,-2.53,3.51,-1.83,26.87,False
GOLDADD,NSE,EQ,INF740KA1ZP2,2026-10-09,14.43,14.39,14.47,14.35,14.22,1.48,14.43,3382332,48801468.33,6711871.0,0.5,,55.53,110.08,-74.01,-86.89,False,9.92,173.61,14.16,-91.69,1.91,202,1.48,1.05,-2.43,-89.6,-90.11,,False
GOLDAXIS,NSE,EQ,INF846K01W80,2026-10-09,123.76,122.9,124.07,122.9,121.77,1.63,123.69,2679938,331481031.4,1901645.0,1.41,,124.4,122.94,-0.51,0.66,True,47.62,134.31,116.57,-7.85,6.17,69,1.63,1.14,-2.44,3.91,,,False
GOLDBEES,NSE,EQ,INF204KB17I5,2026-10-09,122.75,122.12,122.99,122.12,120.94,1.5,122.6,15608040,1913500260.95,20172836.0,0.77,,123.64,119.68,-0.72,2.57,True,47.34,146.53,96.84,-16.23,26.76,270,1.5,1.09,-2.46,3.9,-1.32,28.06,False
GOLDBETA,NSE,EQ,INF789F1AUX7,2026-10-09,124.85,124.15,125.15,124.15,123.15,1.38,124.83,662302,82676134.25,655650.0,1.01,,125.94,124.35,-0.86,0.4,True,46.38,148.25,112.25,-15.78,11.22,195,1.38,0.93,-2.58,3.78,-1.07,,False
GOLDBND,NSE,EQ,INF194KB1KJ7,2026-10-09,148.52,147.16,148.83,147.16,146.43,1.43,148.45,17901,2657472.85,23579.0,0.76,,149.51,146.83,-0.66,1.15,True,47.57,177.58,130.7,-16.36,13.63,203,1.43,1.21,-2.52,4.06,-1.36,,False
GOLDCASE,NSE,EQ,INF0R8F01042,2026-10-09,23.35,23.26,23.4,23.23,23.01,1.48,23.33,10332612,241015435.63,13194270.0,0.78,,23.54,22.77,-0.79,2.55,True,46.96,27.88,18.41,-16.25,26.83,270,1.48,0.73,-2.51,3.92,-1.27,28.65,False
GOLDENTOBC,NSE,BZ,INE973A01010,2026-10-09,21.74,22.08,23.18,21.72,22.08,-1.54,22.0,2760,60726.6,2060.0,1.34,,24.24,26.88,-10.32,-19.13,False,33.14,36.0,21.41,-39.61,1.54,270,-1.54,-8.23,-14.07,-16.29,-8.89,-36.51,False
GOLDETF,NSE,EQ,INF769K01JP9,2026-10-09,144.16,143.39,144.57,143.39,142.24,1.35,144.16,3263688,470477372.53,1339662.0,2.44,,145.44,140.64,-0.88,2.5,True,46.13,171.62,113.47,-16.0,27.05,270,1.35,0.75,-2.52,3.81,-1.15,27.9,False
GOLDETFADD,NSE,EQ,INF740KA1SW3,2025-12-12,128.73,126.58,128.99,126.57,125.48,2.59,128.16,638904,81879552.52,385306.0,1.66,,119.91,111.08,7.36,15.89,True,70.33,128.73,103.85,0.0,23.96,68,2.59,2.61,4.16,21.11,,,False
GOLDIAM,NSE,EQ,INE025B01025,2026-10-09,305.9,306.0,310.0,303.85,305.75,0.05,306.46,189055,57938098.9,412037.0,0.46,,340.1,368.04,-10.06,-16.88,False,35.57,500.0,268.65,-38.82,13.87,270,0.05,-1.58,-9.55,-19.07,-9.52,-20.74,False
GOLDIETF,NSE,EQ,INF109KC1NT3,2026-10-09,127.35,126.67,127.68,126.51,125.32,1.62,127.28,7639588,972346289.62,5885489.0,1.3,,128.1,123.95,-0.58,2.75,True,48.09,153.33,99.88,-16.94,27.5,270,1.62,1.24,-2.32,4.04,-1.19,27.9,False
GOLDKART,NSE,SM,INE06MH01016,2026-10-07,104.0,104.0,104.0,104.0,104.0,0.0,104.0,625,65000.0,1531.0,0.41,,141.65,197.69,-26.58,-47.39,False,37.93,285.0,81.7,-63.51,27.29,81,0.0,1.96,-10.19,-59.14,,,True
GOLDSHARE,NSE,EQ,INF789F1AUX7,2025-12-23,114.9,116.1,116.3,114.0,113.3,1.41,114.96,1196818,137583809.75,835303.0,1.43,,105.88,97.28,8.52,18.11,True,75.75,114.9,90.0,0.0,27.67,75,1.41,3.19,10.75,21.59,,,False
GOLDSTAR,NSE,ST,INE405Y01021,2026-10-09,11.05,10.15,11.05,10.05,10.55,4.74,10.14,618750,6271312.5,261000.0,2.37,,9.16,8.07,20.69,36.85,True,59.94,12.85,4.5,-14.01,145.56,235,4.74,-14.01,45.39,29.24,56.74,,True
GOLDTECH,NSE,BE,INE805A01014,2026-10-09,40.0,40.75,40.75,40.0,40.8,-1.96,40.07,5548,222331.3,17752.0,0.31,,46.55,49.04,-14.08,-18.44,False,32.08,67.86,30.94,-41.06,29.28,270,-1.96,-8.65,-16.68,-34.37,-1.36,-34.8,False
GOODLUCK,NSE,EQ,INE127I01024,2026-10-09,500.25,494.1,508.4,494.1,496.8,0.69,501.86,248940,124931827.15,492163.0,0.51,,739.28,1068.96,-32.33,-53.2,False,31.58,1629.4,432.8,-69.3,15.58,270,0.69,0.18,-2.99,-68.05,-53.87,-60.64,False
GOODYEAR,NSE,EQ,INE533A01012,2026-10-09,676.85,677.25,681.8,675.0,677.05,-0.03,678.13,2838,1924527.0,4418.0,0.64,,730.9,767.26,-7.4,-11.78,False,19.29,871.35,676.85,-22.32,0.0,120,-0.03,-2.51,-6.67,-13.14,,,False
GOPAL,NSE,EQ,INE0L9R01028,2026-10-09,253.35,252.55,255.35,250.05,252.4,0.38,251.83,74003,18635911.7,138305.0,0.54,,263.69,286.3,-3.92,-11.51,False,41.05,361.85,249.3,-29.98,1.62,270,0.38,-0.55,-4.11,-5.77,-8.01,-27.11,False
GOYALALUM,NSE,EQ,INE705X01026,2026-10-09,5.72,5.63,5.8,5.63,5.6,2.14,5.73,38667,221557.87,79826.0,0.48,,6.15,6.63,-6.96,-13.79,False,37.54,10.34,5.44,-44.68,5.15,270,2.14,-3.21,-7.89,-13.98,-16.25,-19.78,False
GOYALSALT,NSE,SM,INE0QFE01017,2026-10-09,103.95,101.0,103.95,100.1,100.0,3.95,101.15,12000,1213830.0,5310.0,2.26,,107.49,125.78,-3.29,-17.35,False,48.58,198.5,99.65,-47.63,4.32,240,3.95,-1.93,-1.93,-9.33,-10.0,,True
GPECO,NSE,SM,INE0S7E01015,2026-10-09,420.4,432.0,432.0,418.5,423.85,-0.81,423.81,10000,4238060.0,19470.0,0.51,,411.63,420.79,2.13,-0.09,False,52.09,556.25,271.1,-24.42,55.07,270,-0.81,2.04,2.86,-3.04,14.02,-23.56,True
GPIL,NSE,EQ,INE177H01039,2026-10-09,206.47,207.0,209.24,203.82,205.63,0.41,206.22,1373248,283195321.38,1438021.0,0.95,,235.51,252.78,-12.33,-18.32,False,29.92,305.85,205.63,-32.49,0.41,270,0.41,-4.27,-15.97,-18.82,-27.47,-15.66,False
GPPL,NSE,EQ,INE517F01014,2026-10-09,167.9,166.64,171.2,166.07,166.64,0.76,168.89,803344,135674528.0,1498626.0,0.54,,161.96,159.99,3.67,4.94,True,56.71,193.61,142.39,-13.28,17.92,270,0.76,1.22,4.56,8.81,9.52,6.25,False
GPTHEALTH,NSE,EQ,INE486R01017,2026-10-09,139.62,141.0,145.8,138.18,140.12,-0.36,140.63,83497,11742294.04,111253.0,0.75,,154.53,148.58,-9.65,-6.03,True,23.59,170.49,115.31,-18.11,21.08,270,-0.36,-7.82,-13.12,-11.69,3.64,-5.1,False
GPTINFRA,NSE,EQ,INE390G01014,2026-10-09,121.88,122.52,127.99,119.82,121.19,0.57,122.15,216420,26435920.9,462174.0,0.47,,116.88,115.52,4.28,5.51,True,57.12,135.56,96.77,-10.09,25.95,270,0.57,2.71,9.39,-1.61,8.22,8.24,False
GRADIENTE,NSE,BE,INE361K01017,2026-10-09,2.39,2.46,2.5,2.34,2.46,-2.85,2.36,1026936,2426334.03,832587.0,1.23,,2.66,5.02,-10.2,-52.38,False,46.95,8.93,2.05,-73.24,16.59,107,-2.85,1.27,-5.91,-33.61,,,False
GRANDOAK,NSE,EQ,INE926B01016,2026-10-09,37.62,37.09,39.6,34.12,36.0,4.5,37.14,12613,468488.4,3765.0,3.35,,36.22,34.23,3.85,9.91,True,57.47,53.11,24.64,-29.17,52.68,120,4.5,8.1,8.85,-16.95,,,False
GRANULES,NSE,EQ,INE101D01020,2026-10-09,815.25,815.05,835.85,809.65,815.05,0.02,822.51,603580,496449605.05,1283307.0,0.47,,844.99,748.22,-3.52,8.96,True,41.27,909.3,532.85,-10.34,53.0,270,0.02,-0.79,-8.95,-8.38,26.53,57.69,False
GRAPHISAD,NSE,SM,INE0POU01017,2026-10-09,23.8,23.95,23.95,23.8,23.8,0.0,23.85,3600,85860.0,9840.0,0.37,,26.21,31.33,-9.2,-24.04,False,39.59,52.15,23.8,-54.36,0.0,247,0.0,-3.25,-6.67,-17.07,-25.86,,True
GRAPHITE,NSE,EQ,INE371A01025,2026-10-09,806.6,806.2,816.0,791.15,802.15,0.55,804.73,896793,721678853.55,2281337.0,0.39,,761.93,683.84,5.86,17.95,True,53.27,851.2,526.15,-5.24,53.3,270,0.55,2.6,9.85,31.67,25.42,45.22,False
GRASIM,NSE,EQ,INE047A01021,2026-10-09,2890.0,2863.8,2894.9,2857.8,2856.8,1.16,2882.57,222643,641784559.1,651584.0,0.34,,3143.0,3030.35,-8.05,-4.63,True,28.23,3380.5,2531.1,-14.51,14.18,270,1.16,-2.43,-12.6,-10.07,4.85,4.83,False
GRAUWEIL,NSE,EQ,INE266D01021,2026-10-09,81.32,79.5,84.8,77.09,78.0,4.26,81.83,1562711,127882933.09,1448783.0,1.08,,77.17,72.73,5.38,11.81,True,53.8,88.02,63.49,-7.61,28.08,120,4.26,-0.59,12.93,0.31,,,False
GRAVISSHO,NSE,BE,INE214F01026,2026-10-09,30.61,30.61,30.61,30.61,30.01,2.0,30.61,1,30.61,59626.0,0.0,,32.04,29.97,-4.46,2.14,True,44.11,46.97,26.7,-34.83,14.64,119,2.0,-4.34,6.77,-1.26,,,False
GRAVITA,NSE,EQ,INE024L01027,2026-10-09,1466.4,1510.2,1541.8,1440.1,1482.3,-1.07,1484.89,343285,509740699.5,251154.0,1.37,,1618.7,1659.77,-9.41,-11.65,False,33.04,1875.4,1295.1,-21.81,13.23,270,-1.07,3.81,-12.83,-20.93,-2.1,-6.59,False
GRCL,NSE,SM,INE0LVM01018,2026-10-09,569.95,569.95,569.95,569.95,550.0,3.63,569.95,250,142487.5,1438.0,0.17,,560.41,492.09,1.7,15.82,True,50.89,629.2,306.85,-9.42,85.74,211,3.63,-0.71,-0.88,-4.79,48.04,,True
GREAVESCOT,NSE,EQ,INE224A01026,2026-10-09,207.22,210.18,214.52,206.1,211.61,-2.07,208.93,1007887,210578627.48,2739953.0,0.37,,208.29,197.94,-0.51,4.69,True,46.95,263.6,120.61,-21.39,71.81,270,-2.07,-8.3,7.33,-21.39,40.99,-2.19,False
GREENASIA,NSE,ST,INE1WDS01018,2026-10-09,76.35,76.35,76.35,76.35,80.35,-4.98,76.35,3200,244320.0,428267.0,0.01,,84.07,84.43,-9.18,-9.57,False,,84.55,76.35,-9.7,0.0,3,-4.98,,,,,,True
GREENCHEF,NSE,SM,INE0O7P01015,2026-10-09,65.0,65.0,65.0,65.0,65.0,0.0,65.0,2400,156000.0,17600.0,0.14,,63.38,57.15,2.56,13.73,True,45.25,75.95,42.5,-14.42,52.94,257,0.0,-7.08,5.01,31.31,33.2,-10.34,True
GREENLAM,NSE,EQ,INE544R01021,2026-10-09,206.34,207.8,209.8,203.21,206.86,-0.25,205.09,46668,9571283.0,53897.0,0.87,,232.27,239.58,-11.16,-13.87,False,23.44,273.7,202.34,-24.61,1.98,270,-0.25,-3.41,-12.39,-19.98,-9.51,-13.76,False
GREENLEAF,NSE,SM,INE0PLX01017,2026-10-09,114.0,113.95,114.0,113.95,109.0,4.59,113.99,4000,455950.0,7350.0,0.54,,109.38,107.3,4.22,6.24,True,53.08,177.2,53.3,-35.67,113.88,241,4.59,-3.31,-0.87,12.2,101.41,,True
GREENPANEL,NSE,EQ,INE08ZM01014,2026-10-09,153.78,154.17,155.4,152.31,154.17,-0.25,153.66,121907,18732734.36,412019.0,0.3,,166.89,196.66,-7.86,-21.81,False,37.5,310.2,151.24,-50.43,1.68,270,-0.25,-3.03,-4.89,-19.33,-22.31,-43.11,False
GREENPLY,NSE,EQ,INE461C01038,2026-10-09,306.7,303.4,308.6,298.3,305.7,0.33,303.58,126215,38315824.9,239994.0,0.53,,294.29,278.99,4.22,9.93,True,57.04,329.65,180.31,-6.96,70.1,270,0.33,0.99,2.46,-3.17,46.01,1.69,False
GREENPOWER,NSE,EQ,INE999K01014,2026-10-09,8.56,8.35,9.7,8.27,8.34,2.64,8.52,1926503,16422892.43,2059666.0,0.94,,9.27,10.46,-7.66,-18.17,False,34.88,14.34,8.04,-40.31,6.47,270,2.64,-2.39,-6.35,-15.75,-13.45,-33.28,False
GRETEX,NSE,SM,INE985P01012,2026-09-25,214.0,214.0,214.0,214.0,225.0,-4.89,214.0,750,160500.0,16125.0,0.05,,259.05,235.12,-17.39,-8.98,True,30.96,304.0,181.0,-29.61,18.23,100,-4.89,-9.7,-24.91,-15.08,,,True
GRINDWELL,NSE,EQ,INE536A01023,2026-10-09,1990.6,2003.3,2025.9,1973.4,2007.0,-0.82,1995.55,16639,33203990.3,37683.0,0.44,,1986.34,1857.96,0.21,7.14,True,51.84,2382.3,1353.1,-16.44,47.11,270,-0.82,0.75,3.53,-3.3,33.32,25.34,False
GRINFRA,NSE,EQ,INE201P01022,2026-10-09,787.55,785.05,797.8,779.0,789.4,-0.23,790.26,12184,9628536.8,29969.0,0.41,,844.17,930.65,-6.71,-15.38,False,36.87,1283.1,787.55,-38.62,0.0,270,-0.23,-0.34,-8.35,-13.37,-6.57,-35.51,False
GRMOVER,NSE,EQ,INE192H01020,2026-10-09,80.02,80.0,80.75,79.01,79.68,0.43,79.74,945553,75396453.03,1102544.0,0.86,,86.85,152.26,-7.86,-47.44,False,42.52,505.55,77.87,-84.17,2.76,270,0.43,2.76,-9.24,-18.0,-52.29,-77.7,False
GROBTEA,NSE,EQ,INE646C01018,2026-10-09,889.95,892.0,892.0,889.9,890.7,-0.08,890.84,22,19598.5,122.0,0.18,,920.6,937.32,-3.33,-5.05,False,42.88,1204.0,806.4,-26.08,10.36,269,-0.08,1.3,-7.87,-1.6,2.96,-18.14,False
GROWW,NSE,EQ,INE0HOQ01053,2026-10-09,192.39,193.2,193.51,189.5,192.6,-0.11,191.82,13619125,2612437617.59,32117053.0,0.42,,192.32,182.8,0.04,5.25,True,52.07,221.56,131.33,-13.17,46.49,225,-0.11,6.82,-1.46,-5.91,6.29,,False
GROWWCAPM,NSE,EQ,INF666M01MM4,2026-10-09,10.95,11.0,11.01,10.78,10.96,-0.09,10.9,274693,2994152.26,688012.0,0.4,,11.17,10.86,-1.98,0.86,True,44.67,11.98,8.98,-8.6,21.94,209,-0.09,2.62,-4.2,-6.09,8.74,,False
GROWWCHEM,NSE,EQ,INF666M01NP5,2026-10-09,28.06,28.24,28.4,27.81,27.92,0.5,28.01,10767,301549.27,466598.0,0.02,,29.41,29.12,-4.58,-3.63,True,34.82,30.97,24.91,-9.4,12.65,180,0.5,-1.06,-7.12,-5.43,5.09,,False
GROWWDEFNC,NSE,EQ,INF666M01IO8,2026-10-09,90.19,89.86,90.49,88.6,89.86,0.37,89.71,182927,16410832.52,249439.0,0.73,,94.2,89.38,-4.26,0.9,True,36.48,99.97,72.1,-9.78,25.09,270,0.37,-1.59,-9.78,-5.17,12.02,14.91,False
GROWWEV,NSE,EQ,INF666M01IH2,2026-10-09,29.38,29.5,29.95,29.1,29.41,-0.1,29.42,227142,6681837.44,277423.0,0.82,,31.57,31.2,-6.95,-5.82,True,26.01,34.2,26.27,-14.09,11.84,270,-0.1,-2.23,-8.84,-6.43,1.8,-4.14,False
GROWWGOLD,NSE,EQ,INF666M01OE7,2026-10-09,14.49,14.45,14.53,14.41,14.27,1.54,14.49,1724240,24979744.91,2168626.0,0.8,,14.76,34.83,-1.85,-58.4,False,47.18,174.56,13.08,-91.7,10.78,270,1.54,1.19,-2.42,3.8,-1.5,-87.24,False
GROWWHOSPI,NSE,EQ,INF666M01OD9,2026-10-09,46.8,46.48,47.13,46.03,45.81,2.16,46.65,535633,24989687.58,447496.0,1.2,,51.08,50.59,-8.38,-7.49,True,28.64,54.9,44.2,-14.75,5.88,148,2.16,-2.19,-9.81,-13.81,1.92,,False
GROWWLIQID,NSE,EQ,INF666M01IP5,2026-10-09,111.11,111.12,111.12,111.11,111.07,0.04,111.12,94751,10528443.84,328340.0,0.29,,110.6,109.23,0.46,1.72,True,100.0,111.11,105.98,0.0,4.84,270,0.04,0.09,0.41,1.13,2.36,4.87,False
GROWWLOVOL,NSE,EQ,INF666M01LB9,2026-10-09,9.69,9.8,9.8,9.6,9.61,0.83,9.68,8794,85107.91,15631.0,0.56,,10.15,10.3,-4.55,-5.94,False,30.09,10.94,9.59,-11.43,1.04,270,0.83,-1.32,-5.0,-5.74,-3.29,-5.37,False
GROWWMC150,NSE,EQ,INF666M01MV5,2026-10-09,216.69,214.9,220.78,214.2,214.93,0.82,215.31,65,13994.83,1316.0,0.05,,227.22,225.06,-4.63,-3.72,True,36.87,237.43,195.3,-8.74,10.95,222,0.82,-0.56,-5.89,-6.41,3.17,,False
GROWWMETAL,NSE,EQ,INF666M01NI0,2026-10-09,11.48,11.09,11.65,11.09,11.38,0.88,11.44,559906,6403167.78,400120.0,1.4,,12.24,11.82,-6.18,-2.89,True,32.36,13.08,10.23,-12.23,12.22,196,0.88,-3.93,-8.01,-4.97,0.17,,False
GROWWMOM50,NSE,EQ,INF666M01KJ4,2026-10-09,10.57,10.5,10.63,10.38,10.54,0.28,10.5,112653,1182612.38,185589.0,0.61,,10.79,10.62,-2.08,-0.5,True,40.55,11.35,9.22,-6.87,14.64,270,0.28,0.19,-4.34,-1.67,4.55,4.14,False
GROWWN200,NSE,EQ,INF666M01JV1,2026-10-09,10.62,10.74,10.78,10.5,10.53,0.85,10.57,47138,498335.59,87924.0,0.54,,11.07,11.21,-4.04,-5.23,False,35.35,11.86,10.13,-10.46,4.84,270,0.85,-0.19,-4.92,-6.51,-2.39,-4.5,False
GROWWNET,NSE,EQ,INF666M01LI4,2026-10-09,9.97,9.99,10.14,9.91,9.99,-0.2,10.0,374075,3742546.68,1062884.0,0.35,,10.37,9.99,-3.88,-0.25,True,38.0,11.16,7.97,-10.66,25.09,270,-0.2,1.32,-8.2,-0.5,14.2,-3.76,False
GROWWNIFTY,NSE,EQ,INF666M01LL8,2026-10-09,9.14,9.19,9.19,9.03,9.02,1.33,9.1,586928,5341023.64,877974.0,0.67,,9.49,9.72,-3.67,-5.98,False,34.86,10.55,9.0,-13.36,1.56,270,1.33,0.22,-4.59,-6.16,-4.99,-7.49,False
GROWWNXT50,NSE,EQ,INF666M01LZ8,2026-10-09,68.85,69.95,69.95,67.85,69.0,-0.22,68.55,7060,483970.43,9509.0,0.74,,72.13,70.89,-4.54,-2.87,True,29.24,76.32,60.52,-9.79,13.76,270,-0.22,-2.95,-7.71,-4.98,3.56,1.76,False
GROWWPOWER,NSE,EQ,INF666M01LM6,2026-10-09,10.52,10.53,10.67,10.39,10.52,0.0,10.52,2040506,21462350.08,2409348.0,0.85,,11.2,11.13,-6.1,-5.48,True,29.87,12.81,8.87,-17.88,18.6,270,0.0,-2.95,-7.23,-11.07,-0.85,4.57,False
GROWWPSE,NSE,EQ,INF666M01NQ3,2026-10-09,91.96,91.25,91.99,89.3,91.25,0.78,91.77,3282,301189.35,5340.0,0.61,,96.92,100.38,-5.12,-8.39,False,30.81,108.28,91.25,-15.07,0.78,163,0.78,-1.77,-6.32,-7.67,-8.3,,False
GROWWPSUBK,NSE,EQ,INF666M01OG2,2026-10-09,81.32,81.95,81.95,79.8,81.24,0.1,81.14,1249,101345.27,5843.0,0.21,,83.58,83.98,-2.7,-3.17,False,42.96,90.38,79.37,-10.02,2.46,133,0.1,1.61,-3.75,-3.79,-6.9,,False
GROWWRAIL,NSE,EQ,INF666M01JJ6,2026-10-09,25.55,25.56,25.7,25.3,25.32,0.91,25.54,289570,7395868.37,727276.0,0.4,,27.57,30.13,-7.34,-15.2,False,26.38,36.29,25.32,-29.59,0.91,270,0.91,-2.11,-8.06,-11.44,-16.48,-26.64,False
GROWWRLTY,NSE,EQ,INF666M01MN2,2026-10-09,9.01,9.03,9.1,8.87,8.87,1.58,9.01,190091,1711791.24,445214.0,0.43,,9.64,9.51,-6.53,-5.23,True,35.56,10.85,7.28,-16.96,23.76,247,1.58,-3.84,-10.17,-13.78,7.78,,False
GROWWSC250,NSE,EQ,INF666M01MO0,2026-10-09,10.17,10.16,10.25,10.02,10.16,0.1,10.15,60449,613607.05,159877.0,0.38,,10.41,10.04,-2.32,1.3,True,37.26,10.69,8.14,-4.86,24.94,233,0.1,-0.2,-4.42,-2.49,13.89,,False
GROWWSLVR,NSE,EQ,INF666M01OF4,2026-10-09,21.47,21.34,21.55,21.34,21.11,1.71,21.47,741089,15911140.24,1471629.0,0.5,,22.52,51.34,-4.67,-58.18,False,42.68,357.22,19.77,-93.99,8.6,270,1.71,0.37,-5.21,0.37,-9.06,-84.73,False
GRPLTD,NSE,EQ,INE137I01015,2026-10-09,1795.0,1735.6,1818.0,1735.0,1728.7,3.84,1782.37,1095,1951700.2,2436.0,0.45,,1937.62,1918.5,-7.36,-6.44,True,35.78,2248.0,1542.4,-20.15,16.38,270,3.84,-5.28,-10.31,-6.61,-10.77,-15.53,False
GRSE,NSE,EQ,INE382Z01011,2026-10-09,2046.0,2033.1,2072.0,2000.0,2014.0,1.59,2041.47,428518,874807255.8,369097.0,1.16,,2397.0,2521.89,-14.64,-18.87,False,25.02,3093.8,1972.8,-33.87,3.71,270,1.59,-3.08,-18.99,-23.14,-17.41,-19.1,False
GRWRHITECH,NSE,EQ,INE291A01017,2026-10-09,6997.5,6929.0,7065.0,6851.5,6929.0,0.99,6975.01,49095,342438135.5,57914.0,0.85,,6820.12,5639.25,2.6,24.09,True,53.88,7409.5,2704.5,-5.56,158.74,270,0.99,1.04,0.32,0.42,89.43,138.01,False
GSEC10ABSL,NSE,EQ,INF209KC1142,2026-10-08,110.64,111.1,111.1,110.63,111.2,-0.5,110.79,3,332.37,219.0,0.01,,111.91,111.0,-1.14,-0.33,True,38.72,114.93,108.21,-3.73,2.25,190,-0.5,-1.13,-1.46,2.25,0.14,,False
GSEC10ADD,NSE,EQ,INF740KA1ZI7,2026-10-07,26.53,26.53,26.53,26.53,26.5,0.11,26.53,16,424.48,82795.0,0.0,,26.88,27.1,-1.31,-2.1,False,32.25,27.2,26.15,-2.46,1.45,23,0.11,-0.75,-1.38,,,,False
GSEC10IETF,NSE,EQ,INF109KC18O0,2026-10-09,260.8,258.0,260.8,258.0,258.58,0.86,259.89,160,41583.03,11122.0,0.01,,262.7,261.16,-0.72,-0.14,True,45.78,267.26,254.39,-2.42,2.52,251,0.86,-0.5,-0.65,-1.0,-0.03,,False
GSEC10YEAR,NSE,EQ,INF769K01KF8,2026-10-09,30.6,29.77,30.6,29.73,29.87,2.44,29.74,2531,75260.27,4842.0,0.52,,30.27,30.02,1.08,1.94,True,55.33,30.81,29.09,-0.68,5.19,269,2.44,2.34,0.99,0.66,4.65,4.51,False
GSEC5IETF,NSE,EQ,INF109KC14A8,2026-10-09,65.78,65.82,66.1,65.39,65.82,-0.06,65.7,2721,178778.19,13338.0,0.2,,66.01,65.21,-0.35,0.87,True,46.6,66.92,63.33,-1.7,3.87,270,-0.06,0.12,-0.69,-0.54,2.4,4.13,False
GSFC,NSE,EQ,INE026A01025,2026-10-09,147.28,147.01,149.0,146.11,146.5,0.53,147.52,433474,63946835.25,886226.0,0.49,,155.66,166.92,-5.39,-11.77,False,39.3,199.43,139.22,-26.15,5.79,270,0.53,0.26,-8.41,-8.46,-8.4,-24.98,False
GSLSU,NSE,EQ,INE0JSX01015,2026-10-09,26.43,28.75,28.75,26.1,27.44,-3.68,26.77,119018,3186073.82,62684.0,1.9,,30.85,52.81,-14.34,-49.95,False,37.33,133.46,24.2,-80.2,9.21,270,-3.68,-11.78,-9.8,-32.21,-49.99,-69.04,False
GSM-RE,NSE,ST,INE0SQY20018,2025-09-15,54.2,55.0,56.0,45.0,59.1,-8.29,51.74,16600,858930.0,21960.0,0.76,,56.59,56.78,-4.23,-4.54,False,,59.1,51.9,-8.29,4.43,5,-8.29,,,,,,True
GSMFOILS,NSE,SM,INE0SQY01018,2026-10-09,63.5,64.0,64.4,60.5,63.35,0.24,61.75,200500,12381325.0,256075.0,0.78,,110.4,173.22,-42.48,-63.34,False,25.47,282.45,63.35,-77.52,0.24,269,0.24,-14.99,-36.72,-75.71,-67.42,-70.7,True
GSPCROP,NSE,EQ,INE713R01022,2026-10-09,482.9,490.05,496.35,480.0,492.1,-1.87,487.33,255982,124748673.7,280512.0,0.91,,513.25,458.09,-5.91,5.42,True,42.26,643.15,337.9,-24.92,42.91,135,-1.87,6.28,-9.06,17.57,25.06,,False
GSPL,NSE,EQ,INE246F01010,2026-05-11,268.35,287.55,290.0,257.15,288.95,-7.13,272.69,8024578,2188248844.5,2765857.0,2.9,,275.11,289.5,-2.46,-7.31,False,45.32,325.35,229.65,-17.52,16.85,165,-7.13,-7.43,11.25,-10.79,-13.34,,False
GSPLTRANS,NSE,BE,INE1TUG01013,2026-10-09,106.19,108.0,110.04,106.17,111.75,-4.98,106.49,3764841,400900237.92,1522254.0,2.47,,139.28,143.04,-23.76,-25.76,False,,144.4,106.19,-26.46,0.0,7,-4.98,-22.59,,,,,False
GSS,NSE,EQ,INE871H01011,2026-10-09,9.94,10.33,10.34,9.9,10.23,-2.83,10.0,66023,660510.98,41808.0,1.58,,11.29,14.24,-11.93,-30.2,False,33.14,26.25,8.72,-62.13,13.99,270,-2.83,-3.78,-9.31,-20.48,-24.12,-60.14,False
GSTL,NSE,SM,INE00WS01056,2026-10-09,12.6,12.5,12.6,12.5,12.0,5.0,12.59,15000,188900.0,11900.0,1.26,,13.57,16.49,-7.14,-23.6,False,53.75,37.4,6.25,-66.31,101.6,237,5.0,16.13,5.88,-32.26,-50.78,,True
GTECJAINX,NSE,EQ,INE586X01012,2026-10-09,33.74,34.5,36.0,33.74,35.51,-4.98,35.06,10093,353818.48,12565.0,0.8,,29.77,26.25,13.32,28.52,True,58.68,38.35,16.69,-12.02,102.16,270,-4.98,-5.96,20.29,31.18,75.0,39.42,False
GTL,NSE,EQ,INE043A01012,2026-10-09,6.64,6.85,6.85,6.58,6.71,-1.04,6.67,218940,1459986.72,173858.0,1.26,,7.12,7.56,-6.8,-12.14,False,35.07,9.59,5.07,-30.76,30.97,270,-1.04,-2.64,-5.41,-9.78,-6.74,-29.81,False
GTLINFRA,NSE,EQ,INE221H01019,2026-10-09,1.06,1.06,1.08,1.05,1.05,0.95,1.06,25081222,26703103.47,29419256.0,0.85,,1.16,1.25,-8.66,-15.4,False,35.67,1.61,0.97,-34.16,9.28,270,0.95,-0.93,-10.17,-20.3,-15.2,-29.33,False
GTPL,NSE,EQ,INE869I01013,2026-10-09,55.39,55.1,56.2,54.61,54.56,1.52,55.25,12088,667854.59,42020.0,0.29,,56.92,68.63,-2.69,-19.3,False,47.88,109.17,52.56,-49.26,5.38,270,1.52,0.0,-4.63,-9.66,-14.16,-48.71,False
GUFICBIO,NSE,EQ,INE742B01025,2026-10-09,406.3,405.0,412.85,401.1,404.05,0.56,405.11,74116,30025244.4,81673.0,0.91,,415.74,371.44,-2.27,9.39,True,41.32,448.0,273.5,-9.31,48.56,270,0.56,-2.89,-7.72,3.54,35.75,14.63,False
GUJALKALI,NSE,EQ,INE186A01019,2026-10-09,605.45,604.55,609.25,590.2,596.65,1.47,599.95,36432,21857499.1,84448.0,0.43,,653.44,626.43,-7.34,-3.35,True,37.54,801.6,414.15,-24.47,46.19,270,1.47,0.31,-15.76,2.88,3.04,10.78,False
GUJAPOLLO,NSE,EQ,INE826C01016,2026-10-09,326.5,331.55,338.85,324.6,332.0,-1.66,330.9,10419,3447649.55,20168.0,0.52,,344.65,380.82,-5.27,-14.26,False,43.56,483.1,324.0,-32.42,0.77,270,-1.66,0.51,-4.59,-11.42,-25.8,-30.62,False
GUJENERGY,NSE,EQ,INE844O01030,2026-10-09,223.7,220.0,224.4,220.0,219.86,1.75,223.08,662800,147854156.35,1753143.0,0.38,,253.42,298.71,-11.73,-25.11,False,31.14,340.0,219.86,-34.21,1.75,71,1.75,-2.77,-14.02,-22.78,,,False
GUJGASLTD,NSE,EQ,INE844O01030,2026-06-30,327.05,336.0,336.25,325.3,335.3,-2.46,328.89,1750950,575863123.2,971661.0,1.8,,375.63,392.58,-12.93,-16.69,False,27.47,442.85,307.25,-26.15,6.44,199,-2.46,-12.27,-18.47,-0.49,-17.23,,False
GUJRAFFIA,NSE,EQ,INE610B01024,2026-10-09,42.44,43.53,45.99,42.31,43.47,-2.37,44.69,6091,272177.41,4178.0,1.46,,40.8,41.5,4.01,2.26,False,57.44,86.18,35.45,-50.75,19.72,270,-2.37,5.39,1.17,8.9,7.8,7.52,False
GUJTHEM,NSE,EQ,INE942C01045,2026-10-09,363.5,368.05,373.6,359.6,367.95,-1.21,366.32,391458,143399485.85,399535.0,0.98,,393.9,377.62,-7.72,-3.74,True,37.12,469.9,226.9,-22.64,60.2,270,-1.21,-4.79,-19.8,-4.08,28.84,-7.92,False
GULFOILLUB,NSE,EQ,INE635Q01029,2026-10-09,1077.3,1086.0,1088.6,1073.3,1089.3,-1.1,1079.29,15957,17222273.1,43220.0,0.37,,1090.25,1081.56,-1.19,-0.39,True,46.35,1264.3,870.2,-14.79,23.8,270,-1.1,-1.44,1.86,2.91,17.3,-10.98,False
GULFPETRO,NSE,BE,INE586G01017,2026-10-09,61.59,59.74,62.03,58.1,59.08,4.25,60.51,54146,3276271.01,81777.0,0.66,,59.53,46.91,3.46,31.28,True,48.88,70.52,23.94,-12.66,157.27,270,4.25,-1.38,-4.69,59.27,98.04,54.44,False
GULPOLY,NSE,EQ,INE255D01024,2026-10-09,160.21,159.37,161.9,158.36,159.84,0.23,159.64,36117,5765831.81,94677.0,0.38,,177.58,175.35,-9.78,-8.64,True,33.61,214.95,125.32,-25.47,27.84,270,0.23,-0.95,-11.95,-15.71,-7.19,8.37,False
GURUNANAK,NSE,SM,INE1CCX01012,2026-10-09,31.05,32.5,32.5,31.05,32.5,-4.46,31.92,8000,255360.0,6160.0,1.3,,36.44,38.08,-14.79,-18.46,False,33.84,57.0,22.85,-45.53,35.89,229,-4.46,-7.31,-11.66,-16.19,10.11,,True
GVKPIL,NSE,BE,INE251H01024,2026-10-09,2.3,2.3,2.3,2.3,2.34,-1.71,2.3,283167,651284.1,946459.0,0.3,,2.4,2.71,-4.26,-15.06,False,40.7,3.59,2.05,-35.93,12.2,270,-1.71,-8.37,7.98,-7.63,-9.09,-33.53,False
GVPIL,NSE,EQ,INE878A01011,2026-10-09,656.65,663.45,672.7,638.6,656.15,0.08,656.37,215599,141512240.8,211877.0,1.02,,693.86,629.16,-5.36,4.37,True,45.8,1055.2,274.95,-37.77,138.83,270,0.08,-3.36,0.07,-19.95,47.69,104.76,False
GVPTECH,NSE,BE,INE382T01030,2026-10-09,7.13,7.38,7.38,7.07,7.18,-0.7,7.2,30676,220875.14,45755.0,0.67,,7.46,7.56,-4.43,-5.73,False,40.17,10.13,5.49,-29.62,29.87,270,-0.7,-8.0,-11.21,3.94,16.5,-25.42,False
GVT&D,NSE,EQ,INE200A01026,2026-10-09,4194.4,4201.0,4252.2,4101.4,4200.0,-0.13,4200.79,583166,2449755821.6,596754.0,0.98,,4340.53,4092.17,-3.37,2.5,True,44.12,5533.5,2557.8,-24.2,63.98,270,-0.13,-1.38,-11.7,-10.32,12.6,41.68,False
GYFTR,NSE,EQ,INE724A01017,2026-10-09,168.63,168.05,172.78,165.51,171.38,-1.6,168.91,151726,25627414.21,208243.0,0.73,,167.7,167.62,0.56,0.61,True,50.13,186.34,145.38,-9.5,15.99,64,-1.6,7.55,-9.35,-0.34,,,False
HAL,NSE,EQ,INE066F01020,2026-10-09,4655.6,4650.0,4696.0,4590.0,4647.4,0.18,4658.83,503087,2343795691.6,688588.0,0.73,,4742.5,4542.58,-1.83,2.49,True,44.4,5099.0,3487.2,-8.7,33.51,270,0.18,1.19,-7.46,3.3,19.15,-1.92,False
HALDER,NSE,EQ,INE115S01010,2026-10-09,239.76,252.28,254.0,231.0,257.82,-7.0,252.15,24203,6102889.11,18063.0,1.34,,264.6,259.32,-9.39,-7.54,True,39.77,304.56,217.58,-21.28,10.19,178,-7.0,3.02,-18.32,2.66,-1.54,,False
HALDYNGL,NSE,EQ,INE506D01020,2026-10-09,139.87,138.43,140.84,136.22,140.89,-0.72,138.37,51013,7058825.47,65571.0,0.78,,137.88,116.64,1.44,19.91,True,45.66,154.46,86.25,-9.45,62.17,120,-0.72,-4.23,-0.9,18.37,,,False
HALEOSLABS,NSE,EQ,INE320X01016,2026-10-09,1563.7,1597.4,1597.4,1529.9,1567.8,-0.26,1558.99,903,1407767.9,961.0,0.94,,1505.41,1445.02,3.87,8.21,True,60.58,1690.1,1126.5,-7.48,38.81,214,-0.26,4.95,7.98,1.09,21.36,,False
HAMPTON,NSE,EQ,INE299D01022,2026-10-09,7.9,8.28,8.47,7.67,8.09,-2.35,8.14,13633,110980.48,84129.0,0.16,,8.08,8.0,-2.19,-1.31,True,48.92,8.59,7.86,-8.03,0.51,38,-2.35,-2.35,-8.03,,,,False
HAPPSTMNDS,NSE,EQ,INE419U01012,2026-10-09,306.1,302.6,310.5,302.3,300.2,1.97,306.33,639365,195859532.1,639298.0,1.0,,344.8,391.93,-11.22,-21.9,False,32.32,525.8,300.2,-41.78,1.97,270,1.97,0.46,-11.44,-20.76,-19.95,-42.34,False
HAPPY,NSE,SM,INE1GFG01011,2026-10-09,77.05,78.55,78.55,76.6,78.1,-1.34,77.55,12000,930600.0,44100.0,0.27,,77.48,71.88,-0.55,7.19,True,46.7,101.6,58.55,-24.16,31.6,59,-1.34,1.38,-10.41,,,,True
HAPPYFORGE,NSE,EQ,INE330T01021,2026-10-09,1922.6,1959.9,1988.9,1906.2,1940.9,-0.94,1932.58,72271,139669780.9,91099.0,0.79,,2012.33,1600.02,-4.46,20.16,True,34.92,2420.4,901.6,-20.57,113.24,270,-0.94,-4.05,-13.8,21.51,50.19,109.6,False
HARDWYN,NSE,EQ,INE626Z01029,2026-10-09,9.19,9.19,9.36,9.06,9.13,0.66,9.17,416077,3816541.89,1046668.0,0.4,,10.91,15.62,-15.79,-41.18,False,37.15,27.29,8.93,-66.32,2.91,270,0.66,0.0,0.55,-62.82,-55.56,-29.9,False
HARIOMPIPE,NSE,EQ,INE00EV01017,2026-10-09,334.85,328.4,337.95,322.0,326.55,2.54,328.13,95998,31499451.2,88482.0,1.08,,355.74,376.05,-5.87,-10.96,False,42.24,496.0,270.15,-32.49,23.95,270,2.54,0.75,-9.91,-12.7,19.72,-30.14,False
HARRMALAYA,NSE,EQ,INE544A01019,2026-10-09,172.2,170.0,172.9,166.36,169.2,1.77,170.14,2910,495110.13,9002.0,0.32,,188.13,195.59,-8.47,-11.96,False,39.21,230.9,156.91,-25.42,9.74,270,1.77,-4.16,-9.33,-15.22,-8.72,-15.37,False
HARSHA,NSE,EQ,INE0JUS01029,2026-10-09,441.95,444.0,448.55,430.2,442.4,-0.1,438.35,92560,40573679.0,175082.0,0.53,,443.72,414.35,-0.4,6.66,True,43.91,474.5,314.25,-6.86,40.64,270,-0.1,-6.86,-5.32,3.33,25.18,12.81,False
HATHWAY,NSE,EQ,INE982F01036,2026-10-09,9.75,9.21,9.86,9.21,9.21,5.86,9.58,2568862,24599130.42,1845196.0,1.39,,10.16,11.09,-4.06,-12.05,False,47.03,14.24,8.87,-31.53,9.92,270,5.86,4.61,-5.25,-11.6,-8.11,-30.31,False
HATSUN,NSE,EQ,INE473B01035,2026-10-09,1121.8,1135.2,1135.2,1113.4,1120.7,0.1,1120.88,15366,17223453.5,81525.0,0.19,,1090.41,993.75,2.88,12.89,True,48.96,1275.0,862.4,-12.02,30.08,270,0.1,0.33,-6.36,24.2,23.04,22.9,False
HAVELLS,NSE,EQ,INE176B01034,2026-10-09,1041.5,1019.0,1044.0,1017.9,1023.7,1.74,1035.9,612108,634081974.4,781971.0,0.78,,1139.68,1255.1,-8.62,-17.02,False,36.35,1509.4,1016.0,-31.0,2.51,270,1.74,0.14,-8.64,-12.36,-16.44,-30.66,False
HAVISHA,NSE,EQ,INE293B01029,2026-10-09,1.44,1.59,1.59,1.42,1.41,2.13,1.47,37058,54366.6,67264.0,0.55,,1.36,1.48,5.65,-3.02,False,56.28,2.28,1.11,-36.84,29.73,270,2.13,6.67,8.27,28.57,-13.77,-27.64,False
HAWKINCOOK,NSE,EQ,INE979B01015,2026-10-09,8014.0,8000.0,8044.0,7880.0,7979.5,0.43,7997.71,1118,8941437.0,3265.0,0.34,,8176.4,7966.67,-1.99,0.59,True,43.75,9253.5,7170.0,-13.39,11.77,120,0.43,-0.15,-2.41,-9.74,,,False
HAZOOR,NSE,EQ,INE550F01049,2026-10-09,16.27,17.34,17.39,16.11,17.07,-4.69,16.55,523668,8664715.25,628788.0,0.83,,19.48,20.78,-16.5,-21.71,False,27.2,21.49,16.27,-24.29,0.0,38,-4.69,-9.31,-18.53,,,,False
HBESD,NSE,EQ,INE640B01021,2026-10-09,74.43,75.0,77.5,74.4,74.4,0.04,74.92,4150,310913.87,12098.0,0.34,,73.75,72.16,0.93,3.14,True,51.73,89.26,65.11,-16.61,14.31,120,0.04,14.31,-2.91,-0.92,,,False
HBLENGINE,NSE,EQ,INE292B01021,2026-10-09,719.05,730.0,734.2,717.1,725.15,-0.84,723.47,846425,612364631.6,1918370.0,0.44,,738.81,765.0,-2.67,-6.01,False,42.6,1098.8,614.8,-34.56,16.96,270,-0.84,-7.74,-1.67,-6.11,0.1,-11.62,False
HBPOR,NSE,EQ,INE638B01025,2026-10-09,61.12,64.75,64.75,59.5,61.99,-1.4,60.32,287,17310.66,701.0,0.41,,61.23,62.27,-0.18,-1.84,False,44.89,62.99,58.31,-2.97,4.82,38,-1.4,2.16,-1.08,,,,False
HBSL,NSE,EQ,INE550B01022,2026-10-09,57.4,54.44,57.55,53.1,54.44,5.44,54.81,136,7453.58,2525.0,0.05,,54.6,58.53,5.12,-1.94,False,56.34,100.42,42.63,-42.84,34.65,270,5.44,0.65,6.28,11.48,5.55,-28.11,False
HCC,NSE,EQ,INE549A01026,2026-10-09,19.01,18.81,19.2,18.35,18.75,1.39,18.84,16705845,314784055.72,15693581.0,1.06,,21.54,22.16,-11.74,-14.22,False,31.75,29.02,13.73,-34.49,38.46,270,1.39,-6.03,-20.33,-20.43,13.49,-29.83,False
HCC-RE1,NSE,BE,INE549A20026,2025-12-17,3.98,4.08,5.12,3.76,4.26,-6.57,4.36,37054111,161535181.7,36233470.0,1.02,,4.6,4.64,-13.4,-14.15,False,,4.65,3.98,-14.41,0.0,4,-6.57,,,,,,False
HCG,NSE,EQ,INE075I01017,2026-10-09,589.2,623.9,628.0,583.2,638.75,-7.76,603.27,701717,423322711.6,148357.0,4.73,,681.54,659.09,-13.55,-10.6,True,26.5,776.3,521.75,-24.1,12.93,270,-7.76,-11.9,-14.68,-11.58,6.33,-8.41,False
HCG-RE,NSE,BE,INE075I20017,2026-03-20,18.15,19.5,24.0,18.15,22.65,-19.87,19.34,106475,2059551.75,41530.0,2.56,,40.75,44.24,-55.46,-58.98,False,,45.55,18.15,-60.15,0.0,8,-19.87,-35.64,,,,,False
HCL-INSYS,NSE,EQ,INE236A01020,2026-10-09,10.0,9.93,10.05,9.91,9.92,0.81,9.97,109536,1092173.92,275952.0,0.4,,10.65,12.04,-6.07,-16.92,False,40.59,15.88,9.42,-37.03,6.16,270,0.81,-0.4,-1.19,-15.9,-19.81,-32.89,False
HCLTECH,NSE,EQ,INE860A01027,2026-10-09,1216.7,1176.9,1221.0,1175.0,1176.9,3.38,1208.68,2934650,3547058061.3,2771269.0,1.06,,1254.09,1313.93,-2.98,-7.4,False,44.41,1729.6,1034.2,-29.65,17.65,270,3.38,-2.12,-4.72,4.52,-16.72,-12.16,False
HDBFS,NSE,EQ,INE756I01012,2026-10-09,588.65,588.95,592.0,585.0,586.4,0.38,587.2,484652,284588607.4,417558.0,1.16,,662.03,691.0,-11.08,-14.81,False,23.0,772.85,559.95,-23.83,5.13,270,0.38,-4.78,-13.83,-22.08,-5.95,-21.54,False
HDFCAMC,NSE,EQ,INE127D01025,2026-10-09,2262.5,2248.6,2291.7,2232.3,2245.0,0.78,2273.13,934253,2123681922.9,750259.0,1.25,,2446.31,2903.16,-7.51,-22.07,False,36.74,5803.5,2216.4,-61.01,2.08,270,0.78,-1.98,-7.55,-18.06,-10.9,-59.11,False
HDFCBANK,NSE,EQ,INE040A01034,2026-10-09,707.25,696.6,710.15,695.3,692.25,2.17,704.64,18397972,12964034612.45,32494146.0,0.57,,726.44,798.51,-2.64,-11.43,False,45.97,1009.5,687.1,-29.94,2.93,270,2.17,-1.93,0.6,-14.27,-13.34,-25.63,False
HDFCBSE500,NSE,EQ,INF179KC1EZ4,2026-10-09,35.56,34.97,37.47,34.8,34.96,1.72,35.27,828909,29233894.98,1884497.0,0.44,,36.73,36.93,-3.19,-3.71,False,37.94,38.77,33.04,-8.28,7.63,270,1.72,0.42,-4.79,-4.92,0.37,-4.97,False
HDFCGOLD,NSE,EQ,INF179KC1981,2026-10-09,126.81,126.04,127.06,126.04,125.02,1.43,126.69,2951998,373974902.37,4599904.0,0.64,,127.82,123.66,-0.79,2.55,True,46.86,151.38,99.71,-16.23,27.18,270,1.43,0.98,-2.59,3.87,-1.22,27.78,False
HDFCGROWTH,NSE,EQ,INF179KC1DJ0,2026-10-09,108.82,108.44,109.61,108.16,108.44,0.35,108.9,28041,3053566.11,13499.0,2.08,,115.11,117.73,-5.47,-7.57,False,20.34,132.66,108.34,-17.97,0.44,270,0.35,-1.04,-7.25,-4.84,-5.37,-9.32,False
HDFCLIFE,NSE,EQ,INE795G01014,2026-10-09,556.65,548.7,562.35,547.35,544.5,2.23,557.68,2712798,1512878035.75,4969983.0,0.55,,544.78,605.73,2.18,-8.1,False,57.91,787.55,514.0,-29.32,8.3,270,2.23,4.2,4.28,-1.95,-6.96,-26.41,False
HDFCLIQUID,NSE,EQ,INF179KC1JG3,2026-10-09,1081.65,1081.65,1081.67,1081.65,1081.2,0.04,1081.65,25523,27606988.21,33110.0,0.77,,1076.45,1062.46,0.48,1.81,True,99.96,1081.65,1030.03,0.0,5.01,270,0.04,0.1,0.43,1.19,2.49,5.04,False
HDFCLOWVOL,NSE,EQ,INF179KC1HU8,2026-10-09,19.1,19.03,19.22,18.98,19.03,0.37,19.13,2734,52295.01,18441.0,0.15,,20.05,20.42,-4.76,-6.47,False,28.41,21.81,18.53,-12.43,3.08,270,0.37,-0.26,-5.86,-7.01,-4.07,-6.33,False
HDFCMID150,NSE,EQ,INF179KC1HT0,2026-10-09,21.93,21.7,22.0,21.59,21.7,1.06,21.84,327206,7146496.68,611209.0,0.54,,22.9,22.62,-4.25,-3.06,True,32.73,23.9,19.63,-8.24,11.72,270,1.06,-0.09,-6.36,-6.52,3.69,3.54,False
HDFCMOMENT,NSE,EQ,INF179KC1HV6,2026-10-09,29.53,29.36,29.63,29.0,29.36,0.58,29.43,128558,3783525.67,233941.0,0.55,,30.59,30.76,-3.46,-4.01,False,37.33,32.53,27.41,-9.22,7.73,270,0.58,-1.93,-5.44,-4.25,-2.25,-1.99,False
HDFCNEXT50,NSE,EQ,INF179KC1HS2,2026-10-09,69.63,69.44,69.92,68.99,69.46,0.24,69.64,126753,8827077.15,123861.0,1.02,,73.12,71.99,-4.77,-3.28,True,29.72,76.35,61.53,-8.8,13.16,270,0.24,-1.23,-6.54,-5.65,3.09,0.9,False
HDFCNIF100,NSE,EQ,INF179KC1HR4,2026-10-09,24.37,24.37,24.42,24.15,24.13,0.99,24.36,15460,376618.75,66337.0,0.23,,25.41,25.86,-4.11,-5.76,False,34.93,27.66,23.55,-11.89,3.48,270,0.99,-1.54,-5.21,-6.56,-3.64,-6.41,False
HDFCNIFBAN,NSE,EQ,INF179KC1HY0,2026-10-09,57.01,56.48,57.17,56.41,56.19,1.46,56.96,418982,23864183.34,202063.0,2.07,,57.9,58.15,-1.54,-1.96,False,45.19,63.14,51.62,-9.71,10.44,270,1.46,1.44,-2.63,-4.44,-0.21,1.55,False
HDFCNIFIT,NSE,EQ,INF179KC1IA8,2026-10-09,30.52,29.56,30.74,29.56,29.56,3.25,30.48,491649,14983130.44,218730.0,2.25,,31.11,32.71,-1.9,-6.69,False,47.84,41.62,27.53,-26.67,10.86,270,3.25,2.18,-4.63,2.18,-8.98,-13.54,False
HDFCNIFTY,NSE,EQ,INF179KC1965,2026-10-09,254.97,244.82,260.0,244.82,251.1,1.54,254.39,101302,25769972.47,677405.0,0.15,,264.41,270.98,-3.57,-5.91,False,35.66,294.23,250.76,-13.34,1.68,270,1.54,0.3,-4.59,-6.32,-5.31,-7.19,False
HDFCNIMEG,NSE,EQ,INF179KC1KT4,2026-10-09,119.8,118.0,120.8,118.0,118.94,0.72,119.09,82752,9855251.32,29277.0,2.83,,128.81,128.38,-6.99,-6.68,True,36.78,142.82,118.94,-16.12,0.72,49,0.72,-3.64,-9.1,,,,False
HDFCPSUBK,NSE,EQ,INF179KC1HW4,2026-10-09,82.14,79.94,82.27,79.94,80.78,1.68,81.92,36831,3017075.13,28295.0,1.3,,84.03,84.19,-2.25,-2.43,False,44.76,99.43,75.71,-17.39,8.49,270,1.68,2.01,-2.9,-3.83,-6.44,8.44,False
HDFCPVTBAN,NSE,EQ,INF179KC1HZ7,2026-10-09,27.74,27.46,27.9,27.44,27.42,1.17,27.7,154894,4290295.84,212535.0,0.73,,27.79,27.8,-0.19,-0.22,False,51.35,29.64,24.66,-6.41,12.49,270,1.17,1.35,-1.07,-3.04,2.14,3.35,False
HDFCQUAL,NSE,EQ,INF179KC1DL6,2026-10-09,55.43,54.17,56.9,54.17,54.02,2.61,54.83,7205,395040.8,9366.0,0.77,,57.1,57.68,-2.93,-3.9,False,41.09,61.43,52.06,-9.77,6.47,270,2.61,1.04,-4.84,-2.89,-0.34,-3.25,False
HDFCSENSEX,NSE,EQ,INF179KC1HX2,2026-10-09,82.48,82.07,82.81,81.51,81.68,0.98,82.22,45136,3711166.52,77888.0,0.58,,85.19,87.68,-3.19,-5.93,False,36.0,96.73,81.29,-14.73,1.46,270,0.98,0.78,-4.08,-5.96,-5.67,-8.8,False
HDFCSILVER,NSE,EQ,INF179KC1DI2,2026-10-09,209.56,208.4,210.16,208.34,205.84,1.81,209.39,1133017,237245032.15,2853242.0,0.4,,217.1,213.09,-3.47,-1.66,True,43.06,355.42,133.63,-41.04,56.82,270,1.81,0.39,-5.31,0.29,-9.4,52.92,False
HDFCSML250,NSE,EQ,INF179KC1FB2,2026-10-09,177.14,177.26,177.97,174.61,176.41,0.41,176.73,1366724,241538604.19,1735874.0,0.79,,181.78,174.86,-2.55,1.3,True,37.55,186.73,143.66,-5.14,23.31,270,0.41,-0.38,-5.05,-2.99,13.5,5.57,False
HDFCVALUE,NSE,EQ,INF179KC1DK8,2026-10-09,118.23,117.56,118.61,117.06,116.56,1.43,118.1,2790,329502.46,11044.0,0.25,,122.7,127.82,-3.64,-7.5,False,36.64,140.9,116.56,-16.09,1.43,270,1.43,0.1,-4.59,-6.84,-9.78,-9.95,False
HDIL,NSE,BZ,INE191I01012,2026-10-09,1.44,1.48,1.49,1.41,1.43,0.7,1.45,84367,122328.31,106349.0,0.79,,1.53,1.95,-5.58,-26.19,False,41.52,3.16,1.43,-54.43,0.7,244,0.7,-0.69,-4.0,-14.79,-28.0,,False
HEADSUP,NSE,EQ,INE759V01019,2026-10-09,6.02,6.59,6.59,5.95,6.49,-7.24,6.12,22741,139219.57,13443.0,1.69,,6.75,7.54,-10.76,-20.21,False,38.17,11.72,6.02,-48.63,0.0,270,-7.24,-5.94,-14.49,-12.37,-14.49,-43.58,False
HEALTHADD,NSE,EQ,INF740KA1ZG1,2026-10-09,16.02,15.91,16.09,15.82,15.84,1.14,16.02,5645,90407.31,58447.0,0.1,,25.4,83.7,-36.93,-80.86,False,27.41,162.94,15.84,-90.17,1.14,269,1.14,-1.17,-3.9,-2.73,-88.73,-88.74,False
HEALTHAXIS,NSE,EQ,INF846K01Z12,2026-10-09,161.95,159.69,162.0,159.69,160.0,1.22,161.05,7351,1183895.91,4968.0,1.48,,167.33,167.61,-3.22,-3.38,False,38.49,173.88,160.0,-6.86,1.22,69,1.22,-1.0,-4.35,-2.38,,,False
HEALTHCARE,NSE,EQ,INF769K01QA6,2026-10-09,20.71,20.69,20.78,20.48,20.5,1.02,20.66,27120,560400.8,51199.0,0.53,,21.36,20.24,-3.04,2.32,True,36.65,22.09,17.64,-6.25,17.4,160,1.02,-1.47,-5.09,-2.17,15.5,,False
HEALTHIETF,NSE,EQ,INF109KC1Q72,2026-10-09,162.08,161.82,163.24,160.64,160.49,0.99,162.44,225514,36631715.28,133038.0,1.7,,167.93,160.92,-3.48,0.72,True,34.65,172.96,141.29,-6.29,14.71,270,0.99,-1.53,-5.13,-3.26,12.15,11.95,False
HEALTHX,NSE,EQ,INE019J01013,2026-10-09,291.25,303.0,303.0,286.0,292.9,-0.56,291.22,2562,746093.15,8378.0,0.31,,295.86,294.71,-1.56,-1.18,True,49.49,337.6,271.45,-13.73,7.29,112,-0.56,6.68,-3.75,-9.91,,,False
HEALTHY,NSE,EQ,INF209KB10C2,2026-10-09,16.29,15.9,16.49,15.9,16.16,0.8,16.28,185111,3013761.15,760201.0,0.24,,16.83,16.13,-3.22,1.01,True,35.82,17.36,14.18,-6.16,14.88,270,0.8,-1.09,-4.68,-3.04,12.42,11.96,False
HECPROJECT,NSE,EQ,INE558R01013,2026-10-09,112.02,111.0,117.1,111.0,110.66,1.23,114.55,12582,1441284.7,6995.0,1.8,,119.07,125.51,-5.92,-10.75,False,41.53,150.65,95.88,-25.64,16.83,270,1.23,0.14,-8.91,-13.41,-12.56,-26.11,False
HEG,NSE,BE,INE545A01024,2026-09-21,248.5,243.85,248.9,240.9,237.05,4.83,246.81,1813114,447486090.8,1834895.0,0.99,,523.51,556.56,-52.53,-55.35,False,20.95,739.25,215.05,-66.38,15.55,257,4.83,4.76,-65.1,-53.78,-50.41,-51.32,False
HEGAM,NSE,EQ,INE545A01024,2026-10-09,233.56,238.1,239.0,229.01,237.17,-1.52,232.65,1329186,309236009.62,1539219.0,0.86,,235.5,233.67,-0.82,-0.04,True,,252.21,232.9,-7.39,0.28,13,-1.52,-2.39,,,,,False
HEIDELBERG,NSE,EQ,INE578A01017,2026-10-09,124.27,126.98,126.98,123.76,125.48,-0.96,124.49,197778,24620640.94,197282.0,1.0,,145.46,160.22,-14.56,-22.44,False,19.38,203.22,124.27,-38.85,0.0,270,-0.96,-4.82,-22.2,-21.12,-18.21,-38.11,False
HEMIPROP,NSE,EQ,INE0AJG01018,2026-10-09,110.35,110.0,111.01,108.15,109.24,1.02,109.8,231973,25470829.76,302215.0,0.77,,123.26,135.22,-10.48,-18.39,False,29.82,184.0,109.24,-40.03,1.02,270,1.02,-1.03,-11.3,-20.57,-11.98,-33.85,False
HERANBA,NSE,EQ,INE694N01015,2026-10-09,162.05,163.21,165.05,160.2,162.05,0.0,161.88,42463,6874021.06,206724.0,0.21,,173.02,201.39,-6.34,-19.53,False,39.29,317.7,157.52,-48.99,2.88,270,0.0,-5.85,-6.22,-11.39,-14.15,-44.73,False
HERCULES,NSE,EQ,INE688E01024,2026-01-01,159.32,161.14,161.14,159.0,159.87,-0.34,159.56,11437,1824896.95,16950.0,0.67,,165.78,168.61,-3.9,-5.51,False,45.92,212.01,153.85,-24.85,3.56,81,-0.34,0.55,-4.6,-5.94,,,False
HERITGFOOD,NSE,EQ,INE978A01027,2026-10-09,390.15,387.5,392.5,383.0,383.75,1.67,388.33,200716,77944014.0,576948.0,0.35,,383.19,377.29,1.82,3.41,True,47.78,499.65,293.95,-21.92,32.73,270,1.67,-3.16,2.09,15.89,19.31,-19.16,False
HEROMOTOCO,NSE,EQ,INE158A01026,2026-10-09,4895.5,4864.0,4953.0,4825.0,4856.5,0.8,4911.53,305913,1502501667.5,506975.0,0.6,,5274.02,5309.16,-7.18,-7.79,False,32.01,6350.5,4775.5,-22.91,2.51,270,0.8,-5.27,-8.21,-1.08,-7.41,-10.54,False
HEROMOTORS,NSE,EQ,INE012G01022,2026-10-09,158.48,164.7,165.0,152.05,164.35,-3.57,156.69,30346470,4754946045.33,92155444.0,0.33,,118.49,104.15,33.75,52.17,True,,170.84,98.4,-7.23,61.06,12,-3.57,-5.55,,,,,False
HESTERBIO,NSE,EQ,INE782E01017,2026-10-09,2058.7,2067.5,2090.9,2030.5,2069.9,-0.54,2056.96,2598,5343994.9,3045.0,0.85,,2227.94,2036.61,-7.6,1.08,True,35.95,2545.0,1259.1,-19.11,63.51,270,-0.54,-3.2,-11.2,-2.93,44.6,7.33,False
HEUBACHIND,NSE,EQ,INE492A01029,2026-01-19,412.5,462.0,462.0,400.35,439.7,-6.19,414.76,34858,14457531.1,8193.0,4.25,,469.25,531.59,-12.09,-22.4,False,25.58,597.1,412.5,-30.92,0.0,92,-6.19,-8.47,-12.67,-21.73,,,False
HEXAGON,NSE,BE,INE0JUI01012,2026-10-09,69.43,69.9,70.0,67.12,68.59,1.22,68.55,192517,13196170.48,401325.0,0.48,,66.38,59.35,4.59,16.99,True,56.34,76.16,50.66,-8.84,37.05,83,1.22,0.92,8.13,-3.23,,,False
HEXATRADEX,NSE,EQ,INE750M01017,2026-10-09,157.02,158.0,158.5,154.16,155.1,1.24,156.41,2418,378188.22,2030.0,1.19,,157.73,161.87,-0.45,-3.0,False,50.28,178.72,153.58,-12.14,2.24,270,1.24,1.33,-0.2,-0.76,-4.27,-10.38,False
HEXT,NSE,EQ,INE093A01041,2026-10-09,538.5,533.0,574.5,526.2,511.4,5.3,550.01,30418657,16730677751.5,1692951.0,17.97,,522.71,557.82,3.02,-3.46,False,61.72,792.55,407.0,-32.05,32.31,270,5.3,9.8,3.79,-2.14,15.99,-19.69,False
HFCL,NSE,BE,INE548A01028,2026-10-09,260.4,252.0,269.0,245.4,258.31,0.81,254.03,9090217,2309143287.5,7336017.0,1.24,,225.97,166.59,15.24,56.31,True,62.9,271.9,60.95,-4.23,327.24,270,0.81,9.25,3.84,19.86,246.41,257.3,False
HGINFRA,NSE,EQ,INE926X01010,2026-10-09,401.75,402.25,407.2,398.6,403.0,-0.31,403.11,87029,35082055.2,791552.0,0.11,,476.03,591.61,-15.6,-32.09,False,27.21,960.85,401.75,-58.19,0.0,270,-0.31,-4.32,-17.09,-28.72,-22.17,-56.79,False
HGM,NSE,EQ,INE596H01014,2026-10-09,39.45,40.59,40.59,38.23,39.83,-0.95,39.18,1972,77262.41,7505.0,0.26,,45.61,53.97,-13.51,-26.91,False,33.69,78.91,38.97,-50.01,1.23,270,-0.95,-2.25,-21.35,-20.8,-24.13,-47.4,False
HGS,NSE,EQ,INE170I01016,2026-10-09,355.55,355.2,361.8,351.55,358.95,-0.95,355.24,13308,4727494.65,11294.0,1.18,,387.89,416.14,-8.34,-14.56,False,23.74,534.0,344.7,-33.42,3.15,270,-0.95,-3.13,-8.35,-13.96,-7.67,-27.46,False
HIGREEN,NSE,SM,INE0PIC01017,2026-10-09,126.35,121.8,129.9,119.55,119.35,5.87,123.87,29600,3666520.0,30720.0,0.96,,124.8,141.0,1.24,-10.39,False,54.31,226.0,103.5,-44.09,22.08,270,5.87,5.03,4.34,-10.99,-8.57,-42.57,True
HIKAL,NSE,EQ,INE475B01022,2026-10-09,213.66,214.98,217.0,211.3,212.21,0.68,214.38,293602,62943336.78,744152.0,0.39,,219.19,216.37,-2.52,-1.25,True,46.15,256.15,147.08,-16.59,45.27,270,0.68,-2.05,-13.15,-12.7,22.29,-15.08,False
HILINFRA,NSE,EQ,INE00RL01028,2026-10-09,49.59,48.0,50.4,47.48,47.69,3.98,48.78,308271,15038161.58,205306.0,1.5,,44.93,52.04,10.36,-4.7,False,70.26,83.39,41.03,-40.53,20.86,270,3.98,10.05,13.48,8.65,-1.04,-37.7,False
HILTON,NSE,EQ,INE788H01017,2026-10-09,16.19,16.69,16.69,16.05,16.34,-0.92,16.21,63427,1028257.71,117437.0,0.54,,18.43,24.84,-12.17,-34.82,False,29.04,47.23,14.38,-65.72,12.59,270,-0.92,-3.97,-13.19,-30.28,-26.01,-63.85,False
HILTON-RE1,NSE,BE,INE788H20025,2026-01-07,2.56,2.59,2.85,1.7,2.7,-5.19,1.94,774302,1506002.59,483086.0,1.6,,4.35,4.45,-41.11,-42.51,False,,4.49,2.56,-42.98,0.0,3,-5.19,,,,,,False
HILTON-RE2,NSE,BE,INE788H20033,2026-03-10,0.12,0.23,0.23,0.12,0.2,-40.0,0.16,838229,130102.13,557334.0,1.5,,0.22,0.22,-44.27,-45.16,False,,0.22,0.12,-45.45,0.0,3,-40.0,,,,,,False
HIMALAYAN,NSE,ST,INE1B7I01014,2026-10-09,80.5,80.0,80.6,79.75,76.8,4.82,80.52,103200,8309220.0,811200.0,0.13,,83.94,84.61,-4.1,-4.86,False,,84.85,76.8,-5.13,4.82,5,4.82,,,,,,True
HIMATSEIDE,NSE,EQ,INE049A01027,2026-10-09,59.52,60.35,61.13,58.95,60.32,-1.33,59.66,784019,46771726.12,733838.0,1.07,,69.85,85.23,-14.79,-30.16,False,31.48,128.33,59.52,-53.62,0.0,270,-1.33,-7.22,-14.31,-31.33,-32.28,-50.22,False
HINDADH,NSE,EQ,INE074C01013,2026-10-09,388.0,386.0,388.1,376.15,386.75,0.32,382.97,2062,789693.35,2806.0,0.73,,366.75,346.98,5.79,11.82,True,84.39,389.3,335.55,-0.33,15.63,38,0.32,1.04,6.68,,,,False
HINDALCO,NSE,EQ,INE038A01020,2026-10-09,900.35,893.85,900.6,886.8,890.15,1.15,896.49,3499215,3136998893.9,3976347.0,0.88,,980.8,960.39,-8.2,-6.25,True,30.27,1149.7,760.1,-21.69,18.45,270,1.15,-4.41,-10.77,-6.94,-5.41,18.16,False
HINDALUMI,NSE,EQ,INE227B01019,2026-10-09,89.5,90.4,90.4,89.5,89.9,-0.44,89.79,344,30889.26,1960.0,0.18,,95.1,97.84,-5.89,-8.53,False,32.37,100.16,89.5,-10.64,0.0,38,-0.44,-1.39,-8.58,,,,False
HINDCOMPOS,NSE,EQ,INE310C01029,2026-10-09,426.85,418.0,440.9,418.0,417.0,2.36,429.74,48303,20757819.65,13502.0,3.58,,401.02,419.91,6.44,1.65,False,70.04,491.8,348.45,-13.21,22.5,270,2.36,12.09,7.97,-2.52,6.7,-6.01,False
HINDCON,NSE,BE,INE642Y01029,2026-10-09,28.46,28.46,29.89,28.46,29.95,-4.97,28.55,106599,3042923.35,85910.0,1.24,,25.7,24.53,10.75,16.02,True,53.65,35.05,16.75,-18.8,69.91,270,-4.97,-14.53,16.69,34.69,22.83,-9.28,False
HINDCOPPER,NSE,EQ,INE531E01026,2026-10-09,468.85,470.0,473.9,462.25,467.5,0.29,469.68,4386003,2060027261.95,6084791.0,0.72,,503.87,488.24,-6.95,-3.97,True,38.91,760.05,313.3,-38.31,49.65,270,0.29,1.45,-12.01,-5.98,-10.91,42.32,False
HINDMOTORS,NSE,EQ,INE253A01025,2025-10-01,20.47,20.79,20.79,20.37,20.4,0.34,20.53,473382,9719347.35,820183.0,0.58,,22.83,23.3,-10.32,-12.15,False,58.21,24.52,20.4,-16.52,0.34,19,0.34,-3.81,,,,,False
HINDOILEXP,NSE,EQ,INE345A01011,2026-10-09,169.34,168.57,170.68,166.31,169.4,-0.04,169.4,324790,55018909.93,544797.0,0.6,,169.74,162.39,-0.24,4.28,True,46.47,195.83,118.33,-13.53,43.11,270,-0.04,1.21,-12.56,10.18,26.64,-0.56,False
HINDPETRO,NSE,EQ,INE094A01015,2026-10-09,326.0,330.4,331.8,323.25,326.6,-0.18,326.06,6392568,2084366599.6,4376561.0,1.46,,360.21,385.81,-9.5,-15.5,False,31.48,499.05,319.15,-34.68,2.15,270,-0.18,-5.51,-6.05,-17.53,-10.5,-26.48,False
HINDUNILVR,NSE,EQ,INE030A01027,2026-10-09,1856.7,1843.5,1868.9,1839.1,1844.5,0.66,1860.52,1300930,2420410760.7,1307433.0,1.0,,1972.07,2162.77,-5.85,-14.15,False,38.69,2603.7,1836.0,-28.69,1.13,270,0.66,1.13,-6.23,-13.67,-13.46,-26.16,False
HINDWAREAP,NSE,EQ,INE05AN01011,2026-10-09,170.5,169.02,171.15,166.82,169.01,0.88,168.83,40792,6887072.75,102655.0,0.4,,187.69,226.84,-9.16,-24.84,False,37.63,380.85,169.01,-55.23,0.88,270,0.88,-0.02,-5.42,-31.15,-17.93,-48.36,False
HINDZINC,NSE,EQ,INE267A01025,2026-10-09,543.5,537.0,547.0,531.1,531.75,2.21,539.92,2024919,1093284285.8,3577251.0,0.57,,572.57,562.78,-5.08,-3.43,True,39.25,727.2,454.0,-25.26,19.71,270,2.21,-2.08,-8.73,1.22,-2.83,12.65,False
HIRECT,NSE,EQ,INE835D01023,2026-10-09,1113.7,1110.0,1144.6,1083.5,1096.1,1.61,1107.44,47706,52831297.8,41304.0,1.15,,1197.49,1247.22,-7.0,-10.71,False,36.94,1870.4,660.1,-40.46,68.72,270,1.61,-0.9,-13.09,5.55,56.01,-31.59,False
HISARMETAL,NSE,EQ,INE598C01011,2026-10-09,142.93,144.27,145.22,142.05,144.26,-0.92,144.36,1846,266487.79,979.0,1.88,,152.03,157.37,-5.98,-9.18,False,29.38,186.66,125.22,-23.43,14.14,270,-0.92,-2.72,-10.81,-6.45,-3.39,-23.22,False
HITECH,NSE,EQ,INE106T01025,2026-10-09,70.94,71.23,71.74,70.19,70.8,0.2,70.96,429718,30492971.23,828196.0,0.52,,77.21,84.4,-8.13,-15.95,False,39.43,121.88,70.05,-41.8,1.27,270,0.2,-0.67,-5.92,-18.39,-16.79,-37.77,False
HITECHCORP,NSE,BE,INE120D01012,2026-10-09,350.8,348.4,353.0,345.05,350.55,0.07,349.8,46271,16185380.25,24018.0,1.93,,329.37,262.42,6.51,33.68,True,67.81,350.8,114.31,0.0,206.88,270,0.07,3.1,4.42,9.15,141.95,85.55,False
HITECHGEAR,NSE,BE,INE127B01011,2026-10-09,573.05,567.0,575.0,551.3,562.05,1.96,563.99,1016,573011.45,3444.0,0.3,,576.88,611.22,-0.66,-6.24,False,48.94,876.05,527.5,-34.59,8.64,270,1.96,-4.77,0.54,-11.82,-1.46,-22.25,False
HLEGLAS,NSE,EQ,INE461D01028,2026-10-09,423.7,430.2,438.65,423.7,446.0,-5.0,426.27,215922,92040763.5,444169.0,0.49,,399.71,395.77,6.0,7.06,True,52.12,645.0,251.0,-34.31,68.8,270,-5.0,-4.15,26.67,1.11,42.01,-5.65,False
HLVLTD,NSE,EQ,INE102A01024,2026-10-09,6.11,6.06,6.32,6.01,6.06,0.83,6.14,108016,663678.96,202855.0,0.53,,6.63,7.85,-7.88,-22.21,False,36.75,11.72,5.72,-47.87,6.82,270,0.83,-3.17,-4.53,-19.39,-20.75,-46.64,False
HMAAGRO,NSE,EQ,INE0ECP01024,2026-10-09,23.28,23.7,23.96,22.68,23.62,-1.44,23.2,1129587,26209014.42,4563205.0,0.25,,22.64,24.13,2.84,-3.51,False,51.96,31.99,19.98,-27.23,16.52,270,-1.44,-0.81,16.34,6.2,-2.76,-24.19,False
HMT,NSE,BZ,INE262A01018,2026-10-09,54.95,55.0,56.48,54.26,56.02,-1.91,55.4,13187,730620.03,11054.0,1.19,,61.31,59.45,-10.37,-7.56,True,31.95,71.36,41.44,-23.0,32.6,270,-1.91,-5.65,-19.32,-14.95,-14.13,-8.29,False
HMVL,NSE,BE,INE871K01015,2026-10-09,74.08,74.99,75.85,72.17,75.96,-2.47,73.68,112571,8294720.2,45042.0,2.5,,81.63,79.87,-9.25,-7.25,True,39.85,104.45,55.93,-29.08,32.45,270,-2.47,-4.34,-9.64,-18.23,12.96,-11.61,False
HNDFDS,NSE,EQ,INE254N01026,2026-10-09,573.0,569.45,577.15,565.1,572.6,0.07,571.62,20162,11524949.0,63546.0,0.32,,597.35,558.81,-4.08,2.54,True,37.01,658.2,446.1,-12.94,28.45,270,0.07,-0.28,-8.1,0.61,13.72,10.02,False
HNGSNGBEES,NSE,EQ,INF204KB19I1,2026-10-09,460.89,460.21,461.0,454.36,455.65,1.15,459.16,34905,16026920.61,77058.0,0.45,,469.6,491.41,-1.85,-6.21,False,46.55,566.34,450.8,-18.62,2.24,270,1.15,1.27,-1.3,-4.76,-12.01,-11.69,False
HOACFOODS,NSE,ST,INE0S6S01017,2026-10-09,986.9,986.9,986.9,984.0,967.55,2.0,986.18,1500,1479262.5,3150.0,0.48,,848.7,616.77,16.28,60.01,True,71.84,1009.95,226.9,-2.28,334.95,267,2.0,7.86,1.72,42.99,143.2,298.59,True
HOLMARC,NSE,SM,INE0LXA01019,2026-10-09,125.05,117.0,128.0,115.0,122.0,2.5,119.01,17250,2052975.0,9712.0,1.78,,112.53,105.7,11.12,18.31,True,58.5,131.05,60.05,-4.58,108.24,238,2.5,4.21,15.89,19.1,45.75,,True
HOMEFIRST,NSE,EQ,INE481N01025,2026-10-09,1076.6,1072.0,1097.7,1070.6,1071.9,0.44,1084.79,105063,113971588.3,265684.0,0.4,,1159.89,1158.39,-7.18,-7.06,True,35.66,1280.1,904.8,-15.9,18.99,270,0.44,-4.36,-12.97,-11.95,1.43,-11.46,False
HOMESFY,NSE,SM,INE0N7F01017,2026-10-08,128.0,127.65,128.0,127.65,127.65,0.27,127.82,600,76695.0,1425.0,0.42,,120.2,166.55,6.49,-23.15,False,63.17,277.0,100.95,-53.79,26.8,177,0.27,15.0,19.63,3.77,-29.32,,True
HONASA,NSE,EQ,INE0J5401028,2026-10-09,468.7,470.75,474.7,465.3,467.5,0.26,469.36,356252,167208836.0,3047649.0,0.12,,462.17,399.72,1.41,17.26,True,51.52,502.8,256.3,-6.78,82.87,270,0.26,9.53,-1.54,-0.72,49.55,66.86,False
HONAUT,NSE,EQ,INE671A01010,2026-10-09,32495.0,32555.0,32905.0,32310.0,32465.0,0.09,32533.84,2188,71184045.0,4456.0,0.49,,34984.64,34771.1,-7.12,-6.55,True,32.0,40105.0,26325.0,-18.98,23.44,270,0.09,-2.91,-7.32,-14.88,19.69,-9.97,False
HONDAPOWER,NSE,EQ,INE634A01018,2026-10-09,1827.0,1855.0,1855.0,1820.0,1839.8,-0.7,1829.22,3954,7232729.5,2679.0,1.48,,1979.53,2176.31,-7.71,-16.05,False,29.07,2755.6,1827.0,-33.7,0.0,270,-0.7,-3.14,-7.81,-13.35,-12.88,-33.66,False
HORIZONIND,NSE,EQ,INE685T01010,2026-10-09,49.05,48.45,49.67,48.02,48.47,1.2,48.97,1969905,96460719.3,3278570.0,0.6,,53.91,56.75,-9.01,-13.57,False,29.79,58.16,47.75,-15.66,2.72,33,1.2,0.82,-11.69,,,,False
HPAL,NSE,EQ,INE0GSL01024,2026-10-09,33.9,33.5,34.24,32.99,33.5,1.19,33.84,37743,1277390.1,75470.0,0.5,,34.95,37.11,-3.01,-8.65,False,43.57,52.27,26.93,-35.14,25.88,270,1.19,0.27,-4.29,-2.45,-3.99,-28.95,False
HPIL,NSE,EQ,INE05X901010,2026-10-09,118.45,118.3,118.45,117.5,116.48,1.69,117.94,247,29132.4,562.0,0.44,,120.96,127.02,-2.07,-6.75,False,49.53,144.25,109.83,-17.89,7.85,269,1.69,3.5,-2.81,-3.75,1.58,-9.77,False
HPL,NSE,EQ,INE495S01016,2026-10-09,257.9,256.65,260.95,253.5,256.45,0.57,257.21,71601,18416457.85,92530.0,0.77,,296.22,342.22,-12.94,-24.64,False,28.31,468.65,256.45,-44.97,0.57,270,0.57,-3.48,-14.88,-27.7,-19.71,-43.46,False
HPTL,NSE,ST,INE0VA601019,2026-10-08,435.0,451.3,451.3,435.0,451.3,-3.61,447.22,2400,1073340.0,13590.0,0.18,,369.09,295.91,17.86,47.0,True,61.39,468.3,190.0,-7.11,128.95,193,-3.61,-1.81,31.92,61.71,56.98,,True
HRHNEXT,NSE,SM,INE0R3501012,2026-10-06,23.2,23.2,23.2,23.2,24.0,-3.33,23.2,4500,104400.0,13800.0,0.33,,25.6,27.91,-9.37,-16.86,False,42.84,37.9,21.95,-38.79,5.69,239,-3.33,-4.53,-6.07,-14.23,1.75,,True
HRYNSHP,NSE,EQ,INE400G01011,2026-10-09,92.61,93.41,97.88,92.0,96.0,-3.53,93.14,909,84664.66,896.0,1.01,,98.73,100.29,-6.2,-7.65,False,38.35,102.67,92.61,-9.8,0.0,38,-3.53,-5.48,-7.96,,,,False
HSBCGOLD,NSE,EQ,INF336L01RX2,2026-10-09,129.34,128.49,129.5,128.49,127.45,1.48,129.24,10808,1396785.72,49482.0,0.22,,130.16,128.33,-0.63,0.78,True,47.64,139.76,121.6,-7.46,6.37,133,1.48,1.09,-2.51,3.65,-1.06,,False
HSCL,NSE,EQ,INE019C01026,2026-10-09,659.95,662.0,665.45,650.1,660.05,-0.02,656.79,1229039,807226498.55,2013472.0,0.61,,679.25,612.04,-2.84,7.83,True,43.95,800.9,422.0,-17.6,56.39,270,-0.02,-0.78,-1.6,-0.08,40.7,49.8,False
HTEL,NSE,EQ,INE0LEG01024,2026-10-09,90.37,95.79,95.79,89.0,97.27,-7.09,91.32,6083687,555566578.82,5343372.0,1.14,,77.28,78.13,16.94,15.66,False,62.97,97.27,65.64,-7.09,37.68,27,-7.09,23.93,22.19,,,,False
HTMEDIA,NSE,EQ,INE501G01024,2026-10-09,22.26,21.91,22.55,21.91,22.06,0.91,22.13,17441,386053.38,97667.0,0.18,,24.38,24.15,-8.68,-7.82,True,37.94,28.66,18.14,-22.33,22.71,270,0.91,-0.54,-12.4,-12.4,-6.67,-17.46,False
HUBTOWN,NSE,EQ,INE703H01016,2026-10-09,155.42,156.17,157.88,153.86,155.13,0.19,155.55,445395,69279645.44,441033.0,1.01,,180.03,211.02,-13.67,-26.35,False,33.59,333.25,155.13,-53.36,0.19,270,0.19,-12.4,-16.24,-24.87,-22.47,-43.87,False
HUDCO,NSE,EQ,INE031A01017,2026-10-09,159.75,157.49,160.0,156.42,156.99,1.76,158.82,1603099,254596899.29,2413891.0,0.66,,178.2,195.53,-10.35,-18.3,False,32.01,243.93,156.99,-34.51,1.76,270,1.76,-1.11,-10.38,-22.81,-12.3,-28.57,False
HUHTAMAKI,NSE,EQ,INE275B01026,2026-10-09,225.25,225.0,227.4,222.86,225.67,-0.19,225.27,76227,17171937.85,144817.0,0.53,,245.72,225.21,-8.33,0.02,True,33.85,318.68,149.9,-29.32,50.27,270,-0.19,-3.21,-10.15,6.69,28.33,-3.81,False
HVAX,NSE,SM,INE0TO501019,2026-10-09,710.0,710.0,710.0,710.0,705.0,0.71,710.0,600,426000.0,2295.0,0.26,,677.73,727.87,4.76,-2.46,False,56.51,980.0,588.75,-27.55,20.59,214,0.71,0.01,9.01,10.73,-0.84,,True
HYBRIDETF,NSE,EQ,INF769K01RJ5,2026-10-09,9.73,9.69,9.73,9.69,9.67,0.62,9.71,3542,34381.06,39916.0,0.09,,9.96,10.02,-2.34,-2.9,False,38.96,10.21,9.67,-4.7,0.62,49,0.62,0.1,-3.38,,,,False
HYBRIDFIN,NSE,EQ,INE965B01022,2026-10-09,17.62,18.0,18.25,17.2,17.81,-1.07,17.93,8495,152315.45,10755.0,0.79,,17.43,18.11,1.07,-2.7,False,55.35,33.62,15.51,-47.59,13.6,270,-1.07,1.5,2.44,-6.57,-11.81,9.78,False
HYUNDAI,NSE,EQ,INE0V6F01027,2026-10-09,1940.0,1929.0,1944.4,1897.2,1915.0,1.31,1926.84,392721,756712469.6,644878.0,0.61,,2089.72,2110.28,-7.16,-8.07,False,33.69,2537.2,1691.4,-23.54,14.7,270,1.31,-4.15,-12.61,-2.26,9.06,-24.93,False
IBLFL,NSE,SM,INE0O7401018,2026-10-08,62.15,61.0,64.45,59.8,62.9,-1.19,61.47,16000,983500.0,6100.0,2.62,,60.37,59.33,2.95,4.75,True,56.18,70.85,45.15,-12.28,37.65,207,-1.19,1.89,7.16,3.58,26.84,,True
IBULLSLTD,NSE,EQ,INE126M01010,2026-10-09,36.62,35.3,37.28,33.72,34.88,4.99,36.32,36655938,1331318177.48,24478600.0,1.5,,28.56,23.43,28.23,56.3,True,78.0,36.62,9.11,0.0,301.98,211,4.99,24.43,41.12,23.59,227.26,,False
ICDSLTD,NSE,BE,INE613B01010,2026-10-09,41.89,45.0,45.0,41.31,43.48,-3.66,41.74,1812,75637.74,3189.0,0.57,,49.86,46.43,-15.98,-9.78,True,33.78,71.45,37.6,-41.37,11.41,266,-3.66,-9.91,-31.62,1.13,2.12,-22.85,False
ICELCO,NSE,SM,INE0XE501015,2026-10-09,112.55,119.0,121.65,112.25,117.65,-4.33,114.2,237600,27134700.0,62340.0,3.81,,131.53,155.45,-14.43,-27.6,False,36.08,174.3,112.55,-35.43,0.0,64,-4.33,-4.05,-5.38,-35.43,,,True
ICEMAKE,NSE,EQ,INE520Y01019,2026-10-09,661.0,659.95,663.8,641.25,660.25,0.11,654.25,20001,13085690.95,31625.0,0.63,,711.12,751.25,-7.05,-12.01,False,42.63,885.95,623.65,-25.39,5.99,270,0.11,5.99,-9.5,-13.52,-12.61,-10.68,False
ICICIAMC,NSE,EQ,INE346A01027,2026-10-09,3030.3,3055.2,3088.6,3014.0,3066.4,-1.18,3038.68,301279,915489188.7,405432.0,0.74,,3121.08,3053.9,-2.91,-0.77,True,40.66,3538.5,2585.9,-14.36,17.19,198,-1.18,-1.75,0.57,-4.09,-2.99,,False
ICICIB22,NSE,EQ,INF109KB15Y7,2026-10-09,108.11,106.52,108.5,106.37,106.52,1.49,107.81,132833,14321379.63,658010.0,0.2,,113.01,115.94,-4.33,-6.75,False,34.48,128.02,106.52,-15.55,1.49,270,1.49,-0.73,-5.09,-7.72,-10.83,-2.2,False
ICICIBANK,NSE,EQ,INE090A01021,2026-10-09,1355.0,1355.4,1359.4,1342.3,1349.0,0.44,1352.33,5507667,7448205913.3,9727809.0,0.57,,1370.58,1366.06,-1.14,-0.81,True,49.42,1463.1,1205.9,-7.39,12.36,270,0.44,3.39,-3.17,-3.3,3.5,0.52,False
ICICIGI,NSE,EQ,INE765G01017,2026-10-09,1690.2,1625.0,1699.4,1620.0,1624.0,4.08,1679.3,1546424,2596913251.8,982712.0,1.57,,1584.99,1720.89,6.64,-1.78,False,66.9,2042.9,1427.7,-17.26,18.39,270,4.08,8.14,13.86,-7.45,-3.44,-10.56,False
ICICIPRULI,NSE,EQ,INE726G01019,2026-10-09,460.55,454.1,464.65,452.9,457.0,0.78,461.67,669480,309075623.9,1618226.0,0.41,,481.29,528.93,-4.31,-12.93,False,43.33,688.45,443.8,-33.1,3.77,270,0.78,2.79,-1.86,-9.76,-14.96,-22.62,False
ICIL,NSE,EQ,INE483B01026,2026-10-09,436.3,449.0,457.7,433.3,449.0,-2.83,439.42,314190,138062258.75,566245.0,0.55,,433.18,360.34,0.72,21.08,True,47.38,476.55,224.5,-8.45,94.34,270,-2.83,-1.66,-3.23,5.76,74.92,61.43,False
ICRA,NSE,EQ,INE725G01011,2026-10-09,4424.8,4284.5,4440.0,4266.1,4299.4,2.92,4383.21,14125,61912808.6,27653.0,0.51,,4700.77,5251.82,-5.87,-15.75,False,42.44,6531.0,4232.0,-32.25,4.56,270,2.92,2.47,-8.85,-16.48,-17.22,-30.3,False
IDBI,NSE,EQ,INE008A01015,2026-10-09,83.09,83.85,84.44,81.95,83.18,-0.11,83.18,6715116,558535203.28,12759371.0,0.53,,84.54,85.82,-1.72,-3.18,False,45.09,116.01,61.5,-28.38,35.11,270,-0.11,-4.02,2.44,0.24,12.94,-9.11,False
IDEA,NSE,EQ,INE669E01016,2026-10-09,13.0,12.9,13.11,12.86,12.8,1.56,12.98,253450627,3290828401.11,452507495.0,0.56,,13.8,12.4,-5.8,4.86,True,40.63,15.6,8.36,-16.67,55.5,270,1.56,2.85,-15.69,-8.39,41.3,59.9,False
IDEAFORGE,NSE,EQ,INE349Y01013,2026-10-09,668.6,663.0,683.45,649.15,669.2,-0.09,667.3,207565,138507622.85,236188.0,0.88,,759.41,693.0,-11.96,-3.52,True,33.83,964.9,371.75,-30.71,79.85,270,-0.09,-9.03,-13.75,-25.77,59.63,32.59,False
IDEALTECHO,NSE,SM,INE0T9I01011,2026-10-01,85.6,85.6,85.6,85.6,97.65,-12.34,85.6,1000,85600.0,2700.0,0.37,,154.8,188.76,-44.7,-54.65,False,27.77,243.45,85.6,-64.84,0.0,146,-12.34,-10.83,-52.84,-60.28,-58.85,,True
IDENTICAL,NSE,SM,INE0TD101011,2026-10-09,18.0,18.0,18.0,17.0,18.5,-2.7,17.67,12000,212000.0,9300.0,1.29,,18.01,21.89,-0.05,-17.77,False,49.57,42.95,15.35,-58.09,17.26,238,-2.7,7.46,2.86,5.26,-2.96,,True
IDFCFIRSTB,NSE,EQ,INE092T01019,2026-10-09,79.52,78.34,79.8,78.12,78.46,1.35,79.32,8635723,685012071.69,23209032.0,0.37,,82.91,78.72,-4.09,1.02,True,39.77,87.9,58.85,-9.53,35.12,270,1.35,-1.08,-8.07,-1.62,20.72,13.97,False
IDFNIFTYET,NSE,EQ,INF194KA1U07,2026-10-09,249.08,247.94,249.65,247.85,248.66,0.17,248.7,549,136538.51,1627.0,0.34,,259.63,266.1,-4.07,-6.4,False,36.96,338.95,245.51,-26.51,1.45,270,0.17,0.83,-4.9,-6.94,-5.25,-8.15,False
IEL,NSE,EQ,INE059901020,2025-10-27,18.99,21.84,21.84,18.12,20.14,-5.71,19.12,1088087,20804905.71,172639.0,6.3,,20.02,20.87,-5.13,-9.01,False,41.92,21.4,17.89,-11.26,6.15,35,-5.71,-6.5,-5.99,,,,False
IEML,NSE,ST,INE0RRU01016,2026-10-09,41.45,41.05,44.3,41.05,42.75,-3.04,42.36,72000,3050050.0,103975.0,0.69,,45.18,63.61,-8.25,-34.84,False,40.67,135.1,38.0,-69.32,9.08,270,-3.04,-20.9,-1.19,-2.81,-51.26,-70.53,True
IEML-RE,NSE,ST,INE0RRU20016,2025-11-17,12.85,22.0,22.0,12.85,21.35,-39.81,14.94,891500,13320287.5,289641.0,3.08,,22.16,23.72,-42.01,-45.84,False,32.4,30.15,11.5,-57.38,11.74,16,-39.81,-41.46,,,,,True
IEX,NSE,EQ,INE022Q01020,2026-10-09,104.78,104.0,105.55,103.81,103.75,0.99,104.82,3369146,353161561.57,3564830.0,0.95,,115.43,124.51,-9.23,-15.84,False,31.03,154.78,103.75,-32.3,0.99,270,0.99,-1.13,-10.09,-12.42,-19.05,-24.72,False
IFBAGRO,NSE,EQ,INE076C01018,2026-10-09,862.0,846.0,867.6,845.0,866.95,-0.57,852.59,3552,3028414.1,3287.0,1.08,,906.84,953.28,-4.94,-9.57,False,41.87,1753.2,683.3,-50.83,26.15,270,-0.57,-0.57,-2.82,-9.98,-1.81,5.57,False
IFBIND,NSE,EQ,INE559A01017,2026-10-09,1161.0,1181.6,1190.9,1149.9,1186.8,-2.17,1163.62,25962,30209816.6,29964.0,0.87,,1265.15,1302.97,-8.23,-10.9,False,34.22,1956.0,894.1,-40.64,29.85,270,-2.17,-0.45,-10.42,-15.9,12.43,-30.52,False
IFCI,NSE,EQ,INE039A01010,2026-10-09,67.35,67.5,68.77,65.69,66.43,1.38,67.05,71521523,4795436778.45,73140598.0,0.98,,76.08,69.27,-11.48,-2.78,True,38.72,102.51,46.81,-34.3,43.88,270,1.38,3.39,-27.28,-13.05,21.66,24.61,False
IFGLEXPOR,NSE,EQ,INE133Y01011,2026-10-09,180.51,179.5,188.76,179.5,179.72,0.44,182.03,24653,4487528.26,29589.0,0.83,,199.09,200.35,-9.33,-9.9,False,32.89,303.0,123.0,-40.43,46.76,270,0.44,-4.78,-8.93,-21.86,17.24,-38.7,False
IGARASHI,NSE,EQ,INE188B01013,2026-10-09,396.1,394.4,399.25,388.25,393.1,0.76,393.32,22253,8752646.6,730273.0,0.03,,421.94,423.35,-6.12,-6.44,False,39.23,540.45,273.45,-26.71,44.85,270,0.76,-0.71,-4.69,-16.66,23.86,-20.65,False
IGCL,NSE,EQ,INE05J901018,2026-10-09,55.09,56.73,56.73,54.63,55.61,-0.94,55.05,348212,19170608.62,173267.0,2.01,,65.16,71.78,-15.45,-23.25,False,28.32,110.25,53.4,-50.03,3.16,270,-0.94,0.86,-24.06,-23.41,-13.52,-44.97,False
IGIL,NSE,EQ,INE0Q9301021,2026-10-09,309.05,307.95,311.5,304.1,307.05,0.65,308.08,380286,117159136.65,543834.0,0.7,,329.0,338.77,-6.06,-8.77,False,39.1,381.25,291.0,-18.94,6.2,270,0.65,-0.93,-2.85,-10.91,-7.86,-10.45,False
IGL,NSE,EQ,INE203G01027,2026-10-09,146.15,142.0,147.74,140.72,142.03,2.9,145.24,2395557,347924813.46,1805471.0,1.33,,149.1,163.6,-1.98,-10.66,False,48.87,220.12,141.38,-33.6,3.37,270,2.9,2.35,-5.11,-5.13,-5.39,-29.92,False
IGPL,NSE,EQ,INE204A01010,2026-10-09,566.8,565.5,576.95,561.65,568.4,-0.28,565.96,47220,26724708.7,87119.0,0.54,,535.13,463.89,5.92,22.18,True,52.54,593.15,329.0,-4.44,72.28,270,-0.28,-0.48,-3.04,31.16,49.85,34.84,False
IIFL,NSE,EQ,INE530B01024,2026-10-09,597.7,580.45,605.5,580.45,579.15,3.2,595.23,2000049,1190480338.35,1779022.0,1.12,,602.33,549.08,-0.77,8.86,True,47.12,696.4,419.35,-14.17,42.53,270,3.2,2.38,-4.82,8.14,33.74,32.26,False
IIFLCAPS,NSE,EQ,INE489L01022,2026-10-09,343.75,343.0,348.0,343.0,344.2,-0.13,343.76,632545,217445743.35,618777.0,1.02,,340.72,330.18,0.89,4.11,True,52.04,395.5,244.15,-13.08,40.79,270,-0.13,-0.54,1.28,1.61,23.05,22.83,False
IITL,NSE,EQ,INE886A01014,2026-10-09,125.67,130.11,130.2,123.0,128.19,-1.97,127.88,111825,14300460.73,112688.0,0.99,,140.4,148.04,-10.49,-15.11,False,35.15,202.41,122.18,-37.91,2.86,270,-1.97,-5.2,-16.15,-1.44,-9.86,-38.36,False
IKIO,NSE,EQ,INE0LOJ01019,2026-10-09,179.27,181.05,185.56,176.28,181.05,-0.98,180.55,193297,34900732.25,379968.0,0.51,,198.9,184.5,-9.87,-2.84,True,33.53,231.73,107.33,-22.64,67.03,270,-0.98,-6.12,-18.41,-14.94,36.3,-14.71,False
IKS,NSE,EQ,INE115Q01022,2026-10-09,1716.6,1745.0,1773.9,1708.1,1751.1,-1.97,1737.43,132974,231032726.6,240471.0,0.55,,1776.11,1693.25,-3.35,1.38,True,42.06,1937.8,1274.9,-11.42,34.65,270,-1.97,-3.37,-3.56,-10.97,17.64,18.1,False
IL&FSENGG,NSE,BZ,INE369I01014,2026-10-09,38.5,38.57,39.5,38.0,38.57,-0.18,38.55,10217,393836.0,40717.0,0.25,,37.03,31.89,3.97,20.72,True,49.72,42.41,21.76,-9.22,76.93,270,-0.18,-0.23,6.94,34.85,42.96,25.24,False
IL&FSTRANS,NSE,BZ,INE975G01012,2026-10-09,2.05,2.12,2.15,2.02,2.05,0.0,2.13,85168,181244.5,71978.0,1.18,,2.04,2.32,0.63,-11.79,False,56.0,3.11,1.83,-34.08,12.02,270,0.0,9.63,-1.44,-5.96,1.49,-33.01,False
IMAGICAA,NSE,EQ,INE172N01012,2026-10-09,46.86,47.0,47.41,46.19,47.11,-0.53,46.76,287050,13423647.44,750660.0,0.38,,50.44,49.01,-7.09,-4.38,True,35.62,60.21,37.46,-22.17,25.09,270,-0.53,-7.57,-13.91,0.64,1.1,-12.87,False
IMFA,NSE,EQ,INE919H01018,2026-10-09,1182.5,1160.2,1192.0,1157.6,1165.1,1.49,1172.66,67063,78642198.7,85124.0,0.79,,1286.67,1312.62,-8.1,-9.91,False,37.22,1653.9,1078.2,-28.5,9.67,270,1.49,0.48,-9.5,-15.59,-12.04,6.72,False
IMPAL,NSE,EQ,INE547E01014,2026-10-09,1007.4,996.0,1010.0,980.0,996.5,1.09,997.5,1477,1473301.5,2268.0,0.65,,1069.55,1063.91,-5.81,-5.31,True,37.82,1205.8,951.2,-16.45,5.91,270,1.09,-0.17,-12.51,-12.12,0.94,-3.96,False
IMPEXFERRO,NSE,BZ,INE691G01015,2026-10-05,6.37,6.37,6.37,6.37,6.5,-2.0,6.37,308128,1962775.36,84807.0,3.63,,4.52,2.86,40.91,122.64,True,89.84,6.5,1.36,-2.0,368.38,235,-2.0,5.81,42.83,276.92,246.2,,False
INA,NSE,EQ,INE0LGX01024,2026-10-09,79.67,79.72,81.74,78.0,79.73,-0.08,79.76,565012,45065471.6,600442.0,0.94,,94.1,103.92,-15.33,-23.34,False,26.61,156.43,79.67,-49.07,0.0,146,-0.08,-8.45,-14.44,-36.23,-19.68,,False
INCREDIBLE,NSE,EQ,INE452L01012,2026-10-09,31.45,30.59,31.89,30.06,30.0,4.83,30.67,5240,160722.05,6685.0,0.78,,32.47,34.99,-3.13,-10.11,False,46.62,46.98,28.58,-33.06,10.04,270,4.83,0.26,-1.04,-5.16,-7.04,-32.45,False
INDBANK,NSE,EQ,INE841B01017,2026-10-09,25.58,25.79,26.0,25.04,25.14,1.75,25.6,30212,773457.18,43669.0,0.69,,28.43,31.95,-10.01,-19.94,False,38.55,45.95,25.06,-44.33,2.08,270,1.75,1.51,-7.62,-24.88,-21.92,-22.34,False
INDGN,NSE,EQ,INE065X01017,2026-10-09,580.1,586.0,590.1,571.45,586.15,-1.03,578.5,334971,193781289.8,505063.0,0.66,,576.43,539.2,0.64,7.59,True,45.47,613.3,423.5,-5.41,36.98,270,-1.03,-2.26,-1.54,13.9,20.07,3.4,False
INDHOTEL,NSE,EQ,INE053A01029,2026-10-09,715.65,712.5,723.45,709.75,711.65,0.56,718.58,1043907,750133167.7,3399812.0,0.31,,722.73,709.01,-0.98,0.94,True,46.13,752.3,570.95,-4.87,25.34,270,0.56,-0.33,-0.6,-4.87,12.46,-0.65,False
INDIACEM,NSE,EQ,INE383A01012,2026-10-09,297.45,293.15,299.0,291.55,294.6,0.97,294.82,140167,41324212.7,267850.0,0.52,,344.31,379.2,-13.61,-21.56,False,28.91,478.55,294.6,-37.84,0.97,270,0.97,0.78,-15.84,-21.83,-21.25,-22.54,False
INDIAGLYCO,NSE,EQ,INE560A01023,2026-10-09,329.6,359.0,360.0,327.0,356.9,-7.65,338.1,1266097,428073278.75,1404905.0,0.9,,583.18,846.19,-43.48,-61.05,False,37.08,1203.3,236.2,-72.61,39.54,270,-7.65,10.31,14.84,-69.13,-63.99,-61.59,False
INDIAMART,NSE,EQ,INE933S01016,2026-10-09,1606.8,1594.3,1625.0,1575.5,1602.7,0.26,1601.96,65546,105002079.6,116724.0,0.56,,1707.86,1960.87,-5.92,-18.06,False,37.65,2504.5,1591.5,-35.84,0.96,270,0.26,-0.83,-4.61,-16.49,-23.31,-31.81,False
INDIANB,NSE,EQ,INE562A01011,2026-10-09,829.8,816.0,831.45,808.0,807.8,2.72,821.62,1471855,1209308594.25,1014462.0,1.45,,842.05,838.97,-1.45,-1.09,True,48.81,991.55,737.05,-16.31,12.58,270,2.72,4.62,-3.5,-4.7,-13.25,10.54,False
INDIANCARD,NSE,EQ,INE061A01014,2026-10-09,182.61,180.95,188.0,178.2,180.95,0.92,182.22,3615,658726.29,2652.0,1.36,,205.22,219.07,-11.02,-16.64,False,33.86,262.5,156.6,-30.43,16.61,270,0.92,-3.06,-16.54,-22.44,-2.33,-29.95,False
INDIANHUME,NSE,EQ,INE323C01030,2026-10-09,342.2,337.0,349.4,337.0,338.8,1.0,343.22,18186,6241885.2,54877.0,0.33,,363.0,360.12,-5.73,-4.98,True,41.37,424.9,281.45,-19.46,21.58,270,1.0,-1.13,-12.01,-6.77,1.53,-4.65,False
INDIASHLTR,NSE,EQ,INE922K01024,2026-10-09,643.45,650.95,656.75,635.95,643.5,-0.01,647.81,32404,20991743.9,89867.0,0.36,,674.41,746.81,-4.59,-13.84,False,43.5,918.95,628.9,-29.98,2.31,270,-0.01,-0.33,-4.21,-19.57,-15.48,-26.25,False
INDIFRA,NSE,SM,INE0PS301014,2026-10-08,11.65,11.65,11.65,11.65,11.1,4.95,11.65,4000,46600.0,2800.0,1.43,,12.94,14.88,-9.97,-21.71,False,43.91,20.8,11.1,-43.99,4.95,99,4.95,-4.9,-12.08,-26.73,,,True
INDIGO,NSE,EQ,INE646L01027,2026-10-09,4833.0,4821.0,4884.0,4783.0,4813.1,0.41,4827.4,1418223,6846330402.4,711490.0,1.99,,5004.8,5007.65,-3.43,-3.49,False,42.2,5934.0,3943.5,-18.55,22.56,270,0.41,-1.97,-3.34,-9.02,4.71,-13.61,False
INDIGOPNTS,NSE,EQ,INE09VQ01012,2026-10-09,1022.7,1028.2,1045.7,1020.0,1035.7,-1.26,1028.72,26415,27173629.7,50906.0,0.52,,1094.07,1057.0,-6.52,-3.24,True,34.79,1326.0,710.8,-22.87,43.88,270,-1.26,-2.92,-10.31,-2.82,26.03,-2.8,False
INDIGRID,NSE,BL,INE219X23014,2026-03-12,162.68,162.68,162.68,162.68,163.55,-0.53,162.68,1543840,251151891.2,1438768.0,1.07,,167.38,167.76,-2.81,-3.03,False,,167.89,162.68,-3.1,0.0,4,-0.53,,,,,,False
INDIQUBE,NSE,EQ,INE06ST01018,2026-10-09,194.47,190.41,195.9,187.51,191.89,1.34,192.91,33184,6401463.33,43213.0,0.77,,190.63,185.54,2.02,4.81,True,49.85,233.34,133.55,-16.66,45.62,270,1.34,-1.53,-5.18,9.19,27.8,-14.71,False
INDNIPPON,NSE,EQ,INE092B01025,2026-10-09,1188.0,1187.4,1209.4,1166.6,1187.4,0.05,1187.82,36800,43711699.5,214872.0,0.17,,1181.62,1011.53,0.54,17.45,True,45.08,1369.0,679.15,-13.22,74.92,270,0.05,-2.97,5.85,1.67,55.24,31.65,False
INDO-RE2,NSE,BE,INE227G20034,2025-12-04,0.69,0.69,0.72,0.69,0.87,-20.69,0.69,368592,254693.98,402446.0,0.92,,1.46,1.52,-52.71,-54.57,False,,1.54,0.69,-55.19,0.0,4,-20.69,,,,,,False
INDOAMIN,NSE,EQ,INE760F01028,2026-10-09,157.72,150.8,159.4,145.35,151.7,3.97,153.83,575379,88510541.74,672369.0,0.86,,133.85,127.53,17.84,23.67,True,67.43,161.16,82.12,-2.13,92.06,270,3.97,15.53,24.13,23.88,49.37,13.67,False
INDOBORAX,NSE,EQ,INE803D01021,2026-10-09,476.2,482.2,484.6,472.0,482.2,-1.24,477.49,42463,20275791.35,552854.0,0.08,,461.47,369.21,3.19,28.98,True,50.66,516.05,232.02,-7.72,105.24,270,-1.24,1.43,-6.82,4.94,87.44,106.42,False
INDOCO,NSE,EQ,INE873D01024,2026-10-09,230.7,236.9,241.0,228.25,236.9,-2.62,231.84,212368,49234770.6,1773124.0,0.12,,243.45,235.82,-5.24,-2.17,True,40.98,296.85,164.0,-22.28,40.67,270,-2.62,-8.36,-5.55,-11.35,16.39,-20.98,False
INDOFARM,NSE,EQ,INE622H01018,2026-10-09,133.54,134.1,136.0,132.54,134.66,-0.83,133.95,54275,7270255.29,127041.0,0.43,,139.91,156.28,-4.55,-14.55,False,45.35,260.99,111.16,-48.83,20.13,270,-0.83,1.34,-7.37,-15.12,-6.37,-39.56,False
INDOKEM,NSE,EQ,INE716F01012,2026-10-09,619.1,691.1,692.0,600.0,692.8,-10.64,641.82,134575,86372515.7,41848.0,3.22,,609.18,597.72,1.63,3.58,True,50.2,692.8,580.95,-10.64,6.57,38,-10.64,2.55,-1.32,,,,False
INDOMIM,NSE,EQ,INE084101034,2026-10-09,1272.6,1262.0,1299.0,1244.8,1238.6,2.75,1274.56,1258559,1604107574.2,2231000.0,0.56,,1047.57,852.57,21.48,49.27,True,62.99,1359.9,741.75,-6.42,71.57,50,2.75,0.06,31.34,,,,False
INDORAMA,NSE,EQ,INE156A01020,2026-10-09,92.39,88.99,94.3,87.1,88.1,4.87,92.34,1404729,129706068.11,2508673.0,0.56,,79.02,57.89,16.92,59.6,True,54.65,106.55,30.09,-13.29,207.05,270,4.87,-3.57,23.22,92.2,162.99,52.86,False
INDOSTAR,NSE,EQ,INE896L01010,2026-10-09,188.95,196.0,197.08,187.8,196.6,-3.89,190.49,205760,39194970.3,125872.0,1.63,,231.36,236.54,-18.33,-20.12,False,23.6,274.7,182.51,-31.22,3.53,270,-3.89,-8.43,-24.81,-29.9,-11.77,-23.24,False
INDOTECH,NSE,EQ,INE332H01014,2026-10-09,3121.7,3150.0,3224.0,3065.0,3148.8,-0.86,3112.39,19628,61089991.6,18946.0,1.04,,3364.72,2728.38,-7.22,14.42,True,36.0,3902.5,1104.9,-20.01,182.53,270,-0.86,-6.75,-15.56,-5.53,129.33,89.45,False
INDOTHAI,NSE,EQ,INE337M01021,2026-10-09,36.75,36.76,37.69,36.75,38.68,-4.99,36.86,1757861,64795445.55,2467247.0,0.71,,72.3,177.44,-49.17,-79.29,False,35.33,460.4,30.41,-92.02,20.85,270,-4.99,4.43,-6.73,-83.17,-87.34,-86.9,False
INDOUS,NSE,EQ,INE250Z01010,2026-10-09,73.96,72.75,74.7,71.5,72.75,1.66,73.05,10129,739963.93,6714.0,1.51,,80.21,98.54,-7.8,-24.94,False,34.85,150.72,72.75,-50.93,1.66,270,1.66,-3.64,-6.2,-15.49,-30.36,-44.26,False
INDOWIND,NSE,EQ,INE227G01018,2026-10-09,8.28,8.41,8.5,8.21,8.39,-1.31,8.31,98457,818175.75,96448.0,1.02,,8.91,10.47,-7.06,-20.92,False,33.73,17.93,7.06,-53.82,17.28,270,-1.31,-1.9,-6.44,-10.2,-4.5,-48.95,False
INDPRUD,NSE,EQ,INE620D01011,2026-10-09,6300.0,6250.0,6400.0,6225.0,6300.0,0.0,6289.68,131,823947.5,70.0,1.87,,6308.54,6450.44,-0.14,-2.33,False,51.42,6949.95,6081.0,-9.35,3.6,115,0.0,0.71,1.45,-1.57,,,False
INDRAMEDCO,NSE,EQ,INE681B01017,2026-10-09,329.05,320.0,331.8,319.9,319.9,2.86,327.31,145432,47601196.45,245600.0,0.59,,358.69,394.18,-8.26,-16.52,False,34.54,622.8,319.9,-47.17,2.86,270,2.86,-2.82,-7.35,-13.6,-22.98,-26.02,False
INDSWFTLAB,NSE,EQ,INE915B01019,2026-10-09,360.9,367.0,375.7,350.0,366.1,-1.42,359.51,600512,215887765.15,677796.0,0.89,,344.39,228.2,4.79,58.15,True,44.95,413.1,88.15,-12.64,309.42,270,-1.42,-8.67,-7.06,46.45,140.15,278.98,False
INDTERRAIN,NSE,EQ,INE611L01021,2026-10-09,29.25,29.22,29.5,29.15,29.15,0.34,29.18,10376,302766.14,31575.0,0.33,,29.93,31.52,-2.26,-7.2,False,46.33,40.77,24.87,-28.26,17.61,270,0.34,0.1,-3.47,-7.5,-9.27,-10.77,False
INDUSINDBK,NSE,EQ,INE095A01012,2026-10-09,861.65,868.0,869.35,858.0,864.0,-0.27,863.19,1131803,976956833.55,2385650.0,0.47,,950.99,920.51,-9.39,-6.39,True,30.06,1069.3,739.3,-19.42,16.55,270,-0.27,-2.84,-13.64,-15.18,3.07,17.14,False
INDUSTOWER,NSE,EQ,INE121J01017,2026-10-09,380.85,378.0,382.0,375.0,373.0,2.1,378.77,2726912,1032869970.5,5186396.0,0.53,,381.74,394.71,-0.23,-3.51,False,51.5,477.75,338.55,-20.28,12.49,270,2.1,1.22,2.09,-6.23,-13.63,11.07,False
INFIBEAM,NSE,EQ,INE483S01020,2026-02-02,16.9,16.65,17.03,16.07,16.62,1.68,16.61,12536736,208246532.31,9672834.0,1.3,,16.6,16.86,1.81,0.26,False,60.34,20.12,14.98,-16.0,12.82,101,3.81,6.69,1.44,-13.16,,,False
INFINIUM,NSE,ST,INE0MRE01011,2026-10-09,312.5,321.0,321.0,302.1,313.0,-0.16,311.27,3000,933800.0,8275.0,0.36,,262.81,235.54,18.91,32.68,True,66.5,314.25,191.05,-0.56,63.57,259,-0.16,-0.56,12.63,47.58,49.66,27.03,True
INFLUX,NSE,SM,INE0MYZ01012,2026-10-09,270.35,266.0,272.0,256.15,260.1,3.94,266.05,33000,8779530.0,31920.0,1.03,,277.74,256.14,-2.66,5.55,True,47.46,312.35,169.0,-13.45,59.97,270,3.94,5.61,-4.71,-6.45,17.65,58.66,True
INFOBEAN,NSE,EQ,INE344S01016,2026-10-09,156.19,146.18,164.66,146.11,146.17,6.86,159.23,3935996,626729860.22,349306.0,11.27,,156.1,273.22,0.06,-42.83,False,57.76,1004.9,123.52,-84.46,26.45,270,6.86,8.78,-1.53,-4.34,1.67,-67.0,False
INFOLLION,NSE,SM,INE0NNZ01013,2026-10-09,168.5,168.4,170.0,167.05,170.0,-0.88,169.65,5200,882160.0,12280.0,0.42,,161.18,234.33,4.54,-28.09,False,66.99,464.9,152.0,-63.76,10.86,267,-0.88,9.42,9.42,-1.46,-48.94,-63.13,True
INFOMEDIA,NSE,EQ,INE669A01022,2026-10-09,5.46,5.45,5.58,5.22,5.45,0.18,5.33,15430,82190.33,14970.0,1.03,,5.36,5.64,1.79,-3.23,False,54.74,8.05,4.58,-32.17,19.21,260,0.18,2.63,-1.27,-3.19,-6.67,-10.64,False
INFRA,NSE,EQ,INF769K01QB4,2026-10-09,11.22,11.36,11.36,11.1,11.15,0.63,11.2,17306,193762.04,39594.0,0.44,,11.82,11.82,-5.04,-5.08,False,32.88,12.53,10.2,-10.45,10.0,158,0.63,-1.58,-6.58,-9.15,1.08,,False
INFRABEES,NSE,EQ,INF732E01268,2026-10-09,889.52,881.82,898.0,878.0,881.81,0.87,884.99,5890,5212619.41,10885.0,0.54,,936.4,952.05,-5.01,-6.57,False,31.46,1008.86,881.81,-11.83,0.87,270,0.87,-0.64,-6.1,-8.53,-4.8,-4.46,False
INFRAIETF,NSE,EQ,INF109KC16E5,2026-10-09,88.35,88.52,88.8,87.43,87.61,0.84,88.09,48921,4309504.96,150096.0,0.33,,93.19,94.76,-5.2,-6.77,False,32.09,100.4,87.61,-12.0,0.84,270,0.84,-0.95,-6.76,-9.01,-5.18,-4.63,False
INFY,NSE,EQ,INE009A01021,2026-10-09,1023.4,1007.3,1030.9,1007.3,997.0,2.65,1022.02,14094234,14404647936.8,10425794.0,1.35,,1068.86,1205.84,-4.25,-15.13,False,45.29,1689.8,985.3,-39.44,3.87,270,2.65,-1.12,-5.42,-4.18,-23.98,-29.02,False
INGERRAND,NSE,EQ,INE177A01018,2026-10-09,4026.5,3999.0,4059.1,3955.1,4001.2,0.63,4009.65,7859,31511822.7,18203.0,0.43,,4352.14,4183.89,-7.48,-3.76,True,29.75,4883.5,3124.3,-17.55,28.88,270,0.63,-3.18,-15.08,-9.56,5.95,2.3,False
INM,NSE,SM,INE0OPC01015,2026-10-08,134.0,135.0,135.0,133.0,138.05,-2.93,134.0,3600,482400.0,3870.0,0.93,,159.39,272.34,-15.93,-50.8,False,37.11,667.0,134.0,-79.91,0.0,199,-2.93,-10.67,-18.32,-27.05,-37.09,,True
INNOMET,NSE,ST,INE0S1D01010,2026-10-09,259.6,260.95,261.0,250.1,259.55,0.02,254.66,23400,5958990.0,38370.0,0.61,,248.63,172.05,4.41,50.89,True,41.08,292.35,65.65,-11.2,295.43,268,0.02,-7.29,-10.14,64.88,205.41,57.33,True
INNOVACAP,NSE,EQ,INE0DUT01020,2026-10-09,1110.0,1129.5,1140.0,1104.0,1129.5,-1.73,1116.14,56717,63304239.0,136101.0,0.42,,1114.49,946.25,-0.4,17.31,True,42.05,1297.6,644.75,-14.46,72.16,270,-1.73,-4.97,-5.27,12.19,62.48,30.13,False
INNOVANA,NSE,EQ,INE403Y01018,2026-10-09,301.5,286.0,304.8,280.95,283.2,6.46,289.03,20653,5969337.45,37469.0,0.55,,307.58,358.46,-1.98,-15.89,False,50.7,506.7,283.2,-40.5,6.46,270,6.46,3.89,0.32,-5.81,-20.39,-38.51,False
INNOVISION,NSE,EQ,INE0ADB01012,2026-10-09,252.1,253.15,254.9,249.95,252.85,-0.3,251.65,9774,2459596.0,13966.0,0.7,,264.34,305.63,-4.63,-17.51,False,42.95,376.7,247.25,-33.08,1.96,136,-0.3,-0.36,0.04,-12.86,-20.77,,False
INOXGREEN,NSE,EQ,INE510W01014,2026-10-09,128.92,117.04,135.0,112.0,115.08,12.03,128.17,73589336,9431888861.41,7543371.0,9.76,,167.87,177.2,-23.2,-27.25,False,28.45,272.2,115.08,-52.64,12.03,270,12.03,-18.92,-26.09,-32.74,-17.1,-35.9,False
INOXINDIA,NSE,EQ,INE616N01034,2026-10-09,2056.9,2040.0,2079.0,1980.0,2039.3,0.86,2048.82,142672,292308592.4,334727.0,0.43,,2040.77,1697.29,0.79,21.19,True,48.1,2295.8,1073.4,-10.41,91.62,270,0.86,-5.14,-7.18,3.99,67.01,74.59,False
INOXWIND,NSE,EQ,INE066P01011,2026-10-09,66.65,63.32,67.3,62.78,62.43,6.76,65.72,37432425,2460221207.76,11348330.0,3.3,,74.18,91.66,-10.15,-27.29,False,38.95,157.25,62.43,-57.62,6.76,270,6.76,-3.05,-11.97,-19.32,-22.96,-52.47,False
INSECTICID,NSE,EQ,INE070I01018,2026-10-09,581.3,569.2,585.0,567.65,571.5,1.71,576.56,5085,2931784.2,13031.0,0.39,,608.67,655.02,-4.5,-11.25,False,43.06,765.1,528.4,-24.02,10.01,270,1.71,2.22,-4.74,-11.79,-9.74,-22.38,False
INSPIRE,NSE,SM,INE0NDX01019,2026-10-09,11.35,11.35,11.35,11.35,10.85,4.61,11.35,32000,363200.0,7600.0,4.21,,9.45,12.32,20.1,-7.86,False,72.01,20.5,6.9,-44.63,64.49,173,4.61,26.11,25.41,24.04,-9.92,,True
INSPIRISYS,NSE,EQ,INE020G01017,2026-10-09,84.99,84.0,86.0,83.0,84.39,0.71,84.33,1117,94191.03,4631.0,0.24,,89.99,94.0,-5.55,-9.58,False,45.25,132.05,71.44,-35.64,18.97,270,0.71,1.38,-6.11,-18.45,3.28,-10.52,False
INSURADD,NSE,EQ,INF740KA1ZR8,2026-10-09,14.71,14.59,14.95,14.5,14.45,1.8,14.72,23542151,346520695.21,7857485.0,3.0,,14.61,14.61,0.7,0.69,False,,14.71,14.45,0.0,1.8,3,1.8,,,,,,False
INSUREIETF,NSE,EQ,INF109K1A567,2026-10-09,14.77,14.57,14.93,14.52,14.48,2.0,14.7,20866065,306697919.05,2141282.0,9.74,,15.09,15.49,-2.12,-4.67,False,44.79,15.73,14.48,-6.1,2.0,46,2.0,1.16,-1.4,,,,False
INTEGRITY,NSE,SM,INE0YSH01017,2026-10-09,181.45,189.75,189.75,181.45,191.0,-5.0,187.91,10800,2029380.0,4620.0,2.34,,163.62,133.32,10.9,36.1,True,59.11,191.5,100.05,-5.25,81.36,137,-5.0,1.94,13.41,71.99,81.36,,True
INTELLECT,NSE,EQ,INE306R01017,2026-10-09,584.1,573.15,593.7,572.05,567.35,2.95,584.09,1238813,723581064.55,354844.0,3.49,,662.72,746.52,-11.86,-21.76,False,29.73,1198.0,567.35,-51.24,2.95,270,2.95,-4.39,-15.57,-23.02,-14.77,-40.07,False
INTENTECH,NSE,EQ,INE781A01025,2026-10-09,79.75,80.55,82.0,79.11,82.44,-3.26,80.41,8936,718526.21,24520.0,0.36,,83.37,93.42,-4.34,-14.64,False,45.55,141.08,70.12,-43.47,13.73,270,-3.26,-2.72,0.11,-19.27,-22.41,-36.79,False
INTERARCH,NSE,EQ,INE00M901018,2026-10-09,1700.1,1690.0,1712.0,1666.0,1694.4,0.34,1697.41,42377,71931097.5,46785.0,0.91,,1723.92,1861.82,-1.38,-8.69,False,49.72,2623.4,1632.0,-35.19,4.17,270,0.34,1.99,-3.05,-7.48,-11.55,-11.27,False
INTERNET,NSE,EQ,INF769K01PB6,2026-10-09,13.69,13.47,13.99,13.38,13.43,1.94,13.56,424022,5748094.1,348861.0,1.22,,14.01,13.49,-2.26,1.49,True,43.34,15.03,10.81,-8.92,26.64,270,1.94,3.71,-6.23,0.81,16.31,-1.93,False
INTLCONV,NSE,EQ,INE575C01027,2026-10-09,77.15,80.0,80.5,77.0,79.14,-2.51,79.05,77957,6162720.47,44868.0,1.74,,78.32,80.46,-1.49,-4.12,False,43.48,110.73,60.11,-30.33,28.35,270,-2.51,-3.6,-3.09,-3.72,5.02,-21.88,False
INVENTURE,NSE,EQ,INE878H01024,2026-10-09,0.81,0.83,0.83,0.81,0.81,0.0,0.82,498260,410166.12,728657.0,0.68,,0.89,1.02,-8.96,-20.6,False,23.1,1.51,0.81,-46.36,0.0,270,0.0,-4.71,-11.96,-10.99,-27.03,-46.0,False
INVICTA,NSE,SM,INE0XJ501010,2026-10-09,66.0,66.0,66.0,66.0,66.5,-0.75,66.0,1600,105600.0,8240.0,0.19,,68.69,74.64,-3.92,-11.57,False,43.64,102.75,59.05,-35.77,11.77,190,-0.75,-2.22,-5.58,1.54,-1.12,,True
INVPRECQ,NSE,BE,INE155E01016,2026-10-09,1546.5,1470.0,1550.0,1470.0,1528.9,1.15,1536.51,3727,5726564.1,5452.0,0.68,,1318.07,954.48,17.33,62.02,True,66.25,1612.1,575.5,-4.07,168.72,120,1.15,-3.05,16.73,93.78,,,False
IOB,NSE,EQ,INE565A01014,2026-10-09,30.58,30.48,30.79,30.21,30.48,0.33,30.55,2149589,65668082.17,2810055.0,0.76,,32.44,34.21,-5.72,-10.61,False,34.64,40.67,30.38,-24.81,0.66,270,0.33,0.66,-8.28,-11.57,-11.18,-22.66,False
IOC,NSE,EQ,INE242A01010,2026-10-09,126.35,126.05,127.13,125.64,126.25,0.08,126.26,7316124,923736509.1,8683288.0,0.84,,135.73,143.27,-6.91,-11.81,False,32.85,187.47,126.25,-32.6,0.08,270,0.08,-3.8,-5.95,-9.07,-11.86,-15.65,False
IOLCP,NSE,EQ,INE485C01029,2026-10-09,201.15,206.1,211.0,199.38,205.55,-2.14,204.63,2768843,566595871.87,3780553.0,0.73,,187.95,140.44,7.02,43.23,True,51.02,220.22,68.21,-8.66,194.9,270,-2.14,-3.94,-4.66,17.59,149.75,95.71,False
IONEXCHANG,NSE,EQ,INE570A01022,2026-10-09,390.75,392.15,394.1,383.6,392.15,-0.36,390.35,121644,47483985.4,293115.0,0.42,,406.59,394.9,-3.9,-1.05,True,39.2,468.3,317.25,-16.56,23.17,270,-0.36,-3.85,-9.5,-16.56,6.34,-3.21,False
IPCALAB,NSE,EQ,INE571A01038,2026-10-09,1915.4,1942.9,1952.5,1905.0,1938.4,-1.19,1921.92,94285,181208341.4,257899.0,0.37,,1900.35,1687.7,0.79,13.49,True,44.93,2009.6,1268.7,-4.69,50.97,270,-1.19,-1.43,-2.63,7.13,32.55,43.05,False
IPHL,NSE,SM,INE0DHF01018,2026-10-09,72.0,70.0,72.0,68.5,68.8,4.65,70.7,20400,1442340.0,10860.0,1.88,,69.74,62.48,3.25,15.23,True,51.76,79.25,49.05,-9.15,46.79,263,4.65,-0.89,-6.55,28.57,37.93,32.72,True
IPL,NSE,EQ,INE0D6701023,2026-10-09,128.95,128.79,129.71,127.67,130.03,-0.83,128.75,111265,14325039.81,1622131.0,0.07,,138.12,155.04,-6.64,-16.83,False,37.76,212.23,125.36,-39.24,2.86,270,-0.83,-1.32,-4.23,-18.07,-11.78,-37.8,False
IPRINGLTD,NSE,EQ,INE558A01019,2026-10-09,140.9,138.23,141.0,138.23,138.23,1.93,139.66,2218,309772.33,2207.0,1.0,,141.88,137.55,-0.69,2.43,True,55.1,176.7,134.0,-20.26,5.15,38,1.93,-0.74,-9.1,,,,False
IPSL,NSE,SM,INE02EE01019,2026-10-09,200.0,200.0,200.0,199.95,204.95,-2.42,199.99,2500,499975.0,2525.0,0.99,,227.62,287.16,-12.13,-30.35,False,41.83,385.0,185.9,-48.05,7.58,120,-2.42,-6.98,-23.08,-26.74,,,True
IRB,NSE,EQ,INE821I01022,2026-10-09,17.48,17.81,17.87,17.36,17.53,-0.29,17.56,12226657,214725746.19,17258461.0,0.71,,18.81,25.73,-7.05,-32.08,False,41.26,45.19,16.87,-61.32,3.62,270,-0.29,2.82,-9.19,-13.85,-16.52,-57.56,False
IRBINVIT,NSE,BL,INE183W23014,2026-09-30,63.29,63.18,63.36,63.18,98.92,-36.02,63.3,55555555,3516571393.56,55555555.0,1.0,,63.29,63.29,0.0,0.0,False,,63.29,63.29,0.0,0.0,1,,,,,,,False
IRCON,NSE,EQ,INE962Y01021,2026-10-09,104.56,103.8,105.12,102.67,103.29,1.23,104.17,1958162,203977579.97,6819442.0,0.29,,116.07,134.78,-9.91,-22.42,False,39.91,182.6,102.47,-42.74,2.04,270,1.23,-5.16,-10.55,-20.4,-22.14,-38.85,False
IRCTC,NSE,EQ,INE335Y01020,2026-10-09,458.8,450.4,464.8,448.4,449.85,1.99,459.22,1257448,577445758.55,828617.0,1.52,,475.17,539.38,-3.45,-14.94,False,44.61,730.65,449.85,-37.21,1.99,270,1.99,1.04,-2.89,-8.83,-14.48,-34.49,False
IREDA,NSE,EQ,INE202E01016,2026-10-09,104.4,103.86,105.07,103.6,103.8,0.58,104.38,3140513,327818140.81,5124457.0,0.61,,113.72,123.9,-8.2,-15.74,False,33.85,155.57,103.8,-32.89,0.58,270,0.58,-5.95,-6.95,-17.41,-14.75,-29.79,False
IRFC,NSE,EQ,INE053F01010,2026-10-09,74.7,74.3,75.2,74.06,74.3,0.54,74.8,10148242,759120069.57,9858649.0,1.03,,82.5,95.91,-9.45,-22.12,False,29.36,133.64,74.3,-44.1,0.54,270,0.54,-3.06,-8.9,-16.91,-24.48,-39.52,False
IRIS,NSE,EQ,INE864K01010,2026-10-09,214.82,212.68,220.49,212.52,212.68,1.01,215.3,28227,6077228.69,17637.0,1.6,,238.27,257.92,-9.84,-16.71,False,35.26,376.4,210.91,-42.93,1.85,270,1.01,-4.57,-15.65,-16.56,-13.18,-30.15,False
IRISDOREME,NSE,EQ,INE01GN01025,2026-10-09,59.81,58.8,61.98,57.12,58.71,1.87,59.88,886583,53088901.39,752894.0,1.18,,57.99,45.57,3.14,31.24,True,47.25,66.26,27.83,-9.73,114.91,270,1.87,-1.08,-2.94,34.92,83.64,89.87,False
IRMENERGY,NSE,EQ,INE07U701015,2026-10-09,255.8,258.05,259.25,254.0,256.0,-0.08,256.04,33007,8451068.15,52205.0,0.63,,271.02,270.03,-5.61,-5.27,True,34.68,368.55,176.06,-30.59,45.29,270,-0.08,-0.74,-9.37,-2.92,31.73,-30.53,False
ISFT,NSE,BE,INE566K01011,2026-10-09,100.05,95.6,101.5,93.55,98.35,1.73,99.53,26133,2601097.4,130239.0,0.2,,90.1,85.46,11.04,17.07,True,58.0,107.63,55.11,-7.04,81.55,270,1.73,2.19,21.51,28.5,44.77,1.61,False
ISGEC,NSE,EQ,INE858B01029,2026-10-09,909.7,920.0,935.0,900.1,918.4,-0.95,916.19,108132,99069833.55,122207.0,0.88,,846.39,885.53,7.48,2.73,False,63.68,1094.95,694.5,-16.92,30.99,270,-0.95,-1.09,16.27,0.83,-1.32,3.61,False
ISHAN,NSE,SM,INE0LCW01025,2026-10-09,0.45,0.45,0.45,0.45,0.45,0.0,0.45,96000,43200.0,165600.0,0.58,,0.51,0.64,-12.05,-29.29,False,39.98,0.95,0.45,-52.63,0.0,228,0.0,-10.0,-10.0,-25.0,-35.71,,True
ISHANCH,NSE,EQ,INE561M01018,2026-10-09,45.3,47.45,47.45,44.03,46.44,-2.45,45.67,21631,987804.68,28673.0,0.75,,48.61,55.02,-6.81,-17.67,False,39.83,81.97,43.23,-44.74,4.79,270,-2.45,-4.23,2.21,-17.91,-17.46,-27.25,False
ISTLTD,NSE,EQ,INE684B01029,2026-10-09,625.7,639.0,655.0,612.0,628.25,-0.41,622.86,578,360012.95,622.0,0.93,,653.21,662.33,-4.21,-5.53,False,38.58,683.9,610.5,-8.51,2.49,38,-0.41,-1.46,-4.0,,,,False
IT,NSE,EQ,INF174KA1GC5,2026-10-09,31.73,30.14,31.98,30.14,30.76,3.15,31.68,832173,26365321.82,397369.0,2.09,,32.35,33.97,-1.9,-6.59,False,47.71,43.17,28.62,-26.5,10.87,270,3.15,1.86,-4.63,2.32,-8.48,-13.38,False
ITADD,NSE,EQ,INF740KA1SX1,2026-10-09,30.37,29.67,30.61,29.5,29.53,2.84,30.18,62657,1891131.58,100807.0,0.62,,30.93,32.9,-1.81,-7.68,False,47.67,41.25,27.35,-26.38,11.04,202,2.84,1.98,-4.47,2.36,-8.66,,False
ITALIANE,NSE,SM,INE0R7R01018,2026-10-08,28.0,28.2,28.2,28.0,28.2,-0.71,28.05,8000,224400.0,5300.0,1.51,,32.09,33.44,-12.73,-16.28,False,34.71,48.3,24.1,-42.03,16.18,204,-0.71,-9.68,-18.6,-19.77,10.24,,True
ITAXIS,NSE,EQ,INF846K01Y96,2026-10-09,313.86,310.38,316.99,302.81,310.38,1.12,314.12,115525,36289176.94,12102.0,9.55,,320.64,313.56,-2.11,0.1,True,45.88,349.5,299.09,-10.2,4.94,69,1.12,1.31,-4.7,1.77,,,False
ITBEES,NSE,EQ,INF204KB15V2,2026-10-09,31.84,31.0,31.94,30.75,30.8,3.38,31.69,17610279,558123369.69,10465662.0,1.68,,32.38,34.02,-1.65,-6.41,False,48.56,43.29,28.63,-26.45,11.21,270,3.38,1.47,-4.3,2.58,-8.43,-13.36,False
ITBETA,NSE,EQ,INF789F1AZD8,2026-10-09,293.8,296.0,301.9,288.57,291.6,0.75,298.82,1401,418652.47,796.0,1.76,,306.94,327.34,-4.28,-10.25,False,39.01,407.52,271.02,-27.91,8.41,195,0.75,-1.17,-6.73,-0.17,-11.08,,False
ITC,NSE,EQ,INE154A01025,2026-10-09,266.0,255.45,268.05,255.1,255.0,4.31,264.0,31030528,8191918968.5,19253774.0,1.61,,269.41,302.94,-1.26,-12.2,False,50.45,421.6,255.0,-36.91,4.31,270,4.31,3.95,0.95,-5.59,-12.05,-33.76,False
ITCHOTELS,NSE,EQ,INE379A01028,2026-10-09,154.52,155.3,157.76,154.3,154.63,-0.07,155.37,1783964,277171632.24,1652734.0,1.08,,160.99,173.34,-4.02,-10.86,False,41.61,224.26,137.87,-31.1,12.08,270,-0.07,-2.52,-1.48,-17.45,1.7,-32.01,False
ITDC,NSE,EQ,INE353K01014,2026-10-09,658.2,663.0,669.6,655.25,661.55,-0.51,662.34,70374,46611431.65,1056438.0,0.07,,668.43,620.43,-1.53,6.09,True,46.4,793.9,370.5,-17.09,77.65,270,-0.51,-1.11,3.13,-8.18,49.2,14.61,False
ITDCEM,NSE,EQ,INE686A01026,2025-09-16,826.2,797.95,832.9,793.5,794.35,4.01,821.36,1233985,1013549365.55,633808.0,1.95,,739.78,728.4,11.68,13.43,True,,826.2,724.15,0.0,14.09,8,4.01,5.39,,,,,False
ITETF,NSE,EQ,INF769K01KV5,2026-10-09,30.35,29.31,30.49,29.3,29.4,3.23,30.27,693859,21001588.83,446433.0,1.55,,30.89,32.44,-1.74,-6.43,False,48.22,41.33,27.3,-26.57,11.17,270,3.23,1.44,-4.26,2.4,-8.61,-13.24,False
ITETFADD,NSE,EQ,INF740KA1SX1,2025-12-12,39.96,40.62,40.62,39.61,39.87,0.23,39.91,6847,273285.67,43785.0,0.16,,38.26,36.89,4.46,8.31,True,63.34,40.49,34.98,-1.31,14.24,68,0.23,-1.31,4.2,7.05,,,False
ITI,NSE,EQ,INE248A01017,2026-10-09,240.13,238.2,241.85,236.53,237.18,1.24,239.35,120588,28862581.55,213145.0,0.57,,262.78,282.53,-8.62,-15.01,False,34.0,356.65,237.18,-32.67,1.24,270,1.24,-0.58,-11.13,-17.27,-9.98,-20.38,False
ITIETF,NSE,EQ,INF109KC16I6,2026-10-09,31.87,31.55,31.99,30.77,30.79,3.51,31.72,905841,28734630.14,753395.0,1.2,,32.38,34.01,-1.58,-6.3,False,48.84,43.27,28.64,-26.35,11.28,270,3.51,2.57,-4.12,2.74,-8.47,-13.23,False
ITL,NSE,EQ,INE478D01014,2026-10-09,364.4,390.0,390.0,350.1,364.85,-0.12,362.16,1563,566062.9,1658.0,0.94,,351.01,331.11,3.82,10.05,True,56.58,372.8,317.85,-2.25,14.65,38,-0.12,4.71,-1.42,,,,False
ITTL,NSE,ST,INE070Y01023,2026-10-09,60.7,60.7,60.7,60.7,60.7,0.0,60.7,105,6373.5,346.0,0.3,,70.43,88.27,-13.81,-31.23,False,27.06,126.95,60.7,-52.19,0.0,190,0.0,-2.02,-12.35,-39.99,-41.66,,True
IVALUE,NSE,EQ,INE056801025,2026-10-09,232.43,230.02,235.0,226.21,227.52,2.16,231.16,130805,30236551.24,180429.0,0.72,,243.9,257.26,-4.7,-9.65,False,48.41,326.8,212.6,-28.88,9.33,256,2.16,6.0,-1.22,-24.03,-4.04,-16.69,False
IVC,NSE,EQ,INE050B01023,2026-10-09,7.86,7.85,8.5,7.7,7.87,-0.13,7.91,190794,1509759.24,381032.0,0.5,,8.27,8.13,-4.91,-3.36,True,41.04,10.28,6.24,-23.54,25.96,270,-0.13,0.64,-21.56,-3.44,9.32,-2.36,False
IVP,NSE,BE,INE043C01018,2026-10-09,220.31,222.99,223.95,213.02,220.34,-0.01,217.69,17018,3704634.64,14714.0,1.16,,203.89,173.64,8.05,26.88,True,54.88,230.81,111.87,-4.55,96.93,270,-0.01,-2.0,1.54,33.51,63.24,42.56,False
IVZBANKNF,NSE,EQ,INF205KA1CB9,2026-10-08,54.6,55.21,57.2,54.23,55.21,-1.1,54.99,811,44597.69,3910.0,0.21,,56.25,57.08,-2.93,-4.35,False,38.26,57.72,53.49,-5.41,2.08,33,-1.1,2.08,-4.29,,,,False
IVZINGOLD,NSE,EQ,INF205KA1BP1,2026-10-09,129.9,129.0,130.5,128.55,127.75,1.68,129.8,64185,8331041.85,58239.0,1.1,,276.25,3927.44,-52.98,-96.69,False,41.13,15439.9,120.9,-99.16,7.44,270,1.68,1.48,-2.26,4.55,-99.01,-98.71,False
IVZINNIFTY,NSE,EQ,INF205KA1CC7,2026-10-09,259.2,262.97,262.97,256.2,256.56,1.03,259.37,2290,593951.07,1107.0,2.07,,617.18,1808.82,-58.0,-85.67,False,10.74,2996.03,256.56,-91.35,1.03,256,1.03,0.27,-4.66,-90.66,-90.52,-90.83,False
IVZSENSEX,NSE,EQ,INF205KA1CA1,2026-10-09,72.79,70.06,73.3,70.06,71.86,1.29,72.4,804,58210.62,2459.0,0.33,,75.29,76.94,-3.33,-5.4,False,40.23,79.2,71.86,-8.09,1.29,34,1.29,1.14,-3.98,,,,False
IWARE,NSE,ST,INE1AII01014,2026-10-09,349.3,352.0,355.0,342.05,360.05,-2.99,344.47,36000,12400830.0,15150.0,2.38,,410.19,343.88,-14.84,1.58,True,25.67,530.8,126.9,-34.19,175.26,269,-2.99,-9.97,-23.16,-17.37,45.94,174.39,True
IWP,NSE,EQ,INE586E01020,2026-10-09,35.97,36.02,37.4,34.2,36.02,-0.14,35.6,18190,647484.27,84915.0,0.21,,35.15,34.02,2.34,5.74,True,50.61,40.96,32.34,-12.18,11.22,120,-0.14,-1.34,3.66,7.86,,,False
IXIGO,NSE,EQ,INE0HV901016,2026-10-09,150.75,154.33,154.65,149.5,153.96,-2.08,150.57,1974978,297365189.42,1298183.0,1.52,,167.39,193.03,-9.94,-21.9,False,34.24,335.55,150.75,-55.07,0.0,270,-2.08,-6.89,-11.3,-27.24,-15.61,-43.16,False
IZMO,NSE,EQ,INE848A01014,2026-10-09,858.25,880.0,880.0,850.7,861.4,-0.37,862.64,63439,54724935.65,107287.0,0.59,,908.12,871.61,-5.49,-1.53,True,41.52,1156.5,597.55,-25.79,43.63,270,-0.37,0.27,-7.43,-15.02,18.19,-29.49,False
J&KBANK,NSE,EQ,INE168A01041,2026-10-09,138.23,135.83,139.08,135.54,135.5,2.01,137.33,1951857,268043702.85,2081322.0,0.94,,147.65,138.11,-6.38,0.09,True,38.01,192.65,98.09,-28.25,40.92,270,2.01,-1.25,-5.99,-28.25,12.03,31.61,False
JAGRAN,NSE,EQ,INE199G01027,2026-10-09,61.49,61.71,61.89,61.11,61.42,0.11,61.48,69668,4283263.14,148666.0,0.47,,62.38,65.02,-1.43,-5.44,False,44.65,78.2,59.85,-21.37,2.74,270,0.11,-0.1,-1.68,-3.79,-6.85,-14.51,False
JAGSNPHARM,NSE,EQ,INE048B01035,2026-10-09,225.6,228.64,232.4,224.5,231.7,-2.63,227.6,50851,11573569.51,584972.0,0.09,,231.87,219.34,-2.71,2.85,True,41.95,243.97,161.07,-7.53,40.06,270,-2.63,-2.65,-5.1,-3.08,16.99,2.89,False
JAIBALAJI,NSE,EQ,INE091G01026,2026-10-09,68.4,68.8,69.5,66.02,68.61,-0.31,68.16,992053,67619082.24,669886.0,1.48,,65.96,70.81,3.7,-3.41,False,58.34,100.35,54.14,-31.84,26.34,270,-0.31,10.82,0.8,3.54,9.06,-27.52,False
JAICORPLTD,NSE,EQ,INE070D01027,2026-10-09,86.03,86.46,87.42,84.21,86.52,-0.57,85.47,329027,28120422.77,378866.0,0.87,,97.03,111.84,-11.34,-23.08,False,27.8,170.32,86.03,-49.49,0.0,270,-0.57,-3.92,-12.48,-22.66,-17.41,-38.32,False
JAINAM,NSE,SM,INE02KC01010,2026-10-06,211.55,200.0,211.55,200.0,201.5,4.99,205.78,1000,205775.0,1925.0,0.52,,226.88,250.3,-6.76,-15.48,False,46.09,315.0,173.0,-32.84,22.28,131,4.99,7.39,-9.98,-13.3,-29.31,,True
JAINIK,NSE,ST,INE0XIL01012,2026-10-09,183.0,185.0,185.0,178.6,188.0,-2.66,180.08,12000,2160900.0,18000.0,0.67,,191.77,161.6,-4.57,13.24,True,38.3,217.0,103.85,-15.67,76.22,255,-2.66,-2.03,-15.1,18.83,67.89,50.06,True
JAINREC,NSE,EQ,INE0YD401026,2026-10-09,288.7,289.1,291.35,278.75,281.05,2.72,285.81,867711,248003868.7,1742414.0,0.5,,299.37,346.99,-3.56,-16.8,False,49.69,571.5,272.75,-49.48,5.85,252,2.72,2.19,-2.65,-15.25,-35.09,,False
JAIPURKURT,NSE,EQ,INE696V01013,2026-10-09,29.59,33.0,33.0,29.0,32.4,-8.67,30.19,120119,3626122.27,80622.0,1.49,,26.8,29.71,10.41,-0.39,False,62.3,41.13,24.49,-28.06,20.82,270,-8.67,11.7,15.09,4.85,-0.1,-20.76,False
JAKHARIA,NSE,ST,INE00N401018,2026-09-17,59.5,59.5,59.5,59.5,60.0,-0.83,59.5,55200,3284400.0,7916.0,6.97,,105.89,100.23,-43.81,-40.63,True,38.64,173.6,59.5,-65.73,0.0,19,-0.83,-64.02,,,,,True
JALAN,NSE,ST,INE349X01015,2026-10-09,1.55,1.55,1.55,1.55,1.6,-3.13,1.55,9000,13950.0,37200.0,0.24,,1.76,2.54,-11.82,-38.88,False,34.15,5.2,1.55,-70.19,0.0,225,-3.13,-6.06,-16.22,-31.11,-55.71,,True
JAMNAAUTO,NSE,EQ,INE039C01032,2026-10-09,142.67,148.0,148.87,142.0,147.95,-3.57,144.83,2217616,321185494.88,3935378.0,0.56,,132.14,125.99,7.97,13.24,True,58.54,151.77,91.21,-6.0,56.42,270,-3.57,8.36,10.67,4.47,17.84,41.78,False
JARO,NSE,EQ,INE00YJ01010,2026-10-09,405.0,405.0,408.35,397.7,404.0,0.25,403.88,97211,39261913.75,121234.0,0.8,,449.35,500.25,-9.87,-19.04,False,32.1,787.2,387.3,-48.55,4.57,253,0.25,-0.83,-8.25,-22.23,-7.46,-45.58,False
JASH,NSE,EQ,INE039O01029,2026-10-09,560.95,569.95,582.65,552.0,565.85,-0.87,563.48,266390,150105120.4,1107824.0,0.24,,531.33,480.9,5.58,16.65,True,52.73,598.4,339.7,-6.26,65.13,270,-0.87,-2.66,8.15,5.29,36.82,19.41,False
JAYAGROGN,NSE,EQ,INE785A01026,2026-10-09,212.86,210.0,215.11,209.8,208.96,1.87,213.04,8719,1857465.46,23510.0,0.37,,224.61,216.88,-5.23,-1.85,True,41.51,258.18,149.77,-17.55,42.12,270,1.87,0.78,-14.53,-4.3,10.82,-6.81,False
JAYBARMARU,NSE,EQ,INE571B01036,2026-10-09,126.68,129.75,129.75,124.5,128.0,-1.03,126.63,603495,76418146.35,516938.0,1.17,,128.69,121.68,-1.56,4.11,True,52.01,199.18,75.65,-36.4,67.46,270,-1.03,-3.15,8.74,-32.53,42.1,17.21,False
JAYBEE,NSE,SM,INE0SMY01017,2026-10-09,89.4,86.5,93.0,86.5,87.0,2.76,90.55,21500,1946800.0,41025.0,0.52,,88.9,103.87,0.57,-13.93,False,49.99,207.4,71.85,-56.89,24.43,270,2.76,-3.19,9.02,-7.21,-28.02,-55.54,True
JAYESH,NSE,SM,INE1AE401014,2026-10-09,136.15,134.0,138.0,134.0,131.0,3.93,136.14,16000,2178250.0,18650.0,0.86,,133.53,141.4,1.96,-3.71,False,57.36,185.8,111.95,-26.72,21.62,203,3.93,18.08,-2.68,-6.71,-4.12,,True
JAYKAY,NSE,EQ,INE903A01025,2026-10-09,230.5,242.0,246.05,228.84,240.24,-4.05,234.34,998954,234092962.97,2166840.0,0.46,,185.77,177.08,24.08,30.16,True,62.57,263.45,118.31,-12.51,94.83,210,-4.05,14.41,44.18,24.47,47.54,,False
JAYKAY-RE1,NSE,BE,INE903A20025,2026-09-15,83.54,83.5,87.1,81.06,87.07,-4.05,83.68,107174,8968128.78,120496.0,0.89,,77.85,76.53,7.31,9.16,True,,89.89,76.05,-7.06,9.85,6,-4.05,9.85,,,,,False
JAYNECOIND,NSE,EQ,INE854B01010,2026-10-09,91.4,92.25,92.81,90.27,91.48,-0.09,91.38,1979706,180914055.84,2705226.0,0.73,,91.92,87.27,-0.56,4.73,True,48.95,115.24,66.28,-20.69,37.9,270,-0.09,0.13,0.79,-0.09,13.3,35.81,False
JAYSREETEA,NSE,EQ,INE364A01020,2026-10-09,81.95,83.08,83.08,81.1,82.32,-0.45,81.96,15269,1251397.58,30965.0,0.49,,89.17,88.71,-8.1,-7.62,True,33.89,106.57,72.02,-23.1,13.79,270,-0.45,-2.03,-13.2,-1.72,-0.58,-12.19,False
JBCHEPHARM,NSE,EQ,INE572A01036,2026-07-16,2408.9,2506.0,2525.5,2380.0,2506.0,-3.87,2418.56,4779224,11558843166.8,637284.0,7.5,,2259.7,2027.54,6.6,18.81,True,60.96,2506.0,1656.7,-3.87,45.4,211,-3.87,-1.46,9.85,21.59,24.62,,False
JBMA,NSE,EQ,INE927D01051,2026-10-09,528.6,530.0,534.55,523.25,526.6,0.38,528.9,141965,75085311.2,259856.0,0.55,,603.44,622.66,-12.4,-15.11,False,26.79,728.1,486.2,-27.4,8.72,270,0.38,-2.95,-14.1,-22.8,-8.9,-21.13,False
JCHAC,NSE,EQ,INE782A01015,2025-12-23,1432.2,1444.5,1460.9,1425.9,1444.4,-0.84,1437.2,9149,13148909.6,18448.0,0.5,,1604.91,1691.74,-10.76,-15.34,False,31.78,1766.5,1395.2,-18.92,2.65,75,-0.84,-5.01,-18.29,-18.37,,,False
JENBURPH,NSE,EQ,INE354A01013,2026-10-09,947.1,963.0,963.0,944.25,954.2,-0.74,949.48,924,877316.3,2980.0,0.31,,989.11,1027.42,-4.25,-7.82,False,45.57,1054.4,891.4,-10.18,6.25,38,-0.74,3.48,-8.92,,,,False
JETFREIGHT,NSE,EQ,INE982V01025,2026-10-09,19.63,18.81,19.85,18.81,19.03,3.15,19.3,60638,1170570.58,270888.0,0.22,,21.07,19.85,-6.84,-1.09,True,41.39,24.8,12.18,-20.85,61.17,270,3.15,0.2,-3.01,-4.62,11.28,49.62,False
JETKNIT,NSE,ST,INE564T01017,2026-08-27,48.45,48.45,48.45,48.45,50.95,-4.91,48.45,750,36337.5,750.0,1.0,,87.85,99.29,-44.85,-51.2,False,0.0,104.0,48.45,-53.41,0.0,16,-4.91,-22.42,,,,,True
JEYYAM,NSE,SM,INE0RXB01022,2026-10-09,22.0,21.75,22.0,21.75,21.75,1.15,21.88,4000,87500.0,47400.0,0.08,,22.66,32.59,-2.92,-32.49,False,52.66,71.75,20.0,-69.34,10.0,266,1.15,10.0,-0.45,-8.52,-32.41,-60.75,True
JFL-RE,NSE,ST,INE0LA920015,2026-03-18,0.1,0.1,0.1,0.1,0.15,-33.33,0.1,84000,8400.0,63000.0,1.33,,0.15,0.15,-32.45,-33.11,False,,0.15,0.1,-33.33,0.0,2,-33.33,,,,,,True
JFLLIFE,NSE,SM,INE0LA901015,2026-10-07,10.25,10.2,10.25,10.2,9.8,4.59,10.22,12000,122700.0,23100.0,0.52,,10.66,11.23,-3.81,-8.71,False,47.26,14.7,8.55,-30.27,19.88,213,4.59,2.5,-4.65,12.02,-10.48,,True
JGCHEM,NSE,EQ,INE0MB501011,2026-10-09,630.75,638.7,650.95,625.3,638.7,-1.24,639.14,206108,131732584.1,482685.0,0.43,,590.35,487.86,6.84,29.29,True,53.06,665.45,305.2,-5.21,106.67,270,-1.24,3.35,3.2,38.22,77.83,54.22,False
JHS,NSE,BE,INE544H01014,2026-10-09,9.55,9.3,9.98,9.15,9.63,-0.83,9.42,172341,1623450.33,629070.0,0.27,,8.87,9.01,7.66,5.99,False,52.34,13.56,6.55,-29.57,45.8,270,-0.83,-18.38,19.82,25.82,11.31,-11.98,False
JINDALPHOT,NSE,EQ,INE796G01012,2026-10-09,1021.6,1043.8,1043.8,1020.0,1021.2,0.04,1022.81,899,919510.6,6502.0,0.14,,1057.19,1131.21,-3.37,-9.69,False,39.69,1555.5,981.7,-34.32,4.06,270,0.04,-0.99,0.6,-10.86,-9.85,-7.19,False
JINDALPOLY,NSE,EQ,INE197D01010,2026-10-09,646.8,640.0,658.0,631.05,635.05,1.85,639.64,8049,5148480.2,51513.0,0.16,,671.39,649.84,-3.66,-0.47,True,42.28,1007.6,367.2,-35.81,76.14,270,1.85,-1.06,-5.41,-9.95,-23.89,18.04,False
JINDALSAW,NSE,EQ,INE324A01032,2026-10-09,269.6,269.05,272.45,264.7,270.2,-0.22,268.85,1252076,336618819.65,1510613.0,0.83,,281.02,244.85,-4.06,10.11,True,39.93,317.5,154.64,-15.09,74.34,270,-0.22,-0.26,-12.35,-2.25,34.77,32.93,False
JINDALSTEL,NSE,EQ,INE749A01030,2026-10-09,1016.7,1014.7,1029.2,1006.1,1010.0,0.66,1017.06,1388342,1412033979.5,1048388.0,1.32,,1114.89,1118.45,-8.81,-9.1,False,29.55,1288.8,986.0,-21.11,3.11,270,0.66,-7.61,-10.53,-3.29,-16.19,-4.42,False
JINDRILL,NSE,EQ,INE742C01031,2026-10-09,572.35,576.05,584.95,570.1,575.8,-0.6,577.25,83583,48248481.05,665740.0,0.13,,605.44,584.44,-5.47,-2.07,True,40.46,678.0,445.3,-15.58,28.53,270,-0.6,-2.6,-15.58,-5.09,8.58,-3.71,False
JINDWORLD,NSE,EQ,INE247D01039,2026-10-09,42.62,42.7,43.62,42.15,42.94,-0.75,42.91,1502196,64457835.16,6853364.0,0.22,,43.61,35.46,-2.26,20.19,True,39.85,58.52,18.1,-27.17,135.47,270,-0.75,-6.98,-23.25,45.11,76.63,20.7,False
JIOFIN,NSE,EQ,INE758E01017,2026-10-09,214.62,211.0,215.75,210.75,211.0,1.72,213.91,13554417,2899479700.5,13282313.0,1.02,,230.8,249.64,-7.01,-14.03,False,35.64,314.9,211.0,-31.85,1.72,270,1.72,1.0,-7.95,-11.3,-13.06,-26.8,False
JISLDVREQS,NSE,EQ,IN9175A01010,2026-10-09,19.55,19.0,20.5,18.52,18.71,4.49,19.13,25675,491131.3,21526.0,1.19,,20.76,23.43,-5.84,-16.55,False,43.55,33.93,18.71,-42.38,4.49,270,4.49,4.49,-9.91,-16.67,-14.63,-40.38,False
JISLJALEQS,NSE,EQ,INE175A01038,2026-10-09,27.02,26.9,27.39,26.63,27.02,0.0,27.02,2218856,59950886.97,4307932.0,0.52,,29.13,33.82,-7.24,-20.11,False,40.26,53.27,26.49,-49.28,2.0,270,0.0,-1.03,-13.17,-15.64,-14.95,-48.58,False
JITFINFRA,NSE,EQ,INE863T01013,2026-10-09,268.25,275.9,275.9,265.1,269.55,-0.48,269.49,15241,4107274.9,20312.0,0.75,,297.67,317.06,-9.88,-15.39,False,35.57,412.55,225.75,-34.98,18.83,270,-0.48,-2.61,-12.48,-17.49,-16.2,-22.57,False
JIWANRAM,NSE,SM,INE0N5H01017,2026-10-08,3.9,4.0,4.0,3.9,4.05,-3.7,3.98,24000,95400.0,28800.0,0.83,,4.62,5.72,-15.55,-31.79,False,38.5,8.3,3.9,-53.01,0.0,194,-3.7,-11.36,-17.89,-30.36,-29.09,,True
JKCEMENT,NSE,EQ,INE823G01014,2026-10-09,4874.0,4970.0,4974.0,4853.5,4966.5,-1.86,4911.3,39703,194993232.0,57095.0,0.7,,5114.02,5437.45,-4.69,-10.36,False,42.67,6725.0,4701.0,-27.52,3.68,270,-1.86,-1.58,-2.33,-9.72,-12.42,-22.63,False
JKIL,NSE,EQ,INE576I01022,2026-10-09,431.45,434.3,436.65,425.0,432.15,-0.16,431.59,83948,36231403.2,68281.0,1.23,,476.41,511.4,-9.44,-15.63,False,25.63,658.95,427.7,-34.52,0.88,270,-0.16,-6.58,-11.7,-13.83,-9.05,-32.26,False
JKIPL,NSE,EQ,INE1FF001016,2026-10-09,113.4,103.48,113.82,99.01,103.48,9.59,111.12,105309,11701945.23,18572.0,5.67,,99.22,96.3,14.3,17.76,True,71.04,122.67,47.49,-7.56,138.79,251,9.59,17.5,17.51,16.03,107.27,,False
JKLAKSHMI,NSE,EQ,INE786A01032,2026-10-09,467.3,469.0,476.0,464.85,470.0,-0.57,467.31,121018,56553443.5,132984.0,0.91,,520.54,622.49,-10.23,-24.93,False,29.65,872.75,466.8,-46.46,0.11,270,-0.57,-1.95,-6.31,-16.74,-25.23,-45.5,False
JKPAPER,NSE,EQ,INE789E01012,2026-10-09,365.5,369.15,372.75,360.55,367.35,-0.5,364.56,315900,115163055.65,416978.0,0.76,,393.3,378.2,-7.07,-3.36,True,33.54,430.6,306.4,-15.12,19.29,270,-0.5,-4.47,-11.99,0.03,6.11,-5.19,False
JKTYRE,NSE,EQ,INE573A01042,2026-10-09,333.4,331.0,334.75,327.0,330.25,0.95,331.95,277241,92030843.4,509721.0,0.54,,361.92,395.36,-7.88,-15.67,False,35.37,604.9,330.25,-44.88,0.95,270,0.95,-2.04,-8.43,-18.74,-21.12,-6.78,False
JLHL,NSE,EQ,INE682M01020,2026-10-09,255.7,247.1,257.3,247.1,247.1,3.48,253.95,81734,20756150.0,208725.0,0.39,,409.99,918.13,-37.63,-72.15,False,25.26,1595.2,247.1,-83.97,3.48,270,3.48,-1.6,-9.76,-82.44,-79.02,-83.19,False
JMA,NSE,EQ,INE412C01023,2026-10-09,85.48,86.79,87.3,85.0,86.79,-1.51,85.68,16448,1409207.58,10750.0,1.53,,89.32,88.19,-4.3,-3.07,True,40.29,97.14,70.99,-12.0,20.41,270,-1.51,-2.46,-4.11,-5.33,5.08,-5.68,False
JMFINANCIL,NSE,EQ,INE780C01023,2026-10-09,117.82,121.04,122.17,116.9,120.6,-2.31,118.86,2691543,319911061.18,2142202.0,1.26,,125.92,133.77,-6.43,-11.93,False,35.54,177.95,113.61,-33.79,3.71,270,-2.31,-4.52,-8.29,-5.45,-8.6,-26.22,False
JNKINDIA,NSE,EQ,INE0OAF01028,2026-10-09,424.35,431.25,434.9,417.0,426.2,-0.43,423.14,94181,39851632.9,156269.0,0.6,,433.42,382.41,-2.09,10.97,True,46.74,545.95,203.78,-22.27,108.24,270,-0.43,-1.93,-3.67,-16.69,57.35,51.99,False
JNPR,NSE,EQ,INE05C901015,2026-10-09,275.25,277.15,278.45,270.5,274.45,0.29,275.41,407817,112316405.0,765570.0,0.53,,264.87,260.98,3.92,5.47,True,52.02,280.65,239.16,-1.92,15.09,45,0.29,2.61,4.22,,,,False
JOCIL,NSE,EQ,INE839G01010,2026-10-09,144.2,144.0,147.35,142.65,146.44,-1.53,144.83,486,70386.49,3574.0,0.14,,147.62,144.45,-2.31,-0.17,True,43.94,164.29,93.7,-12.23,53.9,270,-1.53,-0.7,-12.23,-2.6,26.98,-6.43,False
JPASSOCIAT,NSE,BE,INE455F01025,2026-03-17,2.42,2.42,2.42,2.42,2.54,-4.72,2.42,3361941,8135897.22,5190666.0,0.65,,3.01,3.29,-19.64,-26.41,False,34.5,4.2,2.32,-42.38,4.31,61,-4.72,-0.41,-28.4,,,,False
JPOLYINVST,NSE,EQ,INE147P01019,2026-10-09,936.4,870.0,945.0,870.0,878.2,6.63,912.51,6814,6217815.55,4592.0,1.48,,980.37,1029.04,-4.48,-9.0,False,46.97,1415.6,869.0,-33.85,7.76,270,6.63,2.79,-5.84,-13.87,-18.16,-2.24,False
JPPOWER,NSE,EQ,INE351F01018,2026-10-09,14.53,14.31,14.62,14.12,14.31,1.54,14.41,37604579,541879560.13,67921286.0,0.55,,16.18,17.14,-10.17,-15.21,False,32.44,22.87,13.37,-36.47,8.68,270,1.54,-1.82,-11.89,-14.63,-11.62,-16.64,False
JSFB,NSE,EQ,INE953L01027,2026-10-09,489.35,484.1,502.7,484.1,482.3,1.46,495.47,590922,292782942.8,926268.0,0.64,,517.93,483.67,-5.52,1.17,True,41.49,584.85,341.85,-16.33,43.15,270,1.46,1.44,-9.35,3.22,21.65,2.31,False
JSIPL,NSE,EQ,INE1DLO01028,2026-10-09,167.84,165.1,174.95,161.01,175.88,-4.57,167.46,4432023,742193651.5,1660819.0,2.67,,140.17,129.99,19.74,29.11,True,,195.42,126.0,-14.11,33.21,12,-4.57,-0.58,,,,,False
JSL,NSE,EQ,INE220G01021,2026-10-09,709.05,710.0,714.45,702.9,705.6,0.49,707.38,260251,184097652.4,986231.0,0.26,,732.7,739.16,-3.23,-4.07,False,41.47,865.65,661.9,-18.09,7.12,270,0.49,-3.23,-4.02,-1.03,-5.89,-3.89,False
JSLL,NSE,EQ,INE0J5801029,2026-10-09,385.15,381.0,388.8,359.75,381.25,1.02,373.55,3255837,1216215815.65,1014022.0,3.21,,505.87,597.47,-23.86,-35.54,False,21.04,812.1,381.25,-52.57,1.02,270,1.02,-19.89,-23.8,-35.05,-41.25,-51.78,False
JSWCEMENT,NSE,EQ,INE718I01012,2026-10-09,112.43,112.91,113.03,110.73,112.97,-0.48,111.96,1238038,138615622.96,1919177.0,0.65,,120.71,126.75,-6.86,-11.3,False,34.28,142.29,108.02,-20.99,4.08,270,-0.48,0.74,-7.56,-18.66,-11.25,-18.46,False
JSWDULUX,NSE,EQ,INE133A01011,2026-10-09,3005.1,2990.0,3029.5,2978.1,2989.1,0.54,3004.1,12749,38299318.8,35210.0,0.36,,3089.81,3055.02,-2.74,-1.63,True,42.19,3291.8,2889.9,-8.71,3.99,123,0.54,-0.51,-5.33,2.44,,,False
JSWENERGY,NSE,EQ,INE121E01018,2026-10-09,462.3,467.15,468.9,461.0,466.85,-0.97,463.32,1015759,470622179.0,1678770.0,0.61,,520.61,527.81,-11.2,-12.41,False,27.41,602.05,440.05,-23.21,5.06,270,-0.97,-4.68,-12.19,-16.47,-7.92,-12.91,False
JSWHL,NSE,EQ,INE824G01012,2026-10-09,11346.0,11213.0,11379.0,11120.0,11158.0,1.68,11233.89,38141,428471850.0,9385.0,4.06,,11437.59,13404.65,-0.8,-15.36,False,51.35,22165.0,10655.0,-48.81,6.49,270,1.68,0.78,-1.05,0.87,-9.22,-30.43,False
JSWINFRA,NSE,EQ,INE880J01026,2026-10-09,338.75,335.0,342.55,333.0,333.75,1.5,338.62,3524783,1193549623.15,5050741.0,0.7,,340.11,310.07,-0.4,9.25,True,45.17,367.6,234.31,-7.85,44.57,270,1.5,-5.23,2.03,2.64,32.88,7.45,False
JSWSTEEL,NSE,EQ,INE019A01038,2026-10-09,1168.0,1185.0,1192.0,1163.3,1175.2,-0.61,1171.89,1084351,1270737067.3,1580504.0,0.69,,1265.77,1236.15,-7.72,-5.51,True,31.04,1341.0,1079.3,-12.9,8.22,270,-0.61,-5.27,-9.97,-6.21,-2.2,2.21,False
JTEKTINDIA,NSE,EQ,INE643A01035,2026-10-09,111.75,112.42,114.08,111.3,113.1,-1.19,112.28,106844,11996244.68,108991.0,0.98,,122.64,133.76,-8.88,-16.45,False,30.45,166.41,111.75,-32.85,0.0,270,-1.19,-3.53,-7.86,-22.88,-16.11,-31.51,False
JTLIND,NSE,EQ,INE391J01032,2026-10-09,83.98,85.4,85.85,81.63,83.81,0.2,83.88,4169556,349735710.92,3220497.0,1.29,,84.05,75.95,-0.09,10.58,True,45.45,92.4,40.8,-9.11,105.83,270,0.2,-2.61,-6.22,7.61,43.53,23.25,False
JUBLCPL,NSE,EQ,INE03CC01015,2026-10-09,1906.8,1930.0,1952.4,1875.0,1927.2,-1.06,1905.43,5201,9910162.1,8363.0,0.62,,2066.29,2071.77,-7.72,-7.96,False,35.53,2645.2,1483.0,-27.91,28.58,270,-1.06,-6.41,-12.44,-8.76,8.17,-17.65,False
JUBLFOOD,NSE,EQ,INE797F01020,2026-10-09,422.75,428.0,431.65,421.25,427.6,-1.13,424.91,1804965,766950987.25,1450153.0,1.24,,467.25,489.01,-9.52,-13.55,False,31.92,628.45,412.3,-32.73,2.53,270,-1.13,-4.66,-12.0,-3.49,-2.98,-31.53,False
JUBLINGREA,NSE,EQ,INE0BY001018,2026-10-09,625.8,621.0,628.55,612.3,620.3,0.89,622.23,309836,192788700.4,322047.0,0.96,,666.87,677.41,-6.16,-7.62,False,40.16,763.8,541.3,-18.07,15.61,270,0.89,-1.91,-7.33,-13.36,-0.67,-2.12,False
JUBLPHARMA,NSE,EQ,INE700A01033,2026-10-09,931.9,940.4,950.0,917.6,932.2,-0.03,927.75,123186,114285911.1,249392.0,0.49,,977.99,976.27,-4.71,-4.55,True,36.13,1181.2,807.65,-21.11,15.38,270,-0.03,-6.74,-6.6,-3.35,6.18,-13.66,False
JUNIORBEES,NSE,EQ,INF732E01045,2026-10-09,738.11,738.3,740.28,730.25,734.61,0.48,736.83,428420,315673197.07,392229.0,1.09,,774.55,761.93,-4.71,-3.13,True,31.61,809.0,651.9,-8.76,13.22,270,0.48,-1.26,-6.28,-5.59,3.44,1.13,False
JUNIPER,NSE,EQ,INE696F01016,2026-10-09,214.58,211.81,216.86,211.81,215.33,-0.35,214.17,63859,13676968.25,177809.0,0.36,,211.82,218.5,1.3,-1.8,False,49.11,286.3,189.94,-25.05,12.97,270,-0.35,-0.19,-0.54,7.87,0.52,-23.81,False
JUSTDIAL,NSE,EQ,INE599M01018,2026-10-09,648.05,630.0,652.05,630.0,631.65,2.6,644.43,126838,81738815.3,107848.0,1.18,,664.78,654.04,-2.52,-0.92,True,42.94,860.95,490.7,-24.73,32.07,270,2.6,-0.78,-6.65,14.89,14.53,-21.85,False
JWL,NSE,EQ,INE209L01016,2026-10-09,214.4,215.0,218.75,213.2,216.43,-0.94,214.92,684668,147147530.36,1978984.0,0.35,,238.33,267.17,-10.04,-19.75,False,31.99,347.55,214.4,-38.31,0.0,270,-0.94,-4.26,-11.55,-16.51,-21.36,-36.1,False
JYOTHYLAB,NSE,EQ,INE668F01031,2026-10-09,187.94,187.45,188.58,183.7,186.29,0.89,186.02,281120,52292636.94,370292.0,0.76,,196.19,225.42,-4.2,-16.63,False,44.09,321.1,180.93,-41.47,3.87,270,0.89,2.75,-3.42,-6.28,-16.4,-40.38,False
JYOTICNC,NSE,EQ,INE980O01024,2026-10-09,999.7,1010.0,1028.0,983.2,1009.9,-1.01,1000.93,492521,492979694.9,1167502.0,0.42,,972.93,870.39,2.75,14.86,True,46.73,1113.85,585.5,-10.25,70.74,270,-1.01,-3.14,-3.62,25.5,23.46,17.63,False
JYOTIGLOBL,NSE,SM,INE1M3T01017,2026-10-09,37.2,39.5,39.5,35.55,39.5,-5.82,36.21,182000,6590600.0,40500.0,4.49,,42.33,44.58,-12.11,-16.56,False,35.7,69.35,28.2,-46.36,31.91,245,-5.82,-17.24,-12.06,-2.11,-4.25,,True
JYOTIRES,NSE,EQ,INE577D01013,2026-10-09,839.1,838.0,850.0,834.65,836.65,0.29,842.01,5333,4490418.25,7454.0,0.72,,851.45,855.04,-1.45,-1.86,False,47.5,903.65,832.9,-7.14,0.74,38,0.29,-0.18,-3.99,,,,False
JYOTISTRUC,NSE,EQ,INE197A01024,2026-10-09,8.93,8.85,9.09,8.75,8.75,2.06,8.93,3686282,32936851.44,5183482.0,0.71,,9.86,11.32,-9.47,-21.09,False,41.35,15.33,7.97,-41.75,12.05,270,2.06,0.34,-14.3,-23.74,-23.87,-40.31,False
K2INFRA,NSE,SM,INE0DEZ01013,2026-10-09,40.55,41.5,42.25,40.55,40.4,0.37,41.85,12600,527310.0,23850.0,0.53,,47.11,53.57,-13.93,-24.3,False,37.41,78.3,39.1,-48.21,3.71,270,0.37,-5.48,-11.94,-34.6,-24.98,-36.74,True
KABRAEXTRU,NSE,BE,INE900B01029,2026-10-09,795.9,770.0,808.0,761.0,771.05,3.22,785.13,59300,46558460.55,294373.0,0.2,,633.73,406.52,25.59,95.79,True,60.65,863.15,182.58,-7.79,335.92,270,3.22,4.0,21.24,170.39,263.71,207.48,False
KAJARIACER,NSE,EQ,INE217B01036,2026-10-09,1215.4,1206.3,1230.0,1204.0,1210.6,0.4,1213.7,233411,283290887.1,503386.0,0.46,,1211.96,1156.33,0.28,5.11,True,49.62,1261.6,883.65,-3.66,37.54,270,0.4,-0.79,-2.78,-0.21,14.77,4.17,False
KAKATCEM,NSE,EQ,INE437B01014,2026-10-09,99.03,103.0,103.01,97.05,102.33,-3.22,100.27,4235,424635.06,1816.0,2.33,,110.26,119.68,-10.19,-17.25,False,30.41,148.82,85.08,-33.46,16.4,270,-3.22,-3.94,-10.9,-13.62,-2.43,-31.63,False
KALAMANDIR,NSE,EQ,INE438K01021,2026-10-09,75.14,74.3,75.38,73.72,74.3,1.13,74.62,271674,20271915.04,496054.0,0.55,,83.3,105.52,-9.79,-28.79,False,37.03,200.35,74.3,-62.5,1.13,270,1.13,1.04,-11.98,-25.64,-20.73,-50.34,False
KALANA,NSE,SM,INE0T0L01014,2026-10-09,17.95,18.55,18.55,17.95,17.95,0.0,18.31,10000,183100.0,10500.0,0.95,,19.67,23.32,-8.72,-23.03,False,41.27,42.65,15.25,-57.91,17.7,234,0.0,0.0,-11.36,-7.95,-8.42,,True
KALPATARU,NSE,EQ,INE227J01012,2026-10-09,260.9,264.6,265.45,259.0,259.9,0.38,261.44,21897,5724785.15,66043.0,0.33,,276.87,308.29,-5.77,-15.37,False,38.77,397.05,255.45,-34.29,2.13,270,0.38,-4.61,-4.13,-9.43,-13.29,-30.18,False
KALYANI,NSE,BE,INE610E01010,2026-08-28,144.99,144.99,144.99,144.99,138.09,5.0,144.99,250,36247.5,250.0,1.0,,144.99,144.99,0.0,0.0,False,,144.99,144.99,0.0,0.0,1,,,,,,,False
KALYANIFRG,NSE,BE,INE314G01014,2026-10-09,860.95,886.0,886.0,846.5,887.4,-2.98,857.87,2138,1834132.3,3186.0,0.67,,859.42,718.07,0.18,19.9,True,42.62,1125.25,533.9,-23.49,61.26,270,-2.98,-8.87,-11.76,37.79,45.37,30.47,False
KALYANKJIL,NSE,EQ,INE303R01014,2026-10-09,554.0,556.1,559.95,550.05,553.5,0.09,553.86,3811128,2110843087.6,6915957.0,0.55,,564.78,498.36,-1.91,11.16,True,43.79,634.6,330.8,-12.7,67.47,270,0.09,4.82,-9.57,16.35,24.34,21.95,False
KAMAHOLD,NSE,EQ,INE411F01010,2026-10-09,2242.2,2262.5,2262.5,2222.2,2227.6,0.66,2241.02,859,1925032.1,3807.0,0.23,,2341.01,2466.56,-4.22,-9.1,False,42.78,2720.6,2199.6,-17.58,1.94,120,0.66,-0.92,-3.3,-13.55,,,False
KAMANWALA,NSE,EQ,INE344D01018,2026-10-09,16.5,16.5,17.0,16.5,17.0,-2.94,16.5,2083,34375.19,2886.0,0.72,,16.03,14.51,2.96,13.69,True,65.01,18.63,13.55,-11.43,21.77,36,-2.94,-2.37,-0.54,,,,False
KAMATHOTEL,NSE,EQ,INE967C01018,2026-10-09,251.05,255.0,257.0,243.62,251.72,-0.27,249.16,74158,18477283.9,96734.0,0.77,,220.87,211.04,13.67,18.96,True,62.51,325.85,143.06,-22.96,75.49,270,-0.27,5.73,8.13,32.84,44.37,-14.88,False
KAMDHENU,NSE,EQ,INE390H01020,2026-10-09,36.47,36.71,37.23,35.68,36.71,-0.65,36.36,1146557,41689369.33,1047717.0,1.09,,36.82,30.82,-0.96,18.34,True,41.27,42.48,17.29,-14.15,110.93,270,-0.65,-2.98,-9.39,10.45,69.0,30.02,False
KAMOPAINTS,NSE,EQ,INE0BTI01037,2026-10-09,4.06,4.13,4.13,4.02,4.08,-0.49,4.05,155064,628238.24,205957.0,0.75,,4.38,5.29,-7.34,-23.28,False,32.94,8.79,3.64,-53.81,11.54,270,-0.49,-0.98,-8.76,-17.14,-24.25,-52.4,False
KANANIIND,NSE,EQ,INE879E01037,2026-10-09,1.3,1.3,1.31,1.29,1.3,0.0,1.3,97242,126506.81,127984.0,0.76,,1.44,1.56,-9.57,-16.49,False,30.78,1.98,1.06,-34.34,22.64,270,0.0,-2.99,-15.03,-16.13,-25.71,-32.64,False
KANCHI,NSE,EQ,INE081G01019,2026-10-09,369.4,375.0,377.4,365.0,366.25,0.86,369.39,228,84221.9,1507.0,0.15,,384.41,387.01,-3.9,-4.55,False,40.19,448.2,339.9,-17.58,8.68,120,0.86,-2.74,-8.55,2.54,,,False
KANCOTEA,NSE,EQ,INE398L01017,2026-10-09,54.85,49.5,54.85,49.5,52.93,3.63,52.02,21,1092.35,303.0,0.07,,53.17,51.11,3.16,7.31,True,50.57,56.85,48.48,-3.52,13.14,38,3.63,3.49,-1.86,,,,False
KANDARP,NSE,SM,INE0MOT01016,2026-10-09,63.7,61.8,63.7,58.4,61.45,3.66,61.15,6000,366900.0,17950.0,0.33,,83.81,109.34,-23.99,-41.74,False,36.14,161.95,57.0,-60.67,11.75,250,3.66,6.79,-34.33,-38.66,-55.14,,True
KANOHAR,NSE,EQ,INE877D01025,2026-10-09,1137.3,1163.0,1163.8,1094.0,1183.25,-3.88,1130.03,10750937,12148924829.15,10496219.0,1.02,,841.71,777.68,35.12,46.24,True,80.54,1183.25,751.5,-3.88,51.34,17,-3.88,25.48,,,,,False
KANORICHEM,NSE,BE,INE138C01024,2026-10-09,174.21,182.0,182.4,170.21,177.5,-1.85,173.71,13631,2367792.96,60003.0,0.23,,167.44,123.98,4.04,40.51,True,46.51,202.55,56.14,-13.99,210.31,270,-1.85,-7.84,9.63,27.71,150.37,116.28,False
KANPRPLA,NSE,EQ,INE694E01014,2026-10-09,239.17,236.01,244.0,236.01,236.96,0.93,240.91,4182,1007485.09,23180.0,0.18,,243.64,217.93,-1.83,9.74,True,44.16,277.19,156.77,-13.72,52.56,270,0.93,-2.6,-1.21,20.28,29.81,19.54,False
KANSAINER,NSE,EQ,INE531A01024,2026-10-09,181.29,181.05,183.49,178.31,180.75,0.3,180.16,144130,25965820.44,309510.0,0.47,,190.82,205.67,-4.99,-11.85,False,44.84,256.85,159.07,-29.42,13.97,270,0.3,3.43,-6.26,-10.54,-3.65,-26.72,False
KAPSTON,NSE,EQ,INE542Z01028,2026-10-09,539.3,539.7,548.95,536.0,542.4,-0.57,540.72,37336,20188254.35,207868.0,0.18,,532.04,420.55,1.37,28.24,True,45.02,588.4,246.67,-8.34,118.63,270,-0.57,-0.56,-5.99,29.86,91.07,118.78,False
KARAMTARA,NSE,EQ,INE590T01012,2026-10-09,405.9,400.7,412.85,372.45,393.8,3.07,392.53,3461243,1358629233.65,7561206.0,0.46,,368.21,356.61,10.24,13.82,True,66.36,438.8,352.0,-7.5,15.31,16,3.07,-1.23,,,,,False
KARMAENG,NSE,EQ,INE725L01011,2026-10-09,33.99,34.51,35.0,33.91,34.51,-1.51,34.06,7373,251103.61,16266.0,0.45,,38.35,42.62,-11.38,-20.26,False,30.86,63.34,33.99,-46.34,0.0,270,-1.51,-6.44,-8.58,-13.47,-14.77,-41.54,False
KARNIKA,NSE,SM,INE0MGA01012,2026-10-09,125.4,125.0,131.85,122.05,124.0,1.13,126.04,185000,23316900.0,44750.0,4.13,,120.05,128.86,4.45,-2.69,False,60.63,186.0,96.9,-32.58,29.41,262,1.13,1.37,3.17,4.72,15.95,-33.65,True
KARURVYSYA,NSE,EQ,INE036D01028,2026-10-09,339.9,328.0,342.65,328.0,329.2,3.25,338.77,2923419,990380929.7,1969350.0,1.48,,329.09,301.37,3.29,12.79,True,59.54,354.35,209.18,-4.08,62.49,270,3.25,4.49,-0.37,11.21,20.83,61.16,False
KATARIA,NSE,ST,INE0SVY01018,2026-10-09,153.45,160.0,160.0,153.45,161.5,-4.98,154.94,27600,4276260.0,20460.0,1.35,,132.08,111.77,16.18,37.3,True,59.66,163.8,85.5,-6.32,79.47,259,-4.98,-3.55,14.0,51.93,53.45,52.84,True
KAUSHALYA,NSE,BE,INE234I01028,2026-10-09,838.0,801.0,838.0,790.0,820.25,2.16,801.72,107,85783.65,113.0,0.95,,863.53,940.95,-2.96,-10.94,False,47.02,1273.5,755.2,-34.2,10.96,270,2.16,0.48,-1.56,-18.99,-1.74,-24.84,False
KAVDEFENCE,NSE,BE,INE641C01019,2026-10-09,92.19,93.0,98.2,90.11,93.66,-1.57,94.69,391429,37063429.55,642756.0,0.61,,71.43,69.26,29.06,33.12,True,71.72,147.36,51.79,-37.44,78.01,270,-1.57,18.8,42.66,46.68,58.05,-40.57,False
KAYA,NSE,BE,INE587G01015,2026-10-09,300.0,302.9,304.5,290.2,299.95,0.02,297.2,4303,1278846.1,10991.0,0.39,,311.22,312.26,-3.61,-3.93,False,42.01,466.9,227.1,-35.75,32.1,270,0.02,0.62,-15.73,24.13,14.41,-33.92,False
KAYNES,NSE,EQ,INE918Z01012,2026-10-09,3264.0,3259.9,3290.7,3200.1,3233.0,0.96,3253.06,595137,1936016989.7,1064123.0,0.56,,3528.68,3976.36,-7.5,-17.91,False,36.68,7593.0,3001.0,-57.01,8.76,270,0.96,-3.97,-9.58,-2.16,-16.55,-53.72,False
KAYTEX,NSE,SM,INE13ZD01013,2026-10-09,55.7,58.0,58.0,55.55,57.15,-2.54,56.8,8000,454400.0,3800.0,2.11,,57.7,67.15,-3.46,-17.06,False,45.34,104.65,52.7,-46.77,5.69,263,-2.54,0.54,0.63,-7.78,-1.94,-48.43,True
KCEIL,NSE,SM,INE0RCG01017,2026-10-09,77.15,76.05,77.35,76.05,76.75,0.52,76.77,11000,844500.0,17475.0,0.63,,81.26,112.08,-5.05,-31.17,False,46.01,258.75,74.3,-70.18,3.84,269,0.52,-2.83,0.06,-12.82,-34.59,-64.23,True
KCK,NSE,ST,INE0J1E01027,2026-10-09,15.95,15.55,16.15,15.5,15.75,1.27,15.94,112500,1793250.0,131125.0,0.86,,14.92,18.85,6.92,-15.39,False,64.41,43.95,11.8,-63.71,35.17,267,1.27,13.12,5.98,3.24,12.32,-48.38,True
KCP,NSE,EQ,INE805C01028,2026-10-09,152.23,151.51,153.4,150.0,152.67,-0.29,151.84,59923,9098575.62,108557.0,0.55,,159.94,167.48,-4.82,-9.11,False,37.75,203.76,125.6,-25.29,21.2,270,-0.29,-1.26,-6.09,-10.77,-2.19,-21.72,False
KCPSUGIND,NSE,BE,INE790B01024,2026-10-09,23.65,23.95,23.95,22.91,23.93,-1.17,23.21,261017,6058903.52,134433.0,1.94,,28.51,27.45,-17.06,-13.83,True,23.45,34.81,21.63,-32.06,9.34,270,-1.17,-11.46,-25.7,7.7,-4.6,-23.26,False
KDDL,NSE,EQ,INE291D01011,2026-10-09,3759.2,3874.7,3941.9,3740.0,3873.2,-2.94,3798.19,30288,115039476.7,35959.0,0.84,,3792.24,3129.9,-0.87,20.11,True,41.4,4251.9,2026.0,-11.59,85.55,270,-2.94,-3.89,-5.21,15.62,62.22,40.78,False
KDGREEN,NSE,EQ,INE348N01042,2026-10-09,49.49,49.88,50.4,47.41,48.76,1.5,49.39,105213,5196614.09,56775.0,1.85,,49.99,51.19,-0.99,-3.32,False,40.25,51.81,46.61,-4.48,6.18,25,1.5,5.84,4.5,,,,False
KDL,NSE,SM,INE0O4R01018,2026-10-09,36.65,36.65,36.65,36.65,38.55,-4.93,36.65,7950,291367.5,9908.0,0.8,,78.41,122.75,-53.26,-70.14,False,13.85,227.95,36.65,-83.92,0.0,270,-4.93,-22.35,-59.61,-68.46,-71.58,-83.83,True
KEC,NSE,EQ,INE389H01022,2026-10-09,369.85,360.0,384.0,349.5,349.6,5.79,371.6,16496749,6130271009.85,1907324.0,8.65,,415.08,530.96,-10.9,-30.34,False,38.65,862.2,349.6,-57.1,5.79,270,5.79,-0.67,-8.84,-26.74,-34.84,-57.63,False
KECL,NSE,EQ,INE134B01017,2026-10-09,121.37,125.0,125.0,119.5,123.13,-1.43,121.31,112381,13633300.8,145413.0,0.77,,125.15,117.63,-3.02,3.18,True,45.57,150.21,77.31,-19.2,56.99,270,-1.43,0.78,0.19,5.37,23.63,7.36,False
KEEPLEARN,NSE,EQ,INE055C01020,2026-10-09,1.74,1.81,1.85,1.66,1.84,-5.43,1.73,77621,134382.35,38392.0,2.02,,1.87,2.06,-7.17,-15.41,False,37.69,3.0,1.54,-42.0,12.99,270,-5.43,-5.43,-8.9,-6.95,-11.68,-37.41,False
KEI,NSE,EQ,INE878B01027,2026-10-09,4585.0,4610.0,4626.9,4534.9,4580.0,0.11,4582.18,172610,790929599.2,389585.0,0.44,,4892.58,4834.11,-6.29,-5.15,True,42.92,5873.0,3805.2,-21.93,20.49,270,0.11,1.84,-2.39,-10.96,1.73,12.87,False
KEL,NSE,SM,INE0OWX01025,2026-08-05,81.55,80.4,82.0,80.4,85.85,-5.01,81.5,7200,586800.0,7320.0,0.98,,81.82,88.66,-0.33,-8.02,False,51.12,129.2,63.3,-36.88,28.83,177,-5.01,3.23,4.55,4.48,-36.88,,True
KELLTONTEC,NSE,EQ,INE164B01030,2026-10-09,11.97,11.9,12.1,11.8,11.83,1.18,11.95,1168359,13959110.43,2058111.0,0.57,,13.55,15.97,-11.66,-25.04,False,28.09,23.99,11.83,-50.1,1.18,270,1.18,-3.62,-12.56,-22.07,-18.68,-49.85,False
KEN,NSE,SM,INE15DO01012,2026-10-09,41.4,41.6,42.1,41.4,41.15,0.61,41.7,3600,150120.0,15840.0,0.23,,40.26,39.95,2.82,3.63,True,51.02,50.85,31.35,-18.58,32.06,261,0.61,3.5,7.53,20.0,12.5,-15.51,True
KENNAMET,NSE,EQ,INE717A01029,2026-10-09,4165.7,4115.1,4197.4,4056.3,4115.1,1.23,4139.53,11738,48589850.9,36071.0,0.33,,4005.76,3220.37,3.99,29.35,True,48.67,5027.9,2462.0,-17.15,69.2,120,1.23,-2.61,-10.5,48.12,,,False
KERNEX,NSE,EQ,INE202H01019,2026-10-09,1736.3,1748.7,1766.5,1705.2,1700.5,2.11,1735.26,133086,230938345.1,145120.0,0.92,,1817.69,1641.45,-4.48,5.78,True,48.26,2549.2,857.0,-31.89,102.6,270,2.11,5.65,0.25,-19.52,52.13,70.03,False
KESORAMIND,NSE,EQ,INE087A01019,2026-10-09,11.06,10.5,11.61,10.5,10.56,4.73,11.19,1288988,14423614.31,636375.0,2.03,,11.37,10.39,-2.73,6.46,True,47.63,13.92,4.69,-20.55,135.82,270,4.73,3.08,-2.38,6.65,-2.9,103.31,False
KEYFINSERV,NSE,EQ,INE681C01015,2026-10-09,244.0,238.0,244.49,233.18,238.0,2.52,239.18,137,32767.64,845.0,0.16,,247.45,261.46,-1.4,-6.68,False,51.03,360.0,223.7,-32.22,9.07,270,2.52,-0.02,-2.5,-7.81,-9.05,0.83,False
KFINTECH,NSE,EQ,INE138Y01010,2026-10-09,842.35,839.0,859.9,837.0,838.2,0.5,849.8,812371,690348926.8,586098.0,1.39,,897.2,937.5,-6.11,-10.15,False,37.82,1174.8,805.6,-28.3,4.56,270,0.5,1.24,-8.94,-6.52,-8.38,-19.91,False
KHADIM,NSE,BE,INE834I01025,2026-10-09,115.15,110.7,115.15,110.7,112.9,1.99,114.98,29558,3398534.75,29633.0,1.0,,112.64,128.42,2.23,-10.33,False,49.03,268.25,78.59,-57.07,46.52,270,1.99,1.54,-2.68,14.59,30.39,-55.05,False
KHAICHEM,NSE,EQ,INE745B01028,2026-10-09,48.13,48.73,48.73,47.26,47.6,1.11,47.94,55113,2641882.88,164411.0,0.34,,51.33,62.43,-6.24,-22.9,False,37.79,127.37,43.24,-62.21,11.31,270,1.11,-2.21,-8.9,-6.69,-13.34,-60.64,False
KHAITANLTD,NSE,EQ,INE731C01018,2026-10-09,145.75,148.99,148.99,141.0,148.99,-2.17,143.15,625,89466.39,2555.0,0.24,,147.37,131.32,-1.1,10.99,True,45.39,162.87,90.55,-10.51,60.96,270,-2.17,-0.98,-9.47,11.26,39.05,12.05,False
KHANDSE,NSE,EQ,INE060B01014,2026-10-09,17.17,17.5,17.5,16.91,17.21,-0.23,17.2,168,2889.05,2776.0,0.06,,17.42,18.36,-1.43,-6.5,False,47.36,23.5,12.5,-26.94,37.36,270,-0.23,2.45,-5.66,-3.21,14.54,-27.25,False
KHERIAAUTO,NSE,SM,INE0HOL01013,2026-10-09,88.35,92.0,92.0,87.95,92.6,-4.59,89.08,38400,3420540.0,228545.0,0.17,,100.23,102.27,-11.85,-13.61,False,,103.05,88.35,-14.26,0.0,11,-4.59,-8.45,,,,,True
KHFM,NSE,SM,INE00UG01014,2026-10-01,41.95,41.95,41.95,41.95,40.45,3.71,41.95,1550,65022.5,8448.0,0.18,,46.83,57.95,-10.42,-27.62,False,44.7,79.5,40.15,-47.23,4.48,212,3.71,-3.45,-11.59,-28.84,-39.2,,True
KICL,NSE,EQ,INE029L01018,2026-10-09,4820.6,4919.0,4919.0,4720.8,4692.0,2.74,4796.68,663,3180195.8,1500.0,0.44,,5045.99,5042.66,-4.47,-4.4,True,44.36,6298.9,4025.0,-23.47,19.77,270,2.74,2.71,-6.29,-13.24,6.82,-1.84,False
KILITCH,NSE,EQ,INE729D01010,2026-10-09,241.61,242.5,253.99,236.2,244.3,-1.1,245.46,61595,15119042.05,83093.0,0.74,,202.25,227.2,19.46,6.34,False,66.3,400.25,124.45,-39.64,94.14,270,-1.1,10.57,28.6,31.96,84.53,-28.51,False
KIMS,NSE,EQ,INE967H01025,2026-10-09,705.5,685.0,714.9,682.5,687.15,2.67,704.4,514123,362150342.0,625181.0,0.82,,763.58,745.63,-7.61,-5.38,True,34.09,850.65,582.1,-17.06,21.2,270,2.67,-4.18,-7.72,-13.42,6.2,0.76,False
KINGFA,NSE,EQ,INE473D01015,2026-10-09,6611.0,6888.0,6888.0,6564.5,6804.0,-2.84,6676.44,11588,77366580.0,17201.0,0.67,,6046.53,5225.37,9.34,26.52,True,60.55,6932.5,3758.7,-4.64,75.89,270,-2.84,0.37,9.51,28.46,55.52,45.48,False
KIOCL,NSE,EQ,INE880L01014,2026-10-09,358.75,350.0,365.4,346.25,350.55,2.34,356.55,205716,73348179.25,93545.0,2.2,,359.67,378.11,-0.26,-5.12,False,54.96,627.6,296.9,-42.84,20.83,270,2.34,10.78,-4.87,-5.83,1.95,-15.48,False
KIRANVYPAR,NSE,EQ,INE555P01013,2026-10-09,195.58,195.3,198.89,185.0,199.19,-1.81,194.72,6635,1291991.08,10456.0,0.63,,197.18,193.22,-0.81,1.22,True,49.45,218.79,151.86,-10.61,28.79,119,-1.81,9.13,-3.81,0.98,,,False
KIRIINDUS,NSE,EQ,INE415I01015,2026-10-09,544.25,543.5,550.5,537.1,542.55,0.31,544.18,228923,124574687.1,652681.0,0.35,,508.06,470.25,7.12,15.74,True,53.42,725.3,338.3,-24.96,60.88,270,0.31,-0.06,-7.46,40.34,37.11,-1.87,False
KIRLFER,NSE,EQ,INE884B01025,2026-10-09,458.7,464.65,467.75,452.25,464.65,-1.28,461.72,138783,64078888.65,110757.0,1.25,,463.04,447.87,-0.94,2.42,True,43.03,498.05,413.85,-7.9,10.84,120,-1.28,-1.53,-0.26,-2.01,,,False
KIRLOSBROS,NSE,EQ,INE732A01036,2026-10-09,1690.1,1669.0,1695.4,1640.0,1667.2,1.37,1676.56,37480,62837473.2,74681.0,0.5,,1809.45,1790.27,-6.6,-5.6,True,38.59,2073.3,1339.1,-18.48,26.21,270,1.37,-4.38,-8.81,-12.0,10.61,-12.42,False
KIRLOSENG,NSE,EQ,INE146L01010,2026-10-09,2210.4,2171.4,2223.6,2107.6,2163.0,2.19,2178.84,298993,651458342.6,724521.0,0.41,,2170.67,1823.61,1.83,21.21,True,51.1,2563.6,869.55,-13.78,154.2,270,2.19,-1.44,-2.75,-11.3,50.84,140.57,False
KIRLOSIND,NSE,EQ,INE250A01039,2026-10-09,3512.3,3473.2,3550.0,3461.0,3473.1,1.13,3498.07,2877,10063959.0,40214.0,0.07,,3655.01,3540.76,-3.9,-0.8,True,41.25,4313.4,2472.4,-18.57,42.06,270,1.13,1.18,-4.49,-15.04,18.13,-10.61,False
KIRLPNU,NSE,EQ,INE811A01038,2026-10-09,667.25,672.0,680.0,657.0,670.3,-0.46,665.24,61968,41223301.6,117829.0,0.53,,905.0,1199.1,-26.27,-44.35,False,28.85,2091.5,667.25,-68.1,0.0,270,-0.46,-2.16,-10.44,-62.59,-42.95,-44.55,False
KISSHT,NSE,EQ,INE12F801023,2026-10-09,369.1,373.65,376.3,367.0,372.15,-0.82,371.05,609163,226030883.7,1861224.0,0.33,,334.7,277.17,10.28,33.17,True,60.5,383.1,196.07,-3.65,88.25,107,-0.82,-0.55,11.51,15.06,,,False
KITEX,NSE,EQ,INE602G01020,2026-10-09,115.01,116.0,117.0,113.11,115.11,-0.09,114.68,228868,26246708.56,363038.0,0.63,,127.07,152.19,-9.49,-24.43,False,37.18,222.82,115.01,-48.38,0.0,270,-0.09,-1.43,-9.51,-25.0,-31.76,-38.38,False
KJMCFIN,NSE,EQ,INE533C01018,2026-10-09,57.05,57.69,57.69,55.7,57.69,-1.11,57.28,880,50410.07,894.0,0.98,,60.99,60.03,-6.46,-4.97,True,47.85,79.7,55.35,-28.42,3.07,38,-1.11,-2.28,-8.78,,,,False
KKCL,NSE,EQ,INE401H01017,2026-10-09,460.1,489.9,489.9,453.3,472.5,-2.62,464.82,102733,47752338.25,36529.0,2.81,,488.9,491.08,-5.89,-6.31,False,36.66,561.3,413.05,-18.03,11.39,270,-2.62,-3.27,-8.26,-7.82,-1.59,-12.69,False
KKJEWELS,NSE,SM,INE0XOW01017,2026-10-09,110.2,98.0,114.05,98.0,95.05,15.94,109.5,323000,35369700.0,31400.0,10.29,,100.6,100.25,9.55,9.93,True,62.88,116.65,81.15,-5.53,35.8,256,15.94,13.73,13.49,9.11,13.67,8.62,True
KKVAPOW,NSE,SM,INE239T01016,2026-10-06,290.1,290.1,290.1,290.1,305.0,-4.89,290.1,342,99214.2,351.0,0.98,,499.15,584.7,-41.88,-50.39,False,16.77,693.0,290.1,-58.14,0.0,41,-4.89,-18.28,-52.75,,,,True
KLBRENG-B,NSE,EQ,INE338F01015,2026-10-09,503.25,502.1,519.2,500.6,500.15,0.62,507.99,129719,65896575.3,305320.0,0.42,,471.33,480.05,6.77,4.83,False,56.4,530.1,346.9,-5.07,45.07,120,0.62,-3.95,9.47,11.07,,,False
KLL,NSE,ST,INE0Q2V01012,2026-10-09,42.1,40.2,42.25,40.2,40.25,4.6,41.99,10400,436720.0,102560.0,0.1,,32.6,38.1,29.15,10.5,False,65.42,68.75,21.3,-38.76,97.65,262,4.6,10.79,75.05,36.47,12.12,-40.16,True
KMCSHIL,NSE,EQ,INE879K01018,2026-10-09,169.77,177.48,181.93,168.1,177.28,-4.24,174.12,327242,56978631.6,1297120.0,0.25,,152.65,145.61,11.22,16.59,True,58.14,183.22,132.8,-7.34,27.84,38,-4.24,-1.26,23.39,,,,False
KMEW,NSE,EQ,INE0CJD01029,2026-10-09,3207.8,3256.7,3338.0,3115.6,3256.7,-1.5,3237.36,267896,867276742.2,154468.0,1.73,,2835.52,2364.81,13.13,35.65,True,63.34,3707.3,1443.1,-13.47,122.29,270,-1.5,8.74,7.44,32.95,85.48,33.64,False
KMSUGAR,NSE,BE,INE157H01023,2026-10-09,26.11,25.9,26.5,25.45,25.81,1.16,26.0,51469,1338117.34,257058.0,0.2,,29.26,28.29,-10.77,-7.71,True,38.07,35.3,23.51,-26.03,11.06,270,1.16,-5.88,-13.86,-6.98,-2.39,-3.62,False
KNACK,NSE,EQ,INE17QZ01016,2026-10-09,207.14,204.41,209.0,199.71,202.16,2.46,205.98,2130143,438769134.45,1165736.0,1.83,,190.63,187.89,8.66,10.24,True,65.11,215.32,176.58,-3.8,17.31,66,2.46,14.65,12.63,-1.16,,,False
KNAGRI,NSE,EQ,INE0KNW01016,2026-10-09,201.37,204.92,204.92,199.98,202.6,-0.61,201.53,5025,1012666.42,7217.0,0.7,,204.4,202.48,-1.48,-0.55,True,48.02,239.95,150.19,-16.08,34.08,270,-0.61,0.43,-0.44,-2.85,-5.16,-1.05,False
KNRCON,NSE,EQ,INE634I01029,2026-10-09,112.92,111.6,114.17,110.0,111.61,1.17,112.12,1027163,115169618.41,1468140.0,0.7,,121.79,135.29,-7.28,-16.53,False,39.4,198.99,109.62,-43.25,3.01,270,1.17,-0.33,-5.68,-12.5,-4.74,-43.06,False
KODYTECH,NSE,ST,INE0Q7P01013,2026-10-09,1547.4,1499.95,1565.0,1485.0,1500.3,3.14,1530.64,10600,16224800.0,9830.0,1.08,,1437.98,1120.65,7.61,38.08,True,56.67,1576.8,569.45,-1.86,171.74,270,3.14,1.88,0.87,27.17,92.27,134.81,True
KOHINOOR,NSE,EQ,INE080B01012,2026-10-09,29.29,29.26,29.81,28.7,28.88,1.42,29.17,63862,1862826.96,133862.0,0.48,,29.49,27.81,-0.67,5.31,True,44.8,36.59,19.76,-19.95,48.23,270,1.42,-2.46,-6.75,20.19,24.43,-10.89,False
KOKUYOCMLN,NSE,EQ,INE760A01029,2026-10-09,72.65,74.65,74.65,72.0,73.26,-0.83,72.85,9819,715312.57,25513.0,0.38,,78.69,86.43,-7.67,-15.94,False,33.98,110.42,71.29,-34.21,1.91,270,-0.83,-2.84,-8.08,-17.17,-11.12,-33.1,False
KOLTEPATIL,NSE,EQ,INE094I01018,2026-10-09,427.9,420.95,470.0,418.5,423.4,1.06,449.93,2348408,1056611093.55,223184.0,10.52,,428.62,405.54,-0.17,5.51,True,47.21,516.6,295.9,-17.17,44.61,270,1.06,2.17,-3.18,15.51,34.58,-1.34,False
KONSTELEC,NSE,ST,INE0QEI01011,2026-10-09,51.2,51.4,51.4,48.4,49.0,4.49,50.97,28000,1427100.0,13300.0,2.11,,57.32,52.98,-10.68,-3.36,True,37.42,75.15,28.65,-31.87,78.71,256,4.49,-4.57,-20.44,-3.94,72.1,-16.95,True
KONTOR,NSE,SM,INE0KZ301010,2026-10-06,54.5,56.75,56.75,54.5,50.0,9.0,55.67,1800,100200.0,4020.0,0.45,,57.56,65.02,-5.31,-16.18,False,49.47,82.45,50.0,-33.9,9.0,212,9.0,1.21,-5.46,-22.75,-17.8,,True
KOPRAN,NSE,EQ,INE082A01010,2026-10-09,251.05,253.4,261.05,248.1,254.3,-1.28,254.38,333480,84830990.35,2268528.0,0.15,,238.9,192.85,5.09,30.18,True,47.48,290.9,108.04,-13.7,132.37,270,-1.28,-10.99,4.82,27.55,71.63,43.98,False
KORE,NSE,ST,INE0J6801010,2026-10-09,221.8,221.9,222.2,211.0,211.65,4.8,219.15,14250,3122950.0,16038.0,0.89,,166.35,148.46,33.33,49.4,True,78.04,221.8,85.0,0.0,160.94,253,4.8,20.67,48.11,70.62,151.9,57.3,True
KOTAKBANK,NSE,EQ,INE237A01036,2026-10-09,441.0,438.0,445.25,437.85,435.0,1.38,443.09,31536992,13973822072.75,21872136.0,1.44,,412.42,669.39,6.93,-34.12,False,67.94,2225.6,353.4,-80.19,24.79,270,1.38,5.41,5.19,16.79,16.01,-77.87,False
KOTARISUG,NSE,BE,INE419A01022,2026-10-09,25.8,25.61,26.39,25.6,25.86,-0.23,25.88,14152,366261.64,40439.0,0.35,,27.42,27.33,-5.91,-5.59,True,39.88,39.16,22.95,-34.12,12.42,270,-0.23,0.47,-11.76,-0.31,5.13,-11.22,False
KOTHARIPET,NSE,EQ,INE720A01015,2026-10-09,118.43,121.1,123.25,117.55,121.1,-2.2,119.24,54381,6484468.05,55128.0,0.99,,132.1,132.73,-10.35,-10.77,False,31.52,152.02,95.12,-22.1,24.51,270,-2.2,-6.44,-17.92,-9.28,-2.79,-14.08,False
KOTHARIPRO,NSE,EQ,INE823A01017,2026-10-09,62.26,63.73,64.75,62.0,63.51,-1.97,62.61,13166,824305.42,13543.0,0.97,,66.41,69.7,-6.25,-10.67,False,38.44,96.75,58.25,-35.65,6.88,270,-1.97,-2.37,-6.28,-10.83,-5.64,-34.95,False
KOTIC,NSE,EQ,INE972A01020,2026-10-09,162.99,157.0,165.0,155.0,155.14,5.06,162.3,232044,37660798.92,153594.0,1.51,,149.02,161.73,9.37,0.78,False,63.56,213.0,126.62,-23.48,28.72,120,5.06,10.8,19.29,-11.04,,,False
KOTYARK,NSE,EQ,INE0J0B01017,2026-10-09,32.28,31.3,33.2,30.45,31.06,3.93,32.06,358087,11478554.38,357923.0,1.0,,51.01,178.04,-36.72,-81.87,False,47.84,460.1,26.47,-92.98,21.95,270,3.93,14.35,0.88,-9.22,-91.49,-89.76,False
KOVAI,NSE,EQ,INE177F01017,2026-10-09,5876.0,5897.5,5944.5,5874.0,5891.5,-0.26,5891.61,3377,19895970.0,5080.0,0.66,,6002.89,5780.85,-2.11,1.65,True,36.91,6292.0,5339.0,-6.61,10.06,120,-0.26,-1.96,-3.78,-1.89,,,False
KPEL,NSE,EQ,INE127T01021,2026-10-09,208.13,206.98,209.96,203.58,206.87,0.61,207.21,179829,37261870.86,320630.0,0.56,,245.58,305.32,-15.25,-31.83,False,32.07,459.6,206.87,-54.71,0.61,270,0.61,-4.53,-11.76,-36.67,-30.76,-47.98,False
KPIGREEN,NSE,EQ,INE542W01025,2026-10-09,325.3,325.1,331.1,320.75,323.25,0.63,325.85,802487,261486679.55,3302281.0,0.24,,335.19,386.16,-2.95,-15.76,False,49.09,538.8,276.35,-39.63,17.71,270,0.63,-5.87,11.39,-19.6,-20.09,-25.81,False
KPIL,NSE,EQ,INE220B01022,2026-10-09,1391.9,1402.0,1409.5,1375.6,1401.5,-0.68,1388.26,81940,113754366.2,170424.0,0.48,,1383.29,1302.05,0.62,6.9,True,48.91,1458.4,1018.1,-4.56,36.72,270,-0.68,2.62,-0.4,2.95,22.87,10.93,False
KPITTECH,NSE,EQ,INE04I401011,2026-10-09,479.0,473.6,489.5,473.6,471.0,1.7,480.61,1979891,951560665.55,1692623.0,1.17,,556.03,737.06,-13.85,-35.01,False,28.64,1269.8,471.0,-62.28,1.7,270,1.7,-2.64,-14.77,-14.73,-33.58,-56.36,False
KPL,NSE,EQ,INE552U01010,2026-10-09,3564.3,3539.0,3608.7,3475.0,3533.3,0.88,3554.14,13563,48204842.9,40220.0,0.34,,3354.9,2550.79,6.24,39.73,True,51.23,3844.9,1579.55,-7.3,125.65,120,0.88,-0.0,-2.65,37.11,,,False
KPRMILL,NSE,EQ,INE930H01031,2026-10-09,1053.8,1053.3,1061.7,1027.4,1053.3,0.05,1049.91,335591,352339085.2,173065.0,1.94,,1104.04,1042.94,-4.55,1.04,True,38.92,1218.45,810.9,-13.51,29.95,270,0.05,-1.61,-7.15,-5.07,22.2,-1.04,False
KRBL,NSE,EQ,INE001B01026,2026-10-09,389.2,387.0,398.8,383.4,386.05,0.82,391.61,284167,111282986.15,390346.0,0.73,,393.25,380.91,-1.03,2.18,True,46.52,447.4,278.95,-13.01,39.52,270,0.82,3.54,-9.71,6.3,18.5,12.99,False
KREBSBIO,NSE,EQ,INE268B01013,2026-10-09,56.0,57.5,59.49,55.11,57.96,-3.38,56.75,29630,1681517.09,55427.0,0.53,,57.57,59.78,-2.72,-6.33,False,46.07,71.88,39.75,-22.09,40.88,270,-3.38,-17.71,-1.29,0.85,-2.46,-20.71,False
KRIDHANINF,NSE,EQ,INE524L01026,2026-10-09,2.0,1.8,2.0,1.8,1.82,9.89,1.95,86436,168732.89,47233.0,1.83,,2.07,2.69,-3.17,-25.65,False,56.54,4.52,1.82,-55.75,9.89,270,9.89,8.11,1.52,-26.2,-15.25,-48.32,False
KRISHANA,NSE,EQ,INE506W01020,2026-10-09,197.11,189.3,200.0,184.21,188.69,4.46,197.22,2164858,426953233.99,821846.0,2.63,,214.59,382.78,-8.14,-48.51,False,57.36,733.95,128.75,-73.14,53.1,270,4.46,6.78,7.69,40.59,-67.09,-56.27,False
KRISHCA,NSE,SM,INE0NR701018,2026-10-09,189.2,202.5,202.8,187.5,198.2,-4.54,194.64,16500,3211500.0,49400.0,0.33,,181.27,180.29,4.38,4.94,True,50.05,226.55,141.5,-16.49,33.71,270,-4.54,-12.31,18.25,12.18,11.23,-6.8,True
KRISHFL-RE,NSE,BE,INE0GGO20015,2025-12-31,23.2,29.0,29.0,23.2,28.95,-19.86,23.66,63508,1502623.6,133524.0,0.48,,34.31,35.19,-32.38,-34.07,False,,35.5,22.7,-34.65,2.2,4,-19.86,,,,,,False
KRISHIVAL,NSE,EQ,INE0GGO01015,2026-10-09,380.3,387.2,390.9,380.0,383.7,-0.89,382.32,8924,3411816.0,21909.0,0.41,,403.14,394.42,-5.67,-3.58,True,32.74,502.8,309.25,-24.36,22.97,270,-0.89,-3.6,-9.02,-3.87,18.9,-18.91,False
KRISHNADEF,NSE,EQ,INE0J5601015,2026-10-09,1230.3,1246.9,1280.0,1189.0,1240.8,-0.85,1216.27,115394,140350104.5,232613.0,0.5,,1107.06,1058.73,11.13,16.2,True,63.87,1370.2,673.2,-10.21,82.75,270,-0.85,22.92,10.68,-6.46,32.78,57.55,False
KRITI,NSE,EQ,INE479D01038,2026-10-09,57.01,56.49,57.9,55.64,55.55,2.63,56.75,7523,426967.8,14747.0,0.51,,62.98,76.51,-9.48,-25.49,False,37.3,132.49,54.68,-56.97,4.26,270,2.63,-6.19,-6.95,-20.27,-33.44,-55.95,False
KRITIKA,NSE,EQ,INE00Z501029,2026-10-09,4.85,4.86,5.04,4.8,4.86,-0.21,4.86,72264,350943.39,98488.0,0.73,,5.28,6.14,-8.1,-21.02,False,32.33,8.99,4.56,-46.05,6.36,270,-0.21,-1.22,-8.83,-13.55,-17.38,-42.67,False
KRITINUT,NSE,EQ,INE798K01010,2026-10-09,72.33,70.33,73.0,70.0,72.26,0.1,71.74,8909,639100.65,18592.0,0.48,,78.98,81.42,-8.42,-11.16,False,40.37,99.97,53.87,-27.65,34.27,270,0.1,8.72,-11.94,-6.36,7.94,-23.46,False
KRMAYURVED,NSE,SM,INE1MTV01019,2026-10-09,273.05,271.1,278.0,271.0,274.35,-0.47,273.73,71000,19434850.0,121050.0,0.59,,285.11,246.45,-4.23,10.79,True,41.88,329.8,160.55,-17.21,70.07,172,-0.47,-3.99,-5.76,5.42,37.45,,True
KRN,NSE,EQ,INE0Q3J01015,2026-10-09,1386.1,1405.0,1425.0,1363.4,1414.5,-2.01,1395.27,270635,377608791.5,231669.0,1.17,,1416.58,1190.64,-2.15,16.42,True,43.67,1660.2,598.1,-16.51,131.75,270,-2.01,-2.02,-16.51,12.61,45.63,64.92,False
KRONOX,NSE,BE,INE0ATZ01017,2026-10-09,198.28,196.3,204.99,193.05,200.6,-1.16,198.71,60549,12031454.99,112620.0,0.54,,182.83,158.05,8.45,25.46,True,53.65,217.04,97.02,-8.64,104.37,270,-1.16,-3.64,13.32,31.5,45.03,23.92,False
KROSS,NSE,EQ,INE0O6601022,2026-10-09,243.05,241.8,247.65,234.05,239.7,1.4,242.71,988643,239956158.2,1863166.0,0.53,,230.72,207.57,5.34,17.09,True,49.92,278.56,158.28,-12.75,53.56,270,1.4,-5.94,15.04,30.75,31.76,26.49,False
KRSNAA,NSE,EQ,INE08LI01020,2026-10-09,535.5,531.55,548.95,529.2,531.95,0.67,533.0,28069,14960752.7,227996.0,0.12,,551.82,605.43,-2.96,-11.55,False,42.84,832.45,520.3,-35.67,2.92,270,0.67,-3.49,-1.95,-3.8,-10.62,-29.24,False
KRT,NSE,BL,INE1JAR25012,2026-09-03,109.5,109.5,109.5,109.5,100.0,9.5,109.5,2831050,309999975.0,2831050.0,1.0,,109.5,109.5,0.0,0.0,False,,109.5,109.5,0.0,0.0,1,,,,,,,False
KRYSTAL,NSE,EQ,INE0QN801017,2026-10-09,626.75,626.8,650.0,621.25,633.2,-1.02,635.14,46707,29665610.1,31616.0,1.48,,630.94,610.44,-0.66,2.67,True,47.06,681.35,505.1,-8.01,24.08,270,-1.02,2.71,-5.6,4.35,15.57,2.95,False
KSB,NSE,EQ,INE999A01023,2026-10-09,784.55,775.0,788.65,771.5,776.7,1.01,779.26,63909,49802025.5,427149.0,0.15,,816.42,824.61,-3.9,-4.86,False,44.44,1000.05,680.0,-21.55,15.37,270,1.01,-2.72,-4.79,-16.56,-7.94,-4.51,False
KSCL,NSE,EQ,INE455I01029,2026-10-09,676.8,679.0,692.45,669.3,679.0,-0.32,681.43,123638,84250253.3,1589163.0,0.08,,753.07,858.94,-10.13,-21.21,False,37.12,1073.1,676.8,-36.93,0.0,270,-0.32,-5.36,-7.1,-22.2,-25.25,-35.6,False
KSE,NSE,EQ,INE953E01022,2026-10-09,176.02,173.34,177.9,173.34,175.48,0.31,175.56,5056,887614.96,9232.0,0.55,,182.22,189.82,-3.4,-7.27,False,51.63,198.82,174.6,-11.47,0.81,38,0.31,0.67,-1.64,,,,False
KSHINTL,NSE,EQ,INE987S01020,2026-10-09,1001.5,1027.0,1031.2,992.4,1017.7,-1.59,1006.36,143737,144650908.1,269110.0,0.53,,996.5,754.48,0.5,32.74,True,45.77,1176.75,331.9,-14.89,201.75,196,-1.59,-2.6,-14.89,17.91,102.88,,False
KSHITIJ-RE,NSE,BE,INE013820027,2026-09-04,0.08,0.08,0.08,0.08,0.07,14.29,0.08,4638413,371073.04,3105484.0,1.49,,0.03,0.02,188.62,262.73,True,,0.08,0.02,0.0,300.0,7,14.29,166.67,,,,,False
KSHITIJPOL,NSE,BE,INE013801027,2026-10-09,3.5,3.5,3.75,3.5,3.68,-4.89,3.51,13806723,48407680.52,6349889.0,2.17,,3.7,3.42,-5.42,2.33,True,42.17,7.19,1.99,-51.32,75.88,270,-4.89,-11.17,-3.31,9.37,41.13,17.06,False
KSL,NSE,EQ,INE907A01026,2026-10-09,935.55,938.9,949.9,921.6,945.05,-1.01,933.85,53434,49899074.45,166263.0,0.32,,919.28,846.03,1.77,10.58,True,49.78,998.25,577.75,-6.28,61.93,270,-1.01,2.47,3.06,-2.47,41.02,22.82,False
KSOLVES,NSE,EQ,INE0D6I01023,2026-10-09,242.37,240.0,243.9,237.62,241.68,0.29,239.99,28977,6954127.03,37864.0,0.77,,262.29,282.91,-7.59,-14.33,False,37.38,349.27,241.14,-30.61,0.51,270,0.29,0.51,-9.63,-15.92,-22.47,-22.13,False
KSR,NSE,BE,INE1SPP01016,2026-10-09,37.69,36.29,37.69,34.55,35.9,4.99,36.35,7869,286021.01,42754.0,0.18,,35.49,32.71,6.2,15.23,True,51.56,46.52,14.67,-18.98,156.92,214,4.99,0.83,0.96,30.15,10.95,,False
KTKBANK,NSE,EQ,INE614B01018,2026-10-09,328.2,320.8,329.6,318.8,320.8,2.31,324.72,1329287,431639873.75,1918641.0,0.69,,317.23,268.17,3.46,22.38,True,52.52,343.05,171.08,-4.33,91.84,270,2.31,2.05,-1.81,18.76,34.78,90.69,False
KUANTUM,NSE,EQ,INE529I01021,2026-10-09,75.92,73.3,76.94,73.08,74.07,2.5,75.71,61407,4649349.14,141172.0,0.43,,77.1,82.47,-1.53,-7.94,False,47.17,110.43,65.9,-31.25,15.2,270,2.5,-1.03,-2.57,0.4,-1.48,-29.63,False
KUSUMGAR,NSE,EQ,INE0ISX01025,2026-10-09,595.55,620.0,625.0,591.5,608.0,-2.05,603.31,127923,77177747.1,321400.0,0.4,,595.85,598.49,-0.05,-0.49,False,48.33,650.5,549.2,-8.45,8.44,61,-2.05,0.51,5.26,,,,False
KWIL,NSE,EQ,INE2KCE01013,2026-10-09,37.36,37.0,37.81,36.45,36.91,1.22,37.15,7835218,291071972.76,11064112.0,0.71,,39.1,33.84,-4.44,10.42,True,39.13,48.63,22.47,-23.17,66.27,160,1.22,-2.61,-9.93,13.52,52.99,,False
LADDERUP,NSE,BE,INE519D01015,2026-10-09,49.8,53.9,53.9,49.55,51.9,-4.05,50.63,341,17264.55,9002.0,0.04,,52.77,50.52,-5.63,-1.42,True,45.52,74.31,45.19,-32.98,10.2,37,-4.05,-4.19,-0.4,,,,False
LAGNAM,NSE,EQ,INE548Z01017,2026-10-09,73.49,73.99,74.0,71.21,71.14,3.3,73.78,470,34677.27,5468.0,0.09,,75.65,77.45,-2.85,-5.12,False,48.7,90.38,59.73,-18.69,23.04,270,3.3,2.21,-1.37,-9.26,8.18,-12.71,False
LAHOTIOV,NSE,EQ,INE515C01023,2026-10-09,39.99,39.27,40.0,38.55,38.5,3.87,39.67,1259,49950.5,6072.0,0.21,,41.04,42.93,-2.56,-6.85,False,48.84,50.6,38.28,-20.97,4.47,118,3.87,1.86,-3.36,-5.46,,,False
LAKPRE,NSE,BZ,INE651C01018,2026-10-09,4.95,4.9,5.17,4.75,4.98,-0.6,4.86,1987,9657.58,3081.0,0.64,,5.08,5.19,-2.65,-4.54,False,45.15,6.67,4.25,-25.79,16.47,241,-0.6,-5.71,-5.89,-17.22,6.0,,False
LAKSHMIMIL,NSE,EQ,INE938C01019,2026-10-09,7634.0,7634.0,7634.0,7634.0,7634.0,0.0,7634.0,3,22902.0,30.0,0.1,,7856.55,7958.59,-2.83,-4.08,False,45.9,8370.0,7565.0,-8.79,0.91,36,0.0,-2.37,-1.29,,,,False
LAKSHYA,NSE,SM,INE0VZS01015,2026-10-09,99.1,96.9,100.45,96.9,96.0,3.23,98.96,7200,712480.0,21240.0,0.34,,95.22,107.37,4.08,-7.7,False,53.36,159.8,75.95,-37.98,30.48,264,3.23,-2.8,18.68,-7.38,19.4,-23.77,True
LAL,NSE,EQ,INE740X01023,2026-10-09,8.41,8.41,8.69,8.36,8.53,-1.41,8.42,11908,100249.71,83173.0,0.14,,8.64,8.53,-2.62,-1.43,True,42.87,10.99,6.01,-23.48,39.93,270,-1.41,-0.47,-5.82,-1.87,12.89,-22.13,False
LALITHAA,NSE,EQ,INE0K9O01026,2026-10-09,382.6,376.0,388.5,364.65,376.45,1.63,377.11,5861573,2210456549.9,6312646.0,0.93,,316.57,270.99,20.86,41.18,True,64.9,405.45,244.0,-5.64,56.8,33,1.63,-1.35,20.03,,,,False
LALPATHLAB,NSE,EQ,INE600L01024,2026-10-09,1933.6,1898.9,1942.8,1882.8,1898.9,1.83,1914.83,167905,321509983.9,372069.0,0.45,,1894.07,1921.68,2.09,0.62,False,50.62,3254.9,1307.6,-40.59,47.87,270,1.83,-3.57,1.1,14.22,40.26,-37.99,False
LAMBODHARA,NSE,EQ,INE112F01022,2026-10-09,128.24,129.24,132.38,127.0,128.09,0.12,129.59,5149,667237.24,70496.0,0.07,,126.34,118.5,1.5,8.22,True,48.92,144.57,83.15,-11.3,54.23,270,0.12,-0.31,-7.54,15.61,23.44,-2.94,False
LAMOSAIC,NSE,ST,INE0R0201012,2026-10-09,46.0,45.3,46.95,44.45,46.75,-1.6,45.59,22800,1039560.0,89010.0,0.26,,50.48,41.5,-8.88,10.83,True,32.94,61.4,20.7,-25.08,122.22,266,-1.6,-2.85,-17.93,-2.13,87.37,18.4,True
LANCER,NSE,EQ,INE359U01028,2026-10-09,11.02,10.8,11.39,10.8,10.83,1.75,10.95,170351,1865356.69,219674.0,0.78,,11.57,11.29,-4.76,-2.39,True,36.66,13.19,10.38,-16.45,6.17,38,1.75,-0.27,-12.68,,,,False
LANCORHOL,NSE,BE,INE572G01025,2026-10-09,29.18,29.97,29.97,28.61,29.99,-2.7,29.21,38958,1137947.1,81875.0,0.48,,31.62,27.66,-7.73,5.51,True,36.51,40.35,18.48,-27.68,57.9,270,-2.7,-7.63,-23.25,6.11,23.12,26.16,False
LANDMARK,NSE,EQ,INE559R01029,2026-10-09,464.7,470.1,490.75,460.05,468.65,-0.84,465.7,72033,33545630.7,967406.0,0.07,,489.74,481.56,-5.11,-3.5,True,40.26,658.4,349.45,-29.42,32.98,270,-0.84,0.31,-6.68,9.6,9.95,-22.3,False
LANDSMILL,NSE,BE,INE688J01023,2026-10-09,0.81,0.81,0.82,0.81,0.85,-4.71,0.81,736578,596658.18,7114854.0,0.1,,0.75,0.86,8.58,-5.39,False,54.75,1.11,0.52,-27.03,55.77,130,-4.71,-22.86,39.66,3.85,-20.59,,False
LAOPALA,NSE,EQ,INE059D01020,2026-10-09,154.76,153.6,155.7,152.02,153.98,0.51,154.36,106902,16501896.19,153773.0,0.7,,167.63,186.02,-7.68,-16.8,False,37.56,248.78,153.98,-37.79,0.51,270,0.51,-0.86,-8.92,-13.84,-11.08,-35.96,False
LARGEMID50,NSE,EQ,INF769K01RK3,2026-10-09,34.12,33.88,34.17,33.82,33.76,1.07,34.02,1566,53282.26,3000.0,0.52,,35.66,36.5,-4.32,-6.51,False,32.71,36.9,33.76,-7.53,1.07,35,1.07,0.21,-5.59,,,,False
LASA,NSE,BE,INE670X01014,2026-10-05,5.32,5.32,5.32,5.32,5.6,-5.0,5.32,59554,316827.28,33206.0,1.79,,6.95,7.89,-23.45,-32.54,False,15.86,13.92,5.32,-61.78,0.0,254,-5.0,-20.48,-25.49,-30.0,-28.88,-50.05,False
LASERPOWER,NSE,EQ,INE17IR01028,2026-10-09,267.35,272.5,275.75,265.5,272.5,-1.89,269.38,354539,95504843.15,697187.0,0.51,,284.72,275.88,-6.1,-3.09,True,45.23,337.55,262.4,-20.8,1.89,60,-1.89,1.75,-12.43,,,,False
LATENTVIEW,NSE,EQ,INE0I7C01011,2026-10-09,232.01,232.75,241.7,231.05,230.26,0.76,235.87,680459,160498289.22,586984.0,1.16,,261.5,314.98,-11.28,-26.34,False,25.73,502.1,230.08,-53.79,0.84,270,0.76,-1.05,-10.09,-22.96,-22.96,-43.2,False
LATTEYS,NSE,EQ,INE262Z01023,2026-10-09,20.65,20.91,21.2,19.84,20.91,-1.24,20.32,86394,1755569.16,53168.0,1.62,,21.06,21.42,-1.94,-3.6,False,46.92,34.53,15.8,-40.2,30.7,270,-1.24,-1.24,-2.36,0.73,-1.1,4.14,False
LAURUSLABS,NSE,EQ,INE947Q01028,2026-10-09,2036.6,1997.9,2048.0,1988.9,1997.9,1.94,2022.15,1358268,2746617827.6,1698534.0,0.8,,1883.28,1484.93,8.14,37.15,True,60.75,2052.8,853.85,-0.79,138.52,270,1.94,2.65,4.61,32.44,88.15,141.93,False
LAWSIKHO,NSE,SM,INE0RDH01021,2025-12-16,110.05,110.0,112.1,110.0,107.3,2.56,110.17,11000,1211900.0,15975.0,0.69,,127.52,139.11,-13.7,-20.89,False,32.1,151.0,107.15,-27.12,2.71,70,2.56,-1.78,-20.25,-26.58,,,True
LAXMICOT,NSE,EQ,INE801V01019,2026-10-09,12.52,12.31,12.88,12.15,12.62,-0.79,12.6,2168,27321.77,10123.0,0.21,,13.39,15.37,-6.53,-18.55,False,41.05,24.43,11.88,-48.75,5.39,270,-0.79,-5.86,-3.91,-15.58,-8.95,-42.86,False
LAXMIDENTL,NSE,EQ,INE0WO601020,2026-10-09,195.92,194.44,196.88,190.44,192.52,1.77,194.91,54187,10561521.12,61016.0,0.89,,200.23,221.97,-2.15,-11.74,False,49.35,341.55,158.25,-42.64,23.8,270,1.77,1.06,-1.67,-10.85,1.98,-39.75,False
LAXMIINDIA,NSE,EQ,INE06WU01026,2026-10-09,106.22,106.66,108.91,105.25,106.66,-0.41,106.84,72549,7750953.54,148734.0,0.49,,121.25,121.55,-12.39,-12.61,False,30.59,157.55,71.65,-32.58,48.25,270,-0.41,-10.75,-18.29,-4.19,19.83,-28.57,False
LCCINFOTEC,NSE,BE,INE938A01021,2026-10-09,3.39,3.54,3.54,3.3,3.39,0.0,3.36,16102,54159.37,134751.0,0.12,,3.79,4.28,-10.51,-20.84,False,41.37,5.61,2.99,-39.57,13.38,270,0.0,-13.08,-9.12,-25.82,-32.87,-28.33,False
LCCPROJECT,NSE,EQ,INE1FPN01026,2026-10-09,143.86,145.1,146.19,142.02,145.08,-0.84,143.65,348121,50006217.52,4088314.0,0.09,,159.92,166.98,-10.04,-13.85,False,9.71,170.1,141.33,-15.43,1.79,16,-0.84,-5.02,,,,,False
LCL,NSE,EQ,INE0QJW01029,2026-10-09,630.85,609.9,641.95,598.55,608.7,3.64,625.39,790907,494623864.4,565062.0,1.4,,558.69,520.28,12.92,21.25,True,65.65,630.85,494.6,0.0,27.55,50,3.64,13.95,13.5,,,,False
LEAPIND,NSE,EQ,INE00GO01025,2026-10-09,139.93,141.5,143.8,138.18,141.42,-1.05,140.54,1567836,220344763.41,2180924.0,0.72,,145.5,145.9,-3.83,-4.09,False,54.47,168.4,134.61,-16.91,3.95,39,-1.05,2.12,-5.62,,,,False
LEENEE,NSE,BE,INE791B01014,2026-10-09,7.03,7.0,7.3,6.66,7.0,0.43,6.99,11663,81494.17,8520.0,1.37,,7.75,7.4,-9.34,-5.06,True,45.0,10.5,7.0,-33.05,0.43,38,0.43,-7.38,-12.12,,,,False
LEMERITE,NSE,EQ,INE0G1L01025,2026-10-09,19.1,19.29,19.76,18.71,18.77,1.76,18.94,124288,2353772.24,294160.0,0.42,,30.32,183.38,-37.0,-89.58,False,39.52,516.25,18.35,-96.3,4.09,270,1.76,-0.93,-7.6,-15.82,-95.69,-95.63,False
LEMONTREE,NSE,EQ,INE970X01018,2026-10-09,110.43,110.05,111.2,108.58,110.05,0.35,110.19,1920832,211666019.69,4129938.0,0.47,,108.29,120.65,1.98,-8.47,False,58.61,173.24,100.42,-36.26,9.97,270,0.35,2.56,4.45,-6.74,-3.02,-33.6,False
LENSKART,NSE,EQ,INE956O01016,2026-10-09,677.65,657.55,682.0,650.35,653.95,3.62,673.12,2487958,1674682488.05,7716251.0,0.32,,647.93,552.2,4.59,22.72,True,52.24,707.2,400.15,-4.18,69.35,227,3.62,-1.95,-2.6,24.65,34.03,,False
LEXUS,NSE,EQ,INE500X01013,2026-10-09,9.89,9.99,10.3,9.2,9.7,1.96,9.89,76248,754444.84,47283.0,1.61,,12.97,18.71,-23.72,-47.15,False,27.8,38.31,9.48,-74.18,4.32,270,1.96,-6.34,-26.58,-30.94,-57.95,-62.05,False
LFIC,NSE,EQ,INE850E01012,2026-10-09,128.06,128.69,129.12,126.25,126.22,1.46,127.72,277,35379.34,4106.0,0.07,,135.85,148.21,-5.74,-13.6,False,41.81,217.61,112.5,-41.15,13.83,269,1.46,-4.3,-8.3,-11.66,0.88,-37.72,False
LGBBROSLTD,NSE,EQ,INE337A01034,2026-10-09,1663.7,1670.2,1695.9,1651.0,1676.4,-0.76,1675.92,58861,98646057.4,25701.0,2.29,,1671.92,1641.7,-0.49,1.34,True,43.01,2007.8,1345.8,-17.14,23.62,270,-0.76,-2.77,-4.2,4.95,-3.97,21.24,False
LGEINDIA,NSE,EQ,INE324D01010,2026-10-09,1757.0,1740.0,1764.8,1714.9,1723.0,1.97,1750.5,429250,751401393.9,710924.0,0.6,,1666.86,1602.89,5.41,9.61,True,59.59,1780.3,1318.8,-1.31,33.23,244,1.97,2.04,5.07,12.29,22.83,,False
LGHL,NSE,EQ,INE258Y01016,2026-10-09,215.72,215.0,219.9,206.61,213.87,0.87,213.61,38896,8308386.13,31548.0,1.23,,195.17,275.94,10.53,-21.82,False,68.19,932.2,172.23,-76.86,25.25,270,0.87,-1.71,23.12,0.44,-12.55,-76.52,False
LIBAS,NSE,EQ,INE908V01012,2026-10-09,11.24,11.23,11.79,10.79,11.39,-1.32,11.21,15896,178123.57,151558.0,0.1,,11.11,11.13,1.14,1.01,False,48.59,12.82,9.46,-12.32,18.82,270,-1.32,-0.44,12.51,3.02,5.64,-6.88,False
LIBERTSHOE,NSE,EQ,INE557B01019,2026-10-09,210.31,210.4,213.2,210.0,210.18,0.06,210.99,13075,2758660.9,26144.0,0.5,,233.07,256.03,-9.77,-17.86,False,35.38,344.15,210.18,-38.89,0.06,270,0.06,-2.98,-7.29,-23.26,-19.92,-35.8,False
LICHSGFIN,NSE,EQ,INE115A01026,2026-10-09,551.65,537.0,554.35,535.25,537.0,2.73,549.65,5310443,2918891095.35,4151614.0,1.28,,537.6,538.8,2.61,2.38,False,55.15,593.45,460.7,-7.04,19.74,270,2.73,8.38,-2.02,0.46,4.16,-2.36,False
LICI,NSE,EQ,INE0J1Y01017,2026-10-09,394.25,380.0,394.7,380.0,379.25,3.96,389.15,5557459,2162693091.5,7108633.0,0.78,,414.74,580.69,-4.94,-32.11,False,46.07,924.15,379.25,-57.34,3.96,270,3.96,0.61,-4.02,-11.01,-50.33,-56.21,False
LICMFGOLD,NSE,EQ,INF767K01SM1,2026-10-09,133.3,132.25,133.9,132.25,131.8,1.14,133.35,29893,3986343.85,121692.0,0.25,,171.94,2786.05,-22.47,-95.22,False,44.93,16058.95,121.1,-99.17,10.07,270,1.14,0.79,-2.84,3.41,-1.59,-98.72,False
LICNETFGSC,NSE,EQ,INF767K01MV5,2026-10-09,28.89,29.06,29.23,28.89,28.92,-0.1,28.97,53336,1545334.33,76093.0,0.7,,29.23,29.03,-1.17,-0.49,True,33.08,29.79,28.32,-3.02,2.01,270,-0.1,-0.14,-1.67,-2.79,0.8,2.08,False
LICNETFN50,NSE,EQ,INF767K01OS7,2026-10-09,254.32,250.23,254.32,250.23,251.56,1.1,253.05,139,35174.34,731.0,0.19,,263.47,269.8,-3.47,-5.74,False,35.84,292.32,249.04,-13.0,2.12,270,1.1,0.34,-4.61,-6.38,-4.9,-7.32,False
LICNETFSEN,NSE,EQ,INF767K01OT5,2026-10-09,842.65,807.47,849.75,807.47,804.17,4.79,818.38,85,69561.9,41.0,2.08,,849.27,874.77,-0.78,-3.67,False,51.74,963.02,804.15,-12.5,4.79,253,4.79,1.89,-2.35,-3.03,0.14,-6.83,False
LICNFNHGP,NSE,EQ,INF767K01PC8,2026-10-09,260.31,260.1,264.0,258.01,252.43,3.12,263.05,233,61290.1,552.0,0.42,,270.74,274.62,-3.85,-5.21,False,41.03,292.81,249.8,-11.1,4.21,268,3.12,-1.85,-4.45,-4.96,1.59,-6.25,False
LICNMID100,NSE,EQ,INF767K01RN1,2026-10-09,58.75,58.19,59.45,58.11,58.19,0.96,58.81,8904,523639.11,11469.0,0.78,,61.86,61.1,-5.02,-3.85,True,37.46,64.86,53.02,-9.42,10.81,270,0.96,0.19,-7.7,-7.01,3.2,3.05,False
LIKHITHA,NSE,EQ,INE060901027,2026-10-09,222.94,227.79,231.49,222.55,226.08,-1.39,224.31,18643,4181879.22,89364.0,0.21,,222.52,216.59,0.19,2.93,True,49.53,270.48,133.15,-17.58,67.44,270,-1.39,-1.19,9.41,-8.26,-8.06,-2.65,False
LINC,NSE,EQ,INE802B01027,2026-10-09,81.54,84.6,85.97,81.0,84.57,-3.58,82.44,42671,3517797.34,32048.0,1.33,,94.02,103.88,-13.28,-21.5,False,25.02,130.64,81.54,-37.58,0.0,270,-3.58,-5.78,-17.06,-24.25,-18.74,-33.48,False
LINCOLN,NSE,EQ,INE405C01035,2026-10-09,558.3,558.0,574.95,553.6,561.7,-0.61,561.36,19349,10861833.9,27219.0,0.71,,598.67,593.78,-6.74,-5.98,True,32.57,758.15,444.2,-26.36,25.69,270,-0.61,-4.08,-12.74,-9.29,1.09,4.9,False
LINDEINDIA,NSE,EQ,INE473A01011,2026-10-09,5996.0,6033.0,6075.5,5952.0,6026.0,-0.5,5995.61,10247,61437063.5,20439.0,0.5,,6416.53,6647.53,-6.55,-9.8,False,35.62,7847.5,5695.5,-23.59,5.28,270,-0.5,-4.03,-6.02,-14.74,-16.42,-3.99,False
LIQGRWBEES,NSE,EQ,INF204KC1FU1,2026-10-09,1059.0,1058.99,1059.01,1058.99,1058.57,0.04,1059.0,21285,22540914.26,119290.0,0.18,,1054.17,1041.04,0.46,1.73,True,100.0,1059.0,1010.13,0.0,4.84,270,0.04,0.09,0.41,1.13,2.35,4.86,False
LIQUID,NSE,EQ,INF769K01KS1,2026-10-09,999.99,999.99,1000.0,999.99,999.99,0.0,1000.0,200229,200228851.07,220534.0,0.91,,999.99,999.99,-0.0,-0.0,False,48.15,1000.01,999.99,-0.0,0.0,270,0.0,0.0,0.0,0.0,0.0,0.0,False
LIQUID1,NSE,EQ,INF174KA1LV5,2026-10-09,1126.42,1125.97,1127.64,1124.27,1125.96,0.04,1126.42,1077918,1214188947.98,1060935.0,1.02,,1121.05,1106.17,0.48,1.83,True,99.97,1126.42,1071.22,0.0,5.15,270,0.04,0.09,0.42,1.2,2.5,5.18,False
LIQUIDADD,NSE,EQ,INF740KA1UM0,2026-10-09,1148.65,1148.65,1148.67,1148.64,1148.18,0.04,1148.66,421555,484221568.55,516631.0,0.82,,1143.18,1128.32,0.48,1.8,True,100.0,1148.65,1093.4,0.0,5.05,270,0.04,0.09,0.43,1.18,2.46,5.08,False
LIQUIDBEES,NSE,EQ,INF732E01037,2026-10-09,999.99,1000.0,1000.01,999.99,1000.0,-0.0,1000.0,3366250,3366240687.79,4165770.0,0.81,,999.99,1000.0,-0.0,-0.0,False,46.02,1000.0,999.99,-0.0,0.0,270,-0.0,0.0,-0.0,-0.0,0.0,-0.0,False
LIQUIDBETA,NSE,EQ,INF789F1AG68,2026-10-09,1011.55,1011.55,1011.55,1011.55,1011.11,0.04,1011.55,1,1011.55,12574.0,0.0,,1006.22,1002.82,0.53,0.87,True,100.0,1011.55,1000.92,0.0,1.06,44,0.04,0.19,0.52,,,,False
LIQUIDBETF,NSE,EQ,INF0QA701854,2026-10-09,1102.52,1100.5,1103.55,1100.44,1102.07,0.04,1102.49,232821,256681738.5,295321.0,0.79,,1097.33,1083.3,0.47,1.77,True,100.0,1102.52,1050.41,0.0,4.96,270,0.04,0.1,0.42,1.17,2.42,4.99,False
LIQUIDCASE,NSE,EQ,INF0R8F01034,2026-10-09,116.32,116.31,116.33,116.31,116.27,0.04,116.33,22449607,2611470836.75,21284707.0,1.05,,115.76,114.25,0.48,1.81,True,100.0,116.32,110.7,0.0,5.08,270,0.04,0.1,0.43,1.18,2.47,5.11,False
LIQUIDETF,NSE,EQ,INF740KA1EU7,2026-10-09,1000.0,999.99,1000.01,999.99,999.99,0.0,1000.0,385733,385733025.26,135393.0,2.85,,999.99,1000.0,0.0,0.0,False,54.56,1000.0,999.99,0.0,0.0,270,0.0,0.0,0.0,0.0,0.0,0.0,False
LIQUIDIETF,NSE,EQ,INF109KC1KT9,2026-10-09,999.99,1000.0,1000.01,999.92,999.99,0.0,1000.0,274027,274026675.49,505669.0,0.54,,999.98,999.98,0.0,0.0,False,51.74,1000.01,998.9,-0.0,0.11,270,0.0,0.0,0.0,0.0,0.0,0.0,False
LIQUIDPLUS,NSE,EQ,INF769K01MY5,2026-10-09,1107.08,1106.76,1107.09,1106.1,1106.61,0.04,1107.08,182173,201680479.99,521056.0,0.35,,1101.69,1087.17,0.49,1.83,True,100.0,1107.08,1052.96,0.0,5.14,270,0.04,0.1,0.44,1.2,2.5,5.17,False
LIQUIDSBI,NSE,EQ,INF200KA13Z8,2026-10-09,1000.0,999.99,1000.0,999.99,999.99,0.0,999.99,2094,2093983.77,6274.0,0.33,,1000.0,1000.0,0.0,0.0,False,50.28,1000.01,999.99,-0.0,0.0,270,0.0,0.0,0.0,0.0,0.0,0.0,False
LIQUIDSHRI,NSE,EQ,INF680P01422,2026-10-09,1125.13,1125.13,1125.15,1125.13,1124.71,0.04,1125.13,8684,9770639.1,11377.0,0.76,,1120.01,1106.02,0.46,1.73,True,99.93,1125.13,1073.03,0.0,4.86,270,0.04,0.09,0.41,1.13,2.35,4.89,False
LKPSEC,NSE,EQ,INE341H01023,2026-10-09,13.63,13.62,13.92,13.25,13.62,0.07,13.57,4668,63326.05,10991.0,0.42,,15.24,16.03,-10.57,-14.99,False,37.48,17.2,13.62,-20.76,0.07,38,0.07,-6.39,-11.21,,,,False
LLOYDS,NSE,SM,INE0DTQ01028,2026-10-09,54.85,55.05,56.55,54.85,57.7,-4.94,55.28,15000,829250.0,5700.0,2.63,,62.31,68.99,-11.97,-20.5,False,37.43,98.9,35.1,-44.54,56.27,210,-4.94,-7.74,-5.27,-26.28,-6.24,,True
LLOYDSENGG,NSE,EQ,INE093R01011,2026-10-09,94.42,96.67,98.45,93.0,96.18,-1.83,95.6,9866616,943255677.86,14684938.0,0.67,,89.74,75.34,5.21,25.32,True,53.08,102.2,37.73,-7.61,150.25,270,-1.83,-3.96,15.41,4.22,91.68,62.74,False
LLOYDSENT,NSE,EQ,INE080I01025,2026-10-09,73.73,74.96,75.88,73.19,74.37,-0.86,74.09,2663952,197380243.29,3446897.0,0.77,,74.8,70.4,-1.43,4.73,True,46.64,83.5,41.38,-11.7,78.18,270,-0.86,-5.41,3.77,-5.69,25.07,18.16,False
LLOYDSME,NSE,EQ,INE281B01032,2026-10-09,1815.5,1799.7,1847.9,1792.0,1795.6,1.11,1822.51,514915,938437065.4,436750.0,1.18,,1841.73,1668.49,-1.42,8.81,True,47.38,2101.2,1098.2,-13.6,65.32,270,1.11,2.18,0.9,0.88,22.4,48.2,False
LMW,NSE,EQ,INE269B01029,2026-10-09,16133.0,16488.0,16488.0,16025.0,16346.0,-1.3,16172.05,4051,65512992.0,3992.0,1.01,,17312.37,16124.87,-6.81,0.05,True,31.89,20047.0,11997.0,-19.52,34.48,270,-1.3,-2.51,-13.28,-0.01,18.45,11.75,False
LODHA,NSE,EQ,INE670K01029,2026-10-09,1064.8,1067.7,1076.2,1051.2,1065.6,-0.08,1062.26,1120857,1190639838.9,2065028.0,0.54,,1144.32,1082.78,-6.95,-1.66,True,36.9,1316.35,677.0,-19.11,57.28,270,-0.08,-3.69,-12.15,-12.77,36.71,-6.25,False
LOKESHMACH,NSE,EQ,INE397H01017,2026-10-09,450.75,455.2,465.0,448.7,447.85,0.65,455.31,154914,70534378.55,228164.0,0.68,,357.91,285.56,25.94,57.85,True,70.51,465.45,142.8,-3.16,215.65,270,0.65,12.46,24.0,36.45,104.73,139.43,False
LORDSCHLO,NSE,EQ,INE846D01012,2026-10-09,137.03,138.59,138.59,135.5,136.01,0.75,136.72,4440,607020.08,30866.0,0.14,,138.77,144.98,-1.26,-5.48,False,47.52,225.41,109.08,-39.21,25.62,270,0.75,-1.28,-0.87,-0.75,-3.12,-20.21,False
LOTUSCHO,NSE,EQ,INE026D01011,2026-10-09,565.1,616.6,616.6,553.2,658.9,-14.24,572.46,76176,43607873.3,15067.0,5.06,,596.36,613.31,-5.24,-7.86,False,44.99,658.9,536.8,-14.24,5.27,38,-14.24,4.58,-4.24,,,,False
LOTUSDEV,NSE,BE,INE0V9Q01010,2026-10-09,239.75,233.73,243.0,227.15,233.73,2.58,237.3,549287,130344431.49,1872911.0,0.29,,201.36,171.16,19.07,40.07,True,66.37,244.73,102.84,-2.03,133.13,270,2.58,4.21,20.59,64.87,76.43,26.8,False
LOTUSEYE,NSE,EQ,INE947I01017,2026-10-09,113.93,115.07,115.49,113.06,113.94,-0.01,113.94,5872,669038.48,7137.0,0.82,,114.81,116.39,-0.77,-2.11,False,48.94,141.38,98.22,-19.42,15.99,270,-0.01,-1.51,2.95,-3.68,4.97,-3.85,False
LOVABLE,NSE,EQ,INE597L01014,2026-10-09,68.96,67.56,70.8,65.75,67.23,2.57,68.23,13387,913367.75,11334.0,1.18,,71.06,75.0,-2.96,-8.05,False,44.89,98.68,55.71,-30.12,23.78,270,2.57,0.98,-2.06,-11.11,-0.29,-25.79,False
LOWVOL,NSE,EQ,INF769K01JU9,2026-10-09,192.01,191.2,192.2,191.2,189.02,1.58,191.63,290,55574.02,1232.0,0.24,,200.66,204.49,-4.31,-6.1,False,33.29,218.6,187.42,-12.16,2.45,267,1.58,0.18,-5.2,-6.81,1.45,-7.19,False
LOWVOL1,NSE,EQ,INF174KA1IY5,2026-10-09,19.55,19.49,19.74,19.4,19.22,1.72,19.62,194869,3823434.6,716535.0,0.27,,20.51,20.88,-4.66,-6.38,False,34.67,22.25,18.92,-12.13,3.33,270,1.72,-0.81,-6.24,-7.26,-3.84,-6.05,False
LOWVOLIETF,NSE,EQ,INF109KC19U5,2026-10-09,20.47,20.68,20.68,20.18,20.18,1.44,20.49,2902882,59493746.94,2222714.0,1.31,,21.48,21.91,-4.72,-6.58,False,29.83,23.42,20.17,-12.6,1.49,270,1.44,-0.53,-5.8,-7.54,-3.99,-6.49,False
LOYALTEX,NSE,EQ,INE970D01010,2026-10-09,203.89,206.55,209.9,203.76,206.55,-1.29,206.12,508,104708.96,3223.0,0.16,,211.78,222.39,-3.72,-8.32,False,43.0,317.95,178.98,-35.87,13.92,263,-1.29,-1.74,-9.54,-3.09,2.97,-35.06,False
LPDC,NSE,EQ,INE197J01017,2026-10-09,6.18,6.21,6.34,6.15,6.21,-0.48,6.21,25868,160572.41,61086.0,0.42,,6.51,6.77,-5.04,-8.73,False,42.26,9.0,5.53,-31.33,11.75,270,-0.48,-0.48,-1.75,-3.59,-21.87,-25.54,False
LRRPL,NSE,SM,INE0H4B01011,2026-10-09,91.0,92.35,93.0,91.0,92.8,-1.94,92.12,4500,414525.0,10725.0,0.42,,92.39,84.6,-1.5,7.56,True,44.72,109.95,60.3,-17.24,50.91,227,-1.94,-17.24,-0.93,-4.21,42.97,,True
LT,NSE,EQ,INE018A01030,2026-10-09,3703.3,3648.0,3709.2,3627.2,3625.1,2.16,3686.4,1339156,4936658343.1,1646885.0,0.81,,3885.35,3914.9,-4.69,-5.41,False,39.54,4418.1,3342.4,-16.18,10.8,270,2.16,0.27,-6.15,-6.15,-7.55,1.21,False
LTF,NSE,EQ,INE498L01015,2026-10-09,261.2,257.9,263.1,255.5,257.4,1.48,260.57,2600387,677594758.65,6581494.0,0.4,,294.26,289.64,-11.23,-9.82,True,30.13,335.6,240.2,-22.17,8.74,270,1.48,-1.19,-15.28,-18.69,-5.18,4.78,False
LTFOODS,NSE,EQ,INE818H01020,2026-10-09,408.05,405.55,411.2,403.15,405.45,0.64,407.37,280965,114456192.15,381064.0,0.74,,417.77,409.77,-2.33,-0.42,True,43.78,459.0,337.25,-11.1,20.99,270,0.64,2.23,-10.37,4.87,-0.13,0.6,False
LTGILTBEES,NSE,EQ,INF204KB1882,2026-10-09,29.38,29.4,29.52,29.35,29.45,-0.24,29.41,1887784,55526057.7,1584301.0,1.19,,29.72,29.51,-1.15,-0.44,True,29.55,30.12,28.77,-2.46,2.12,270,-0.24,-0.37,-1.71,-2.0,0.89,1.8,False
LTGILTCASE,NSE,EQ,INF0R8F01133,2026-10-09,30.0,30.01,30.18,29.91,30.01,-0.03,30.06,172950,5199436.11,242030.0,0.71,,30.29,30.07,-0.96,-0.24,True,29.06,30.7,29.36,-2.28,2.18,270,-0.03,-0.23,-1.35,-1.83,1.04,1.83,False
LTIM,NSE,EQ,INE214T01019,2026-02-26,4504.0,4580.0,4655.0,4486.5,4559.0,-1.21,4558.36,270646,1233703119.5,365892.0,0.74,,5545.92,5550.88,-18.79,-18.86,False,19.37,6407.0,4501.0,-29.7,0.07,119,-1.21,-9.18,-25.13,-23.53,,,False
LTM,NSE,EQ,INE214T01019,2026-10-09,4070.0,3925.0,4091.8,3925.0,3915.0,3.96,4043.25,368658,1490576923.8,418829.0,0.88,,4231.71,4285.89,-3.82,-5.04,False,44.01,4850.0,3538.0,-16.08,15.04,151,3.96,1.57,-8.13,0.81,-10.02,,False
LTTS,NSE,EQ,INE010V01017,2026-10-09,3270.1,3200.0,3316.0,3182.2,3176.6,2.94,3230.99,60589,195762160.2,58300.0,1.04,,3356.84,3553.95,-2.58,-7.99,False,47.24,4696.2,3047.7,-30.37,7.3,270,2.94,0.07,-3.51,-0.25,-3.16,-20.51,False
LUMAXIND,NSE,EQ,INE162B01018,2026-10-09,5270.0,5270.0,5324.5,5211.5,5294.0,-0.45,5267.63,6395,33686473.5,13131.0,0.49,,5688.56,5420.34,-7.36,-2.77,True,28.55,6703.0,4590.7,-21.38,14.8,270,-0.45,-5.05,-14.07,-2.06,0.36,4.33,False
LUMAXTECH,NSE,EQ,INE872H01027,2026-10-09,1827.4,1789.9,1842.0,1765.0,1770.2,3.23,1815.85,117254,212916004.7,149530.0,0.78,,1902.72,1673.88,-3.96,9.17,True,40.37,2116.4,1127.7,-13.66,62.05,270,3.23,-7.66,-6.57,22.56,8.02,46.22,False
LUMINO,NSE,EQ,INE185Q01025,2026-10-09,101.17,102.66,103.11,99.81,101.95,-0.77,101.24,4117795,416900440.35,11085056.0,0.37,,107.25,109.38,-5.67,-7.51,False,55.18,114.82,96.48,-11.89,4.86,25,-0.77,4.86,-6.43,,,,False
LUPIN,NSE,EQ,INE326A01037,2026-10-09,1956.5,1948.0,1968.9,1942.0,1936.9,1.01,1956.12,362459,709014161.3,688966.0,0.53,,2143.53,2206.04,-8.73,-11.31,False,29.0,2514.8,1905.6,-22.2,2.67,270,1.01,-3.68,-7.04,-21.62,-14.72,2.36,False
LUXIND,NSE,EQ,INE150G01020,2026-10-09,1130.2,1110.0,1149.6,1091.0,1108.5,1.96,1118.94,16465,18423383.7,55893.0,0.29,,1171.73,1206.01,-3.54,-6.29,False,47.47,1747.05,825.9,-35.31,36.84,270,1.96,3.5,0.16,-11.46,-13.64,-11.73,False
LXCHEM,NSE,EQ,INE576O01020,2026-10-09,180.34,182.45,185.11,179.35,182.03,-0.93,181.73,940479,170912281.91,1443595.0,0.65,,175.97,168.51,2.48,7.02,True,51.26,214.85,108.11,-16.06,66.81,270,-0.93,-0.58,-2.27,15.97,43.79,-12.71,False
LYKALABS,NSE,BE,INE933A01014,2026-10-09,72.65,72.45,74.8,70.5,72.68,-0.04,72.88,25329,1846064.22,21117.0,1.2,,76.39,73.36,-4.9,-0.96,True,33.98,98.37,44.95,-26.15,61.62,270,-0.04,-10.91,-10.87,2.27,23.7,-24.38,False
LYPSAGEMS,NSE,EQ,INE142K01011,2026-07-13,4.63,4.7,4.74,4.56,4.59,0.87,4.62,8652,39965.5,26948.0,0.32,,4.88,5.3,-5.07,-12.57,False,39.81,7.21,4.22,-35.78,9.72,208,0.87,1.31,-4.73,-12.48,-14.89,,False
M&M,NSE,EQ,INE101A01026,2026-10-09,2796.2,2763.9,2820.0,2747.9,2751.2,1.64,2796.07,1241688,3471842081.0,2457624.0,0.51,,3092.17,3246.73,-9.57,-13.88,False,25.76,3802.4,2751.2,-26.46,1.64,270,1.64,-2.23,-11.51,-10.65,-12.89,-18.41,False
M&MFIN,NSE,EQ,INE774D01024,2026-10-09,319.45,312.0,320.85,309.75,310.5,2.88,317.81,1454193,462156499.85,1851849.0,0.79,,348.45,337.01,-8.32,-5.21,True,34.51,412.3,273.4,-22.52,16.84,270,2.88,-0.09,-14.67,-6.28,7.67,16.04,False
MAANALU,NSE,EQ,INE215I01027,2026-10-09,102.47,100.89,103.0,98.0,98.97,3.54,101.64,46354,4711648.6,68400.0,0.68,,111.19,123.93,-7.84,-17.32,False,41.84,170.98,98.97,-40.07,3.54,270,3.54,3.15,-10.38,-15.75,-26.1,-6.82,False
MACOBSTECH,NSE,SM,INE0R0J01010,2026-10-09,203.8,194.0,203.8,194.0,203.7,0.05,197.75,4800,949200.0,22240.0,0.22,,204.11,208.56,-0.15,-2.28,False,52.91,241.6,190.2,-15.65,7.15,232,0.05,2.16,0.94,-8.49,-3.98,,True
MACPOWER,NSE,EQ,INE155Z01011,2026-10-09,1898.8,1971.9,2029.3,1851.0,1981.0,-4.15,1914.87,64950,124371062.7,74544.0,0.87,,1864.1,1386.17,1.86,36.98,True,44.21,2194.6,778.25,-13.48,143.98,270,-4.15,-11.47,1.32,38.43,91.7,129.41,False
MADHAV,NSE,EQ,INE925C01016,2026-10-09,32.28,32.69,35.4,31.7,32.1,0.56,32.61,2331,76007.45,5140.0,0.45,,34.86,37.0,-7.39,-12.76,False,36.03,44.89,29.7,-28.09,8.69,270,0.56,-6.41,-9.93,-11.07,-7.0,-25.05,False
MADHAVBAUG,NSE,ST,INE0JR301013,2026-10-09,177.0,176.5,177.0,176.5,169.7,4.3,176.9,2000,353800.0,13240.0,0.15,,173.62,207.73,1.95,-14.79,False,57.33,303.0,150.0,-41.58,18.0,243,4.3,-0.31,10.28,-5.35,-9.23,,True
MADHAVIPL,NSE,EQ,INE631R01026,2026-10-09,7.18,7.21,7.3,7.02,7.21,-0.42,7.14,85200,608184.69,94742.0,0.9,,7.68,8.29,-6.49,-13.37,False,37.14,9.6,7.02,-25.21,2.28,120,-0.42,-1.78,-10.59,-14.22,,,False
MADHUCON,NSE,EQ,INE378D01032,2026-10-09,4.11,3.79,4.16,3.79,3.79,8.44,4.04,45192,182545.19,34164.0,1.32,,4.57,5.24,-10.0,-21.62,False,45.35,8.04,3.74,-48.88,9.89,270,8.44,3.01,-10.46,-32.51,-17.14,-50.0,False
MADHURKNIT,NSE,SM,INE1P5601010,2026-10-09,57.7,58.0,59.4,56.3,57.4,0.52,57.95,88800,5146140.0,162240.0,0.55,,72.43,87.56,-20.34,-34.1,False,26.88,95.0,45.55,-39.26,26.67,24,0.52,1.5,-32.71,,,,True
MADHUSUDAN,NSE,ST,INE0P6701019,2026-10-09,220.0,226.0,229.0,220.0,224.5,-2.0,224.61,23000,5166000.0,16700.0,1.38,,227.42,190.91,-3.26,15.24,True,39.17,256.05,108.95,-14.08,101.93,265,-2.0,-6.24,-7.78,-11.29,51.15,58.27,True
MADRASFERT,NSE,EQ,INE414A01015,2026-10-09,57.41,57.99,57.99,57.22,57.54,-0.23,57.46,12905,741571.48,33171.0,0.39,,62.64,68.89,-8.35,-16.66,False,29.85,85.92,53.06,-33.18,8.2,270,-0.23,-0.09,-10.81,-15.5,-12.7,-31.18,False
MAFANG,NSE,EQ,INF769K01HF4,2026-10-09,287.07,285.0,292.37,269.0,280.37,2.39,282.23,1284131,362425509.34,1024540.0,1.25,,230.4,197.12,24.6,45.63,True,72.91,295.01,149.74,-2.69,91.71,270,2.39,15.66,22.17,47.84,84.09,69.75,False
MAFATIND,NSE,EQ,INE270B01035,2026-10-09,110.71,113.97,113.97,107.98,111.07,-0.32,110.22,45438,5008113.85,35815.0,1.27,,121.52,128.23,-8.9,-13.67,False,36.26,150.03,109.26,-26.21,1.33,120,-0.32,-3.21,-8.17,-19.58,,,False
MAGADSUGAR,NSE,EQ,INE347W01011,2026-10-09,538.9,550.6,553.95,534.6,544.65,-1.06,542.06,19902,10788097.0,45778.0,0.43,,533.54,512.7,1.0,5.11,True,50.43,620.6,417.8,-13.16,28.99,270,-1.06,5.31,-4.42,6.34,11.54,-1.34,False
MAGNUM,NSE,EQ,INE387I01016,2026-10-09,17.61,17.82,18.19,17.6,17.82,-1.18,17.66,11070,195482.3,28684.0,0.39,,18.94,20.37,-7.03,-13.53,False,29.43,25.56,16.71,-31.1,5.39,270,-1.18,-5.42,-7.27,-10.75,-20.85,-29.05,False
MAGSON,NSE,SM,INE0O1S01012,2026-10-09,185.0,180.9,185.0,175.95,180.0,2.78,180.15,13000,2341900.0,93750.0,0.14,,179.99,158.77,2.78,16.52,True,55.25,194.7,102.0,-4.98,81.37,216,2.78,2.78,-0.24,17.27,34.06,,True
MAHABANK,NSE,EQ,INE457A01014,2026-10-09,83.16,82.7,84.13,81.88,82.05,1.35,83.02,10807572,897261470.21,14172636.0,0.76,,82.03,75.82,1.38,9.68,True,52.82,93.85,55.11,-11.39,50.9,270,1.35,3.3,-1.92,-1.29,18.9,48.55,False
MAHAPE-RE,NSE,BE,INE843B20013,2026-04-24,38.94,40.51,41.0,38.15,40.51,-3.88,39.67,18218,722708.86,32935.0,0.55,,33.55,32.14,16.08,21.17,True,49.34,40.51,30.61,-3.88,27.21,15,-3.88,5.5,,,,,False
MAHAPEXLTD,NSE,EQ,INE843B01013,2026-10-09,51.61,51.77,52.85,50.12,50.77,1.65,51.56,1508,77751.92,10604.0,0.14,,52.26,62.94,-1.24,-18.01,False,46.93,134.06,43.53,-61.5,18.56,270,1.65,2.85,-6.86,15.85,6.41,-47.97,False
MAHASTEEL,NSE,BE,INE451L01014,2026-10-09,1116.8,1093.0,1119.7,1045.7,1086.9,2.75,1087.17,1578,1715556.9,3171.0,0.5,,1137.95,931.78,-1.86,19.86,True,42.16,1394.1,454.0,-19.89,145.99,270,2.75,-5.56,-13.52,29.31,19.87,168.88,False
MAHEPC,NSE,EQ,INE215D01010,2026-10-09,97.86,99.19,99.59,97.0,98.16,-0.31,98.07,12752,1250626.7,16638.0,0.77,,103.06,115.62,-5.04,-15.36,False,39.57,153.24,92.71,-36.14,5.55,270,-0.31,1.62,-4.76,-18.07,-12.58,-35.01,False
MAHESHWARI,NSE,EQ,INE263W01010,2026-10-09,71.1,70.72,71.9,68.52,70.72,0.54,70.03,9267,648923.11,8206.0,1.13,,71.42,63.65,-0.45,11.71,True,47.62,74.96,39.69,-5.15,79.14,270,0.54,1.64,-1.92,-2.6,55.24,25.0,False
MAHICKRA,NSE,SM,INE961Y01015,2026-10-07,281.5,270.0,293.0,270.0,280.0,0.54,281.5,1500,422250.0,6225.0,0.24,,279.1,229.26,0.86,22.79,True,46.4,314.5,137.5,-10.49,104.73,227,0.54,-6.48,-2.26,12.65,52.16,,True
MAHKTECH,NSE,EQ,INF769K01HS7,2026-10-09,22.38,23.19,23.19,22.2,22.63,-1.1,22.68,695887,15782921.28,854250.0,0.81,,22.49,23.64,-0.48,-5.32,False,51.66,34.13,21.34,-34.43,4.87,270,-1.1,3.71,-3.07,-3.62,0.27,-21.2,False
MAHLIFE,NSE,EQ,INE813A01018,2026-10-09,349.1,341.1,350.7,335.7,342.1,2.05,342.53,544305,186438239.0,139582.0,3.9,,361.52,361.76,-3.44,-3.5,False,42.18,421.7,294.25,-17.22,18.64,270,2.05,-0.58,-4.66,-7.86,0.61,-1.2,False
MAHLOG,NSE,EQ,INE766P01016,2026-10-09,400.35,394.9,404.35,391.0,395.4,1.25,399.21,125071,49929508.65,212867.0,0.59,,402.97,380.19,-0.65,5.3,True,46.09,442.7,279.55,-9.57,43.21,270,1.25,-3.85,-2.08,3.4,4.83,16.31,False
MAHSCOOTER,NSE,EQ,INE288A01013,2026-10-09,12155.0,12000.0,12276.0,11951.0,12048.0,0.89,12103.61,3114,37690648.0,5728.0,0.54,,12974.92,13393.7,-6.32,-9.25,False,34.63,17575.0,11109.0,-30.84,9.42,268,0.89,-1.82,-8.38,-7.49,-6.18,-30.42,False
MAHSEAMLES,NSE,EQ,INE271B01025,2026-10-09,618.1,645.3,648.95,615.25,644.25,-4.06,625.83,407344,254929760.6,461591.0,0.88,,664.82,622.36,-7.03,-0.68,True,33.85,737.65,506.45,-16.21,22.05,270,-4.06,-11.54,-9.19,3.29,1.33,3.37,False
MAITHANALL,NSE,EQ,INE683C01011,2026-10-09,879.25,886.0,898.1,875.0,887.55,-0.94,886.31,46024,40791674.0,64268.0,0.72,,976.51,1001.46,-9.96,-12.2,False,28.78,1173.6,833.1,-25.08,5.54,270,-0.94,-5.15,-17.15,-14.98,-6.64,-20.01,False
MAITREYA,NSE,SM,INE0PLQ01011,2026-10-09,119.0,115.0,120.5,115.0,112.65,5.64,117.52,7600,893180.0,3360.0,2.26,,121.01,164.18,-1.66,-27.52,False,52.73,288.65,107.75,-58.77,10.44,235,5.64,4.39,-0.83,-17.93,-39.67,,True
MAJESAUT,NSE,BE,INE201B01022,2026-10-09,364.8,369.0,370.0,354.1,365.55,-0.21,361.65,1745,631075.75,1761.0,0.99,,369.73,345.43,-1.33,5.61,True,47.34,495.45,297.55,-26.37,22.6,120,-0.21,-0.38,2.5,4.54,,,False
MAKEINDIA,NSE,EQ,INF769K01IB1,2026-10-09,152.11,152.41,152.67,150.08,151.43,0.45,151.91,23161,3518273.24,39620.0,0.58,,161.45,159.42,-5.79,-4.58,True,28.74,169.61,142.4,-10.32,6.82,270,0.45,-1.66,-8.07,-6.21,0.46,1.32,False
MAKERSL,NSE,EQ,INE987A01010,2026-10-09,177.07,179.5,180.5,177.0,179.5,-1.35,179.79,2971,534170.04,2440.0,1.22,,177.42,162.91,-0.2,8.69,True,51.35,220.86,152.59,-19.83,16.04,38,-1.35,-3.5,-4.09,,,,False
MAKS,NSE,SM,INE0CDK01019,2026-10-05,14.95,14.95,14.95,14.95,14.25,4.91,14.95,1500,22425.0,5250.0,0.29,,19.21,25.97,-22.19,-42.43,False,41.88,34.5,13.1,-56.67,14.12,69,4.91,-5.38,-8.28,-54.7,,,True
MAL,NSE,ST,INE00C401011,2026-10-09,36.75,36.65,36.75,36.65,36.8,-0.14,36.7,3200,117440.0,28240.0,0.11,,37.7,40.83,-2.52,-9.98,False,43.18,61.25,29.05,-40.0,26.51,237,-0.14,-10.37,-3.8,8.09,-8.12,,True
MALLCOM,NSE,EQ,INE389C01015,2026-10-09,900.95,887.0,918.55,885.05,900.85,0.01,899.79,577,519181.1,2969.0,0.19,,964.53,1052.68,-6.59,-14.41,False,35.55,1487.6,900.85,-39.44,0.01,270,0.01,-3.66,-8.22,-13.77,-18.2,-28.11,False
MALUPAPER,NSE,EQ,INE383H01017,2026-10-09,31.0,30.98,31.28,30.65,30.68,1.04,30.92,4155,128474.1,14506.0,0.29,,32.02,32.97,-3.19,-5.97,False,43.91,41.48,27.14,-25.27,14.22,270,1.04,-0.13,-10.38,1.08,-6.71,-18.78,False
MAMATA,NSE,EQ,INE0TO701015,2026-10-09,390.2,388.9,393.0,382.95,385.7,1.17,388.55,29794,11576519.2,85093.0,0.35,,402.62,402.78,-3.08,-3.12,False,42.43,463.55,299.25,-15.82,30.39,270,1.17,-2.43,-8.34,2.66,6.22,-12.81,False
MANAKALUCO,NSE,EQ,INE859Q01017,2026-10-09,31.88,32.0,32.0,31.02,31.22,2.11,31.67,30259,958273.84,50600.0,0.6,,35.85,34.63,-11.07,-7.93,True,31.87,64.88,21.74,-50.86,46.64,270,2.11,-5.57,-18.71,-8.78,17.51,-0.41,False
MANAKCOAT,NSE,EQ,INE830Q01018,2026-10-09,127.53,126.33,129.0,125.0,126.33,0.95,127.22,228621,29085162.84,511082.0,0.45,,124.63,122.54,2.33,4.07,True,51.54,180.31,96.72,-29.27,31.85,270,0.95,0.74,3.74,3.67,19.22,-1.74,False
MANAKSIA,NSE,EQ,INE015D01022,2026-10-09,57.36,57.69,58.0,56.63,56.82,0.95,57.4,24298,1394679.64,84558.0,0.29,,60.7,60.68,-5.5,-5.47,True,39.63,70.95,42.54,-19.15,34.84,270,0.95,-3.69,-15.3,-0.35,3.73,-15.03,False
MANAKSTEEL,NSE,BE,INE824Q01011,2026-10-09,111.44,105.61,111.44,102.3,106.14,4.99,108.48,42147,4571976.82,43707.0,0.96,,98.8,78.53,12.8,41.9,True,57.15,117.91,45.99,-5.49,142.31,270,4.99,2.34,6.81,45.16,92.07,88.79,False
MANALIPETC,NSE,EQ,INE201A01024,2026-10-09,85.87,86.0,87.87,85.1,85.88,-0.01,86.46,1584998,137031402.43,3682434.0,0.43,,79.14,68.29,8.51,25.74,True,53.76,92.36,39.38,-7.03,118.05,270,-0.01,9.88,-4.67,37.44,74.25,33.77,False
MANAPPURAM,NSE,EQ,INE522D01027,2026-10-09,314.8,305.95,315.25,305.5,304.15,3.5,311.78,4766370,1486049871.3,4476856.0,1.06,,327.62,315.26,-3.91,-0.15,True,44.76,371.85,251.1,-15.34,25.37,270,3.5,1.91,-3.14,-7.76,16.79,12.11,False
MANAV,NSE,SM,INE104Y01012,2026-10-05,38.75,38.75,38.75,38.75,40.75,-4.91,38.75,4000,155000.0,7400.0,0.54,,33.67,28.24,15.08,37.22,True,66.07,46.6,15.0,-16.85,158.33,137,-4.91,7.34,64.89,1.97,78.16,,True
MANBA,NSE,EQ,INE939X01013,2026-10-09,141.56,150.0,150.79,140.8,146.82,-3.58,143.8,160279,23047826.96,199938.0,0.8,,134.76,129.87,5.05,9.0,True,59.22,146.82,100.51,-3.58,40.84,270,-3.58,1.83,8.33,2.51,27.64,6.11,False
MANBRO,NSE,EQ,INE348N01042,2026-09-02,51.06,53.6,54.99,48.75,54.16,-5.72,50.27,498508,25057828.69,232683.0,2.14,,55.23,54.38,-7.55,-6.11,True,,60.51,51.06,-15.62,0.0,13,-5.72,-15.22,,,,,False
MANCREDIT,NSE,EQ,INE545L01039,2026-10-09,227.2,223.5,229.7,221.76,223.63,1.6,224.81,12164,2734586.51,121424.0,0.1,,224.88,205.77,1.03,10.42,True,51.61,257.36,157.48,-11.72,44.27,270,1.6,3.76,2.7,-4.3,29.3,26.07,False
MANDEEP,NSE,SM,INE0R3T01013,2026-10-08,18.0,17.75,18.0,17.75,18.0,0.0,17.88,12000,214500.0,15700.0,0.76,,18.67,22.16,-3.57,-18.77,False,47.79,31.9,17.0,-43.57,5.88,156,0.0,-0.28,4.35,-21.4,-27.71,,True
MANGALAM,NSE,EQ,INE584F01014,2026-10-09,31.06,31.66,34.62,30.5,31.48,-1.33,32.62,181357,5915624.85,91491.0,1.98,,30.62,35.15,1.44,-11.63,False,49.43,72.67,23.78,-57.26,30.61,270,-1.33,6.55,5.9,11.93,-1.62,-56.64,False
MANGCHEFER,NSE,EQ,INE558B01017,2025-10-30,308.75,310.75,310.75,300.25,310.05,-0.42,304.85,470852,143540419.45,418740.0,1.12,,322.34,331.75,-4.22,-6.93,False,31.89,337.8,305.1,-8.6,1.2,38,-0.42,-1.75,-3.77,,,,False
MANGLMCEM,NSE,EQ,INE347A01017,2026-10-09,954.3,951.0,956.8,935.25,950.8,0.37,949.46,36238,34406444.6,61071.0,0.59,,991.01,906.94,-3.7,5.22,True,36.57,1098.2,685.0,-13.1,39.31,270,0.37,-3.08,-10.18,-1.06,10.2,27.82,False
MANIKA,NSE,EQ,INE0KWF01020,2026-10-09,54.21,57.8,57.8,50.66,55.46,-2.25,53.45,2251163,120319738.3,3665528.0,0.61,,44.63,43.52,21.48,24.57,True,,58.64,41.37,-7.55,31.04,14,-2.25,29.13,,,,,False
MANILAM,NSE,SM,INE1ERK01013,2026-10-09,40.25,38.5,42.0,37.5,35.0,15.0,39.12,8000,313000.0,9600.0,0.83,,46.66,52.28,-13.74,-23.01,False,43.69,65.85,34.85,-38.88,15.49,109,15.0,5.92,-14.36,-34.87,,,True
MANINDS,NSE,EQ,INE993A01026,2026-10-09,867.9,860.4,891.5,852.9,857.85,1.17,875.54,377286,330327328.35,2021750.0,0.19,,786.67,594.56,10.33,45.97,True,51.51,1020.35,310.55,-14.94,179.47,270,1.17,-5.82,5.62,53.2,98.15,138.43,False
MANINFRA,NSE,EQ,INE949H01023,2026-10-09,117.16,117.5,119.3,116.51,117.74,-0.49,117.81,1485860,175044363.2,1878804.0,0.79,,119.11,118.01,-1.63,-0.72,True,38.29,150.02,78.44,-21.9,49.36,270,-0.49,-5.74,-8.29,11.95,24.77,-20.01,False
MANIPALHOS,NSE,EQ,INE459N01021,2026-10-09,701.3,683.45,716.0,683.45,684.05,2.52,701.09,1391905,975852034.1,992897.0,1.4,,711.71,687.13,-1.46,2.06,True,44.96,797.95,650.5,-12.11,7.81,46,2.52,0.76,-2.45,,,,False
MANKIND,NSE,EQ,INE634S01028,2026-10-09,2368.5,2380.0,2389.8,2342.0,2380.0,-0.48,2369.78,306899,727283792.0,609170.0,0.5,,2418.65,2376.17,-2.07,-0.32,True,44.55,2617.9,1927.4,-9.53,22.89,270,-0.48,-6.57,2.58,-6.2,15.99,-2.76,False
MANOMAY,NSE,EQ,INE784W01015,2026-10-09,239.33,237.0,240.18,230.0,232.54,2.92,236.02,372117,87827652.28,213694.0,1.74,,223.84,208.6,6.92,14.73,True,58.93,258.62,164.94,-7.46,45.1,270,2.92,-0.31,2.8,37.06,5.63,40.78,False
MANORAMA,NSE,EQ,INE00VM01036,2026-10-09,2043.4,1999.2,2050.0,1969.6,1998.5,2.25,2021.54,186151,376311298.5,176117.0,1.06,,1865.04,1610.08,9.56,26.91,True,64.53,2132.9,1075.8,-4.2,89.94,270,2.25,8.67,-4.2,27.44,56.03,46.57,False
MANORG,NSE,EQ,INE370D01013,2026-10-09,430.7,432.0,435.0,423.45,427.25,0.81,427.03,4090,1746551.25,7876.0,0.52,,468.34,490.56,-8.04,-12.2,False,36.83,619.95,367.05,-30.53,17.34,270,0.81,-1.4,-13.3,-19.49,-0.35,-19.72,False
MANUFGBEES,NSE,EQ,INF204KC1GH6,2026-10-09,150.23,149.5,150.93,148.2,149.43,0.54,149.63,16404,2454485.49,18410.0,0.89,,159.55,157.44,-5.84,-4.58,True,26.11,169.27,140.72,-11.25,6.76,270,0.54,-2.24,-7.64,-6.21,0.96,1.63,False
MANUGRAPH,NSE,BE,INE867A01022,2026-10-09,15.59,15.79,15.79,15.21,15.81,-1.39,15.57,20581,320346.93,214492.0,0.1,,16.4,16.23,-4.94,-3.91,True,42.95,23.52,9.76,-33.72,59.73,269,-1.39,-5.29,3.93,4.0,12.24,-30.71,False
MANYAVAR,NSE,EQ,INE825V01034,2026-10-09,500.75,491.0,504.0,483.8,489.9,2.21,495.38,127741,63279935.6,320773.0,0.4,,516.64,502.26,-3.08,-0.3,True,38.53,697.2,337.1,-28.18,48.55,270,2.21,-3.55,-13.6,27.69,25.82,-27.44,False
MAPMYINDIA,NSE,EQ,INE0BV301023,2026-10-09,873.1,872.0,890.95,856.2,874.7,-0.18,872.04,87144,75993065.4,198702.0,0.44,,937.8,1089.69,-6.9,-19.88,False,40.93,1949.2,801.1,-55.21,8.99,270,-0.18,3.23,-9.88,-19.41,-6.81,-47.06,False
MARALOVER,NSE,EQ,INE882A01013,2026-10-09,57.27,57.02,59.5,56.12,56.41,1.52,58.14,4936,286964.75,16000.0,0.31,,57.74,53.0,-0.81,8.05,True,46.19,65.83,35.41,-13.0,61.73,270,1.52,-0.75,-13.0,4.11,34.34,23.0,False
MARATHON,NSE,EQ,INE182D01020,2026-10-09,353.65,364.25,365.5,352.7,361.2,-2.09,355.55,41797,14860868.6,66579.0,0.63,,401.34,445.97,-11.88,-20.7,False,28.71,662.95,346.85,-46.66,1.96,270,-2.09,-8.88,-20.77,-13.74,-21.33,-40.07,False
MARC,NSE,ST,INE0TD401015,2026-10-09,150.1,150.1,150.1,146.0,150.1,0.0,148.73,3600,535440.0,14460.0,0.25,,133.7,98.57,12.27,52.28,True,56.33,156.0,41.55,-3.78,261.25,179,0.0,3.55,2.11,62.45,138.07,,True
MARCO,NSE,SM,INE0QP001012,2026-10-09,29.0,29.0,29.25,29.0,28.0,3.57,29.08,4500,130875.0,9675.0,0.47,,30.84,34.31,-5.96,-15.48,False,45.71,46.5,27.3,-37.63,6.23,243,3.57,-3.17,-6.9,-6.45,-12.12,,True
MARICO,NSE,EQ,INE196A01026,2026-10-09,786.15,781.1,791.2,781.1,777.25,1.15,786.98,933937,734986340.1,1613781.0,0.58,,817.84,802.16,-3.88,-2.0,True,40.54,885.35,701.75,-11.2,12.03,270,1.15,0.61,-4.58,-7.78,5.18,12.73,False
MARINE,NSE,EQ,INE01JE01028,2026-10-09,455.65,455.05,463.0,451.0,452.6,0.67,455.91,806212,367558198.2,2439917.0,0.33,,390.67,290.32,16.63,56.95,True,60.72,478.85,151.7,-4.84,200.36,270,0.67,4.38,9.41,76.13,137.45,112.86,False
MARINETRAN,NSE,ST,INE0P1P01017,2026-10-07,13.8,13.8,13.8,13.8,14.5,-4.83,13.8,8000,110400.0,6200.0,1.29,,16.3,16.95,-15.33,-18.6,False,37.93,27.0,13.3,-48.89,3.76,117,-4.83,-14.29,-2.13,-15.85,,,True
MARKOLINES,NSE,EQ,INE0FW001016,2026-10-09,169.24,166.01,170.68,163.5,164.44,2.92,169.05,169615,28673946.1,179799.0,0.94,,170.62,167.96,-0.81,0.76,True,48.94,188.47,133.68,-10.2,26.6,244,2.92,1.18,-4.48,1.52,10.41,,False
MARKSANS,NSE,EQ,INE750C01026,2026-10-09,309.1,308.5,316.4,308.0,307.8,0.42,311.34,1140146,354976644.3,2222037.0,0.51,,312.63,251.44,-1.13,22.93,True,42.44,347.6,156.89,-11.08,97.02,270,0.42,-5.07,-7.98,13.47,77.03,87.29,False
MARSHALL,NSE,BZ,INE00SZ01018,2025-12-29,3.64,3.8,3.95,3.64,3.83,-4.96,3.7,59239,218924.25,82220.0,0.72,,5.28,5.9,-31.05,-38.27,False,8.5,6.16,3.64,-40.91,0.0,17,-4.96,-10.12,,,,,False
MARSONS,NSE,EQ,INE415B01044,2026-10-09,131.11,127.51,136.5,127.51,126.79,3.41,132.62,8400475,1114055358.55,3564140.0,2.36,,121.81,128.13,7.63,2.33,False,58.42,170.76,102.19,-23.22,28.3,142,3.41,14.75,0.03,10.31,-6.1,,False
MARUSHIKA,NSE,SM,INE0X7G01013,2026-10-09,112.0,112.0,112.0,112.0,110.0,1.82,112.0,1200,134400.0,13440.0,0.09,,109.66,106.1,2.13,5.56,True,47.73,119.95,80.95,-6.63,38.36,119,1.82,0.81,1.82,31.76,,,True
MARUTI,NSE,EQ,INE585B01010,2026-10-09,11420.0,11291.0,11455.0,11247.0,11228.0,1.71,11392.82,353177,4023682173.0,420859.0,0.84,,12594.37,13650.45,-9.32,-16.34,False,31.75,17292.0,11228.0,-33.96,1.71,270,1.71,0.3,-9.66,-17.57,-16.04,-28.75,False
MASFIN,NSE,EQ,INE348L01012,2026-10-09,266.7,262.95,268.0,261.7,262.95,1.43,266.06,63479,16889096.55,230022.0,0.28,,290.6,305.62,-8.22,-12.73,False,33.91,347.4,262.95,-23.23,1.43,270,1.43,-2.25,-8.08,-17.29,-14.4,-11.66,False
MASKINVEST,NSE,EQ,INE885F01015,2026-10-08,144.2,144.27,144.27,140.0,144.99,-0.54,142.34,154,21921.02,364.0,0.42,,146.83,149.21,-1.79,-3.36,False,48.41,223.72,121.36,-35.54,18.82,258,-0.54,-4.47,-2.99,-4.21,3.32,-5.63,False
MASON,NSE,SM,INE0SH001010,2026-10-09,108.55,95.0,111.0,95.0,98.2,10.54,104.64,59500,6226350.0,17975.0,3.31,,113.89,139.49,-4.69,-22.18,False,48.27,209.0,98.2,-48.06,10.54,266,10.54,3.38,-3.12,-15.13,-24.17,-46.05,True
MASPTOP50,NSE,EQ,INF769K01HP3,2026-10-09,115.11,114.46,116.0,112.79,111.67,3.08,114.97,958323,110181907.18,2043052.0,0.47,,94.17,81.07,22.24,41.99,True,65.12,124.48,67.0,-7.53,71.81,270,3.08,13.36,18.66,46.96,66.66,68.71,False
MASTEK,NSE,EQ,INE759A01021,2026-10-09,1679.9,1656.2,1732.0,1656.2,1651.2,1.74,1698.44,196011,332912279.4,107633.0,1.82,,1658.55,1779.26,1.29,-5.58,False,56.33,2336.4,1342.2,-28.1,25.16,270,1.74,7.99,1.55,-0.01,5.95,-23.4,False
MASTER,NSE,SM,INE0OJM01017,2026-10-07,415.0,415.0,415.0,415.0,410.5,1.1,415.0,1500,622500.0,2000.0,0.75,,412.67,376.11,0.56,10.34,True,50.14,500.25,284.65,-17.04,45.79,193,1.1,5.87,-7.57,18.91,29.69,,True
MASTERTR,NSE,EQ,INE677D01037,2026-10-09,82.52,82.82,85.59,81.74,81.6,1.13,83.24,648176,53955672.74,414459.0,1.56,,84.03,92.03,-1.8,-10.34,False,45.26,161.91,56.34,-49.03,46.47,270,1.13,1.05,-10.39,-11.47,12.58,-42.81,False
MATRIMONY,NSE,EQ,INE866R01028,2026-10-09,528.75,510.0,533.2,510.0,517.8,2.11,524.76,12146,6373745.85,16545.0,0.73,,507.18,478.63,4.25,10.47,True,54.14,569.45,379.3,-7.15,39.4,270,2.11,6.39,2.46,21.0,20.66,-4.23,False
MAWANASUG,NSE,EQ,INE636A01039,2026-10-09,146.44,146.97,150.9,145.06,145.11,0.92,146.99,173010,25431182.75,401038.0,0.43,,133.77,111.94,9.47,30.81,True,56.73,152.54,76.08,-4.0,92.48,270,0.92,5.47,2.76,30.75,52.46,66.41,False
MAXESTATES,NSE,EQ,INE03EI01018,2026-10-09,529.55,535.65,535.65,526.1,531.75,-0.41,529.27,33339,17645437.35,183652.0,0.18,,527.27,461.37,0.43,14.78,True,41.59,616.8,308.75,-14.15,71.51,270,-0.41,-6.48,-1.6,17.81,46.67,13.81,False
MAXHEALTH,NSE,EQ,INE027H01010,2026-10-09,883.8,896.8,917.05,879.2,873.4,1.19,894.42,5377260,4809540725.3,3003032.0,1.79,,1003.16,1044.14,-11.9,-15.36,False,27.75,1211.0,873.4,-27.02,1.19,270,1.19,-6.07,-11.0,-20.24,-6.09,-20.71,False
MAXIND,NSE,EQ,INE0CG601016,2026-10-09,154.73,158.0,160.09,153.0,158.42,-2.33,155.46,30083,4676641.87,92240.0,0.33,,155.33,165.49,-0.39,-6.5,False,50.13,218.82,122.85,-29.29,25.95,270,-2.33,-4.95,5.1,-5.75,0.84,-27.63,False
MAXPOSURE,NSE,SM,INE0ECC01022,2026-10-09,33.3,34.5,34.8,33.3,34.0,-2.06,33.81,9000,304300.0,13300.0,0.68,,34.67,39.51,-3.95,-15.72,False,43.43,61.8,29.0,-46.12,14.83,234,-2.06,-7.5,11.74,2.15,-2.92,,True
MAXVOLT,NSE,SM,INE10A501018,2026-10-09,421.15,429.0,433.0,418.0,425.9,-1.12,425.33,26000,11058500.0,68940.0,0.38,,383.23,361.45,9.9,16.52,True,58.32,493.75,250.0,-14.7,68.46,270,-1.12,-0.92,31.59,22.13,27.37,55.84,True
MAYASHEEL,NSE,SM,INE0ZTO01018,2026-10-08,32.5,33.0,35.75,32.5,33.0,-1.52,33.75,9000,303750.0,17700.0,0.51,,39.12,49.55,-16.93,-34.42,False,40.14,77.6,32.5,-58.12,0.0,204,-1.52,-3.7,-16.24,-42.98,-43.92,,True
MAYURUNIQ,NSE,EQ,INE040D01038,2026-10-09,788.4,750.3,795.0,745.2,749.9,5.13,777.17,232886,180991328.55,115654.0,2.01,,747.75,681.63,5.44,15.66,True,61.19,883.8,477.9,-10.79,64.97,270,5.13,10.8,6.46,-5.42,38.73,55.52,False
MAZDA,NSE,BE,INE885E01042,2026-10-09,279.05,270.0,283.0,269.5,271.7,2.71,276.4,17920,4953169.95,55657.0,0.32,,258.7,238.76,7.86,16.87,True,55.35,303.3,161.12,-8.0,73.19,270,2.71,-3.16,2.69,15.21,44.5,6.61,False
MAZDOCK,NSE,EQ,INE249Z01020,2026-10-09,2010.0,2024.0,2024.0,1987.7,1990.0,1.01,2003.53,883444,1770007958.6,623021.0,1.42,,2297.16,2440.07,-12.5,-17.63,False,26.89,2888.7,1990.0,-30.42,1.01,270,1.01,-2.62,-18.5,-16.95,-16.08,-27.21,False
MBAPL,NSE,EQ,INE900L01028,2026-10-09,165.32,164.15,166.37,160.9,163.42,1.16,164.33,424263,69719655.52,848090.0,0.5,,186.71,321.09,-11.46,-48.51,False,48.17,604.3,112.85,-72.64,46.5,270,1.16,-0.31,0.58,25.96,-69.66,-56.35,False
MBECL,NSE,BE,INE748A01024,2026-10-09,464.85,464.85,464.85,464.85,474.3,-1.99,464.85,366,170135.1,5049.0,0.07,,349.79,264.31,32.9,75.87,True,77.78,503.85,223.65,-7.74,107.85,27,-1.99,-5.9,62.87,,,,False
MBEL,NSE,EQ,INE08N601015,2026-10-09,266.61,266.9,269.72,261.77,265.56,0.4,266.1,271509,72248326.8,533266.0,0.51,,270.23,308.25,-1.34,-13.51,False,51.98,514.25,226.45,-48.16,17.73,270,0.4,5.9,-0.41,-16.58,-13.53,-30.43,False
MBLINFRA,NSE,EQ,INE912H01013,2026-10-09,23.67,23.6,24.78,22.16,23.88,-0.88,23.54,56217,1323091.36,60498.0,0.93,,23.57,27.0,0.43,-12.33,False,53.81,43.75,19.07,-45.9,24.12,270,-0.88,2.42,-1.25,-9.03,-8.15,-42.91,False
MCCHRLS-B,NSE,EQ,INE435D01014,2026-10-09,677.95,676.0,686.95,665.0,675.15,0.41,678.26,80,54260.95,2160.0,0.04,,679.16,681.47,-0.18,-0.52,False,50.5,716.45,654.8,-5.37,3.54,120,0.41,-1.75,1.19,-3.43,,,False
MCL,NSE,EQ,INE813V01022,2026-10-09,53.95,54.83,55.92,53.0,53.75,0.37,54.09,38830,2100290.45,65420.0,0.59,,56.83,57.73,-5.07,-6.55,False,42.75,93.2,42.43,-42.11,27.15,270,0.37,-1.26,-9.1,-0.94,-15.7,-11.75,False
MCLEODRUSS,NSE,EQ,INE942G01012,2026-10-09,41.23,41.6,41.99,40.1,40.63,1.48,40.96,163973,6717061.38,301524.0,0.54,,46.61,49.46,-11.55,-16.64,False,39.77,78.41,28.97,-47.42,42.32,270,1.48,-3.01,-8.3,-25.0,5.8,11.4,False
MCLOUD,NSE,EQ,INE613C01026,2026-10-09,24.5,24.29,24.76,24.13,24.3,0.82,24.63,1351617,33293246.62,1528781.0,0.88,,26.22,32.12,-6.55,-23.71,False,40.19,77.26,19.79,-68.29,23.8,270,0.82,1.03,-5.48,-16.52,-5.91,-68.19,False
MCON,NSE,SM,INE0O4M01019,2026-10-09,39.3,39.35,39.35,39.25,41.0,-4.15,39.33,12000,471950.0,8050.0,1.49,,42.5,50.45,-7.53,-22.1,False,41.62,83.0,37.8,-52.65,3.97,243,-4.15,-4.03,-7.53,-13.63,-8.5,,True
MCX,NSE,EQ,INE745G01043,2026-10-09,3318.2,3265.0,3342.0,3221.0,3255.6,1.92,3308.96,1632264,5401095959.7,1887488.0,0.86,,3173.07,3812.27,4.57,-12.96,False,54.04,11136.0,2191.0,-70.2,51.45,270,1.92,3.56,-0.71,19.76,27.8,-57.44,False
MDL,NSE,SM,INE575Z01010,2026-10-09,59.0,59.05,59.05,59.0,59.0,0.0,59.02,2000,118050.0,6200.0,0.32,,61.85,67.8,-4.6,-12.98,False,45.33,101.25,43.1,-41.73,36.89,191,0.0,-9.16,-3.04,6.31,16.83,,True
MEDANTA,NSE,EQ,INE474Q01031,2026-10-09,1312.7,1290.0,1322.6,1288.8,1276.5,2.84,1308.94,235514,308274496.3,251270.0,0.94,,1397.37,1311.49,-6.06,0.09,True,37.0,1508.9,961.1,-13.0,36.58,270,2.84,-3.29,-8.11,-1.81,23.99,-0.1,False
MEDIASSIST,NSE,EQ,INE456Z01021,2026-10-09,301.15,295.2,304.85,294.05,295.2,2.02,299.34,96232,28806273.05,284771.0,0.34,,328.29,373.15,-8.27,-19.29,False,38.94,571.15,295.2,-47.27,2.02,270,2.02,0.89,-9.09,-15.83,-16.82,-42.25,False
MEDICAMEQ,NSE,BE,INE646B01010,2026-10-09,300.85,304.0,305.0,298.0,304.7,-1.26,301.22,11443,3446826.4,63879.0,0.18,,287.65,286.74,4.59,4.92,True,49.15,415.95,219.88,-27.67,36.82,270,-1.26,-5.57,5.28,22.62,25.02,1.86,False
MEDICAPQ,NSE,BE,INE442D01010,2026-10-09,25.5,25.5,25.5,25.5,24.29,4.98,25.5,1292,32946.0,33655.0,0.04,,25.86,25.54,-1.4,-0.17,True,48.0,35.22,23.56,-27.6,8.23,38,4.98,-2.11,-0.47,,,,False
MEDICO,NSE,EQ,INE630Y01024,2026-10-09,22.8,22.2,23.15,21.0,21.83,4.44,22.16,309864,6867310.94,757335.0,0.41,,33.99,40.46,-32.93,-43.65,False,24.24,54.24,21.53,-57.96,5.9,270,4.44,4.3,-41.96,-42.58,-41.72,-52.71,False
MEDIORG,NSE,SM,INE0PE401018,2026-10-09,23.35,24.0,24.0,23.35,24.55,-4.89,23.48,10000,234800.0,9300.0,1.08,,24.16,26.19,-3.34,-10.84,False,47.5,37.9,19.4,-38.39,20.36,224,-4.89,-3.31,0.86,14.74,-1.68,,True
MEDISTEP,NSE,SM,INE0UOY01019,2026-10-01,20.5,20.25,20.5,19.7,21.2,-3.3,20.06,15000,300900.0,14700.0,1.02,,20.18,23.27,1.6,-11.89,False,50.74,35.0,16.5,-41.43,24.24,200,-3.3,12.02,9.33,13.89,-20.39,,True
MEDPLUS,NSE,EQ,INE804L01022,2026-10-09,625.3,631.9,631.9,619.1,631.9,-1.04,625.11,109815,68646199.65,90285.0,1.22,,680.1,766.46,-8.06,-18.42,False,30.16,953.9,625.3,-34.45,0.0,270,-1.04,-4.43,-5.75,-24.31,-27.41,-17.45,False
MEESHO,NSE,EQ,INE0VDM01015,2026-10-09,232.74,232.5,233.71,224.31,232.19,0.24,230.14,6032710,1388365615.0,25489341.0,0.24,,212.51,189.01,9.52,23.13,True,58.82,240.19,134.77,-3.1,72.69,205,0.24,6.42,10.27,19.9,52.4,,False
MEGAFLEX,NSE,SM,INE0G1D01014,2026-10-09,134.4,134.4,134.4,134.4,128.0,5.0,134.4,1000,134400.0,1950.0,0.51,,110.4,96.49,21.74,39.29,True,77.28,155.05,45.05,-13.32,198.34,155,5.0,23.19,34.74,0.07,134.15,,True
MEGASOFT,NSE,BE,INE933B01012,2026-02-06,188.95,190.0,190.75,181.15,187.46,0.79,186.24,92756,17275338.08,105208.0,0.88,,183.46,168.49,2.99,12.14,True,54.67,221.9,143.07,-14.85,32.07,105,0.79,10.97,-6.94,-10.34,,,False
MEGASTAR,NSE,EQ,INE00EM01016,2026-10-09,292.53,292.31,304.98,290.01,292.31,0.08,294.18,17182,5054648.07,9887.0,1.74,,293.89,287.78,-0.46,1.65,True,54.09,383.35,208.4,-23.69,40.37,270,0.08,9.49,1.27,-23.69,7.51,31.49,False
MEGATHERM,NSE,SM,INE531R01010,2026-10-09,241.95,247.0,247.0,240.5,247.95,-2.42,243.07,9600,2333460.0,25080.0,0.38,,234.87,233.45,3.01,3.64,True,49.8,287.75,171.65,-15.92,40.96,270,-2.42,-0.68,6.23,3.22,3.0,-13.08,True
MEIL,NSE,EQ,INE0PKD01011,2026-10-09,277.25,266.2,311.5,258.05,266.2,4.15,295.17,2270327,670129735.95,149764.0,15.16,,277.28,315.2,-0.01,-12.04,False,53.57,485.05,208.54,-42.84,32.95,270,4.15,5.78,-3.3,-7.92,8.93,-42.03,False
MENNPIS,NSE,BE,INE650G01029,2026-10-09,67.94,69.99,70.0,67.5,69.99,-2.93,68.15,35606,2426535.32,24464.0,1.46,,72.27,65.56,-5.99,3.63,True,36.64,84.28,53.39,-19.39,27.25,120,-2.93,-4.59,-19.39,-4.93,,,False
MENONBE,NSE,EQ,INE071D01033,2026-10-09,289.15,287.2,293.85,280.15,287.1,0.71,285.61,65337,18660699.0,88739.0,0.74,,272.84,196.37,5.98,47.25,True,49.38,321.4,102.65,-10.03,181.69,270,0.71,0.26,-0.65,68.57,154.49,125.48,False
MEP,NSE,BZ,INE776I01010,2026-10-09,0.68,0.69,0.7,0.68,0.69,-1.45,0.68,88961,60843.96,61926.0,1.44,,0.67,0.95,1.28,-28.51,False,55.46,2.82,0.51,-75.89,33.33,270,-1.45,1.49,-1.45,6.25,-20.0,-63.24,False
MERCANTILE,NSE,EQ,INE689O01013,2026-10-09,21.0,20.71,21.98,20.13,20.7,1.45,20.77,1605,33339.54,3287.0,0.49,,23.43,23.58,-10.36,-10.95,False,36.06,29.7,20.7,-29.29,1.45,119,1.45,-8.62,-15.05,-17.49,,,False
MERCURYEV,NSE,EQ,INE763M01028,2026-10-09,36.97,36.0,37.49,36.0,36.48,1.34,36.88,184506,6804133.1,722910.0,0.26,,37.69,36.48,-1.92,1.33,True,44.25,41.86,30.77,-11.68,20.15,91,1.34,-0.24,-3.67,3.59,,,False
METAL,NSE,EQ,INF769K01LY7,2026-10-09,12.12,12.32,12.32,11.96,12.02,0.83,12.1,1446902,17510993.49,2645440.0,0.55,,12.97,12.42,-6.56,-2.42,True,31.72,13.83,10.1,-12.36,20.0,270,0.83,-3.73,-8.73,-5.31,-0.33,13.06,False
METALIC,NSE,ST,INE1II801013,2026-10-09,169.3,162.05,169.3,160.1,161.25,4.99,167.68,94400,15828560.0,86880.0,1.09,,142.46,106.63,18.84,58.77,True,57.82,188.0,83.05,-9.95,103.85,52,4.99,-4.67,23.62,,,,True
METALIETF,NSE,EQ,INF109KC19W1,2026-10-09,12.08,12.09,12.12,11.92,12.09,-0.08,12.04,5727492,68973717.16,7202454.0,0.8,,12.93,12.39,-6.57,-2.49,True,29.97,13.81,10.06,-12.53,20.08,270,-0.08,-4.2,-8.83,-5.25,-0.33,19.49,False
METROBRAND,NSE,EQ,INE317I01021,2026-10-09,864.65,846.15,870.0,834.55,840.65,2.85,856.92,30100,25793200.3,106980.0,0.28,,920.58,1012.23,-6.08,-14.58,False,42.21,1267.0,812.5,-31.76,6.42,270,2.85,3.74,-8.85,-18.4,-11.95,-32.99,False
METROGLOBL,NSE,EQ,INE085D01033,2026-10-09,125.87,126.28,128.5,120.01,126.28,-0.32,121.45,552,67040.25,978.0,0.56,,133.51,131.84,-5.72,-4.53,True,39.42,154.74,124.6,-18.66,1.02,120,-0.32,-4.3,-10.03,-5.65,,,False
METROPOLIS,NSE,EQ,INE112L01020,2026-10-09,529.25,525.85,532.5,516.0,525.85,0.65,526.6,108778,57282038.8,220960.0,0.49,,570.79,918.24,-7.28,-42.36,False,34.06,2107.4,421.75,-74.89,25.49,270,0.65,-1.61,-9.09,-6.81,16.06,-74.01,False
MFML,NSE,EQ,INE0US801024,2026-10-09,18.35,18.37,19.2,18.35,18.3,0.27,18.55,1115,20687.67,5811.0,0.19,,19.05,21.86,-3.65,-16.07,False,46.66,30.56,18.15,-39.95,1.1,270,0.27,-1.98,-1.82,-7.46,-20.63,-37.37,False
MFSL,NSE,EQ,INE180A01020,2026-10-09,1309.7,1316.0,1332.2,1301.0,1322.4,-0.96,1318.25,809621,1067280002.3,1530496.0,0.53,,1483.49,1572.31,-11.72,-16.7,False,31.98,1870.0,1309.7,-29.96,0.0,270,-0.96,-5.91,-12.61,-19.8,-17.46,-16.89,False
MGEL,NSE,EQ,INE0APB01032,2026-10-09,15.81,15.9,15.98,15.71,15.9,-0.57,15.82,122983,1945593.36,1086002.0,0.11,,15.45,14.75,2.33,7.19,True,54.3,17.99,9.78,-12.12,61.66,270,-0.57,3.06,2.0,-5.61,30.55,-0.63,False
MGL,NSE,EQ,INE002S01010,2026-10-09,1042.8,1046.0,1052.0,1032.5,1043.9,-0.11,1043.79,137813,143848428.0,129001.0,1.07,,1081.43,1117.33,-3.57,-6.67,False,39.6,1313.6,908.4,-20.62,14.8,270,-0.11,-0.25,-5.47,-7.41,3.4,-19.48,False
MGSL,NSE,SM,INE132901013,2026-10-09,58.35,59.0,59.0,58.0,60.0,-2.75,58.41,14400,841080.0,33720.0,0.43,,68.6,76.77,-14.94,-24.0,False,38.77,116.8,57.45,-50.04,1.57,237,-2.75,1.57,-19.52,-11.59,-17.87,,True
MHHL,NSE,SM,INE450S01011,2026-09-30,31.35,31.6,31.6,31.2,32.5,-3.54,31.39,12000,376650.0,5550.0,2.16,,33.89,39.63,-7.48,-20.9,False,44.51,54.5,29.2,-42.48,7.36,195,-3.54,2.45,-11.19,-19.62,-15.73,,True
MHLXMIRU,NSE,BE,INE112D01035,2026-10-09,168.65,171.4,175.0,162.05,167.82,0.49,169.15,5378,909665.5,9574.0,0.56,,166.42,174.97,1.34,-3.61,False,50.83,233.08,110.12,-27.64,53.15,270,0.49,-3.63,1.44,21.15,2.17,-23.1,False
MHRIL,NSE,EQ,INE998I01010,2026-10-09,188.02,187.23,189.0,184.91,187.23,0.42,186.52,138037,25747086.24,112527.0,1.23,,206.54,245.18,-8.97,-23.31,False,29.47,352.6,187.23,-46.68,0.42,270,0.42,-3.51,-8.6,-19.55,-26.26,-46.71,False
MICEL,NSE,BE,INE287C01037,2026-10-09,34.37,33.7,34.37,33.7,33.7,1.99,34.12,88811,3029795.44,111224.0,0.8,,36.27,41.18,-5.23,-16.53,False,43.14,60.45,29.97,-43.14,14.68,270,1.99,-4.53,-5.37,-7.98,-9.36,-40.02,False
MICROPRO,NSE,SM,INE0PZK01014,2026-10-09,17.35,17.35,17.35,17.35,16.25,6.77,17.35,1600,27760.0,4000.0,0.4,,18.53,20.32,-6.39,-14.6,False,43.66,26.95,15.8,-35.62,9.81,188,6.77,-3.61,-8.2,-3.88,-13.25,,True
MID150,NSE,EQ,INF174KA1VW2,2026-10-09,21.94,22.04,22.04,21.73,22.04,-0.45,21.92,93760,2054878.32,121653.0,0.77,,23.01,22.71,-4.67,-3.4,True,32.44,23.98,19.74,-8.51,11.14,270,-0.45,-0.5,-6.56,-6.6,3.49,3.2,False
MID150BEES,NSE,EQ,INF204KB1V68,2026-10-09,223.72,222.0,224.0,220.51,221.17,1.15,222.91,697160,155405900.37,864458.0,0.81,,233.94,231.01,-4.37,-3.16,True,32.94,243.82,200.3,-8.24,11.69,270,1.15,-0.36,-6.4,-6.62,3.43,2.86,False
MID150CASE,NSE,EQ,INF0R8F01059,2026-10-09,10.88,10.84,10.91,10.74,10.75,1.21,10.84,1262277,13680144.15,1412499.0,0.89,,11.38,11.22,-4.4,-3.01,True,33.77,11.88,9.73,-8.42,11.82,270,1.21,-0.18,-6.45,-6.45,3.82,3.62,False
MIDBANKADD,NSE,EQ,INF740KA1ZH9,2026-10-09,16.39,16.08,16.39,16.07,16.07,1.99,16.17,11648,188372.35,124302.0,0.09,,17.05,17.3,-3.85,-5.25,False,38.77,17.83,16.07,-8.08,1.99,44,1.99,0.0,-5.97,,,,False
MIDCAP,NSE,EQ,INF174KA1ZC5,2026-10-09,17.18,17.39,17.39,16.9,16.97,1.24,17.09,379272,6482856.83,500883.0,0.76,,18.4,51.61,-6.63,-66.71,False,31.37,179.2,15.33,-90.41,12.07,270,1.24,-0.29,-7.14,-6.63,3.56,-89.44,False
MIDCAPADD,NSE,EQ,INF740KA1WW5,2026-10-09,21.79,21.95,22.0,21.4,21.52,1.25,21.57,97817,2109604.21,37005.0,2.64,,22.74,22.48,-4.17,-3.09,True,40.38,23.75,19.41,-8.25,12.26,199,1.25,-1.27,-5.67,-6.24,6.09,,False
MIDCAPBETA,NSE,EQ,INF789F1AYX9,2026-10-09,216.83,218.14,220.0,216.09,219.23,-1.09,217.47,907,197245.09,6523.0,0.14,,229.34,226.94,-5.45,-4.45,True,31.55,239.83,196.66,-9.59,10.26,195,-1.09,-2.33,-7.29,-7.38,2.81,,False
MIDCAPETF,NSE,EQ,INF769K01IC9,2026-10-09,22.09,22.37,22.37,21.79,21.83,1.19,21.99,1865104,41022550.73,2627324.0,0.71,,23.11,22.82,-4.41,-3.21,True,32.76,24.09,19.82,-8.3,11.45,270,1.19,-0.23,-6.52,-6.56,3.47,3.08,False
MIDCAPIETF,NSE,EQ,INF109KC11W8,2026-10-09,22.4,22.16,22.45,22.07,22.11,1.31,22.29,604630,13474398.48,1321841.0,0.46,,23.41,23.12,-4.32,-3.12,True,34.25,24.36,20.11,-8.05,11.39,270,1.31,-0.18,-6.32,-6.43,3.51,3.13,False
MIDHANI,NSE,EQ,INE099Z01011,2026-10-09,440.5,443.6,448.45,434.1,442.55,-0.46,441.23,496242,218954602.55,1251858.0,0.4,,425.47,399.38,3.53,10.3,True,54.25,477.0,270.45,-7.65,62.88,270,-0.46,1.59,-7.65,5.91,37.31,16.78,False
MIDQ50ADD,NSE,EQ,INF740KA1ZF3,2026-10-09,23.51,23.38,25.67,23.24,23.38,0.56,23.47,19363,454368.43,37685.0,0.51,,38.35,133.92,-38.7,-82.44,False,20.25,252.84,23.38,-90.7,0.56,270,0.56,0.17,-5.66,-5.43,-89.71,-90.3,False
MIDSELIETF,NSE,EQ,INF109KC10W0,2026-10-09,18.32,18.2,18.48,18.12,18.1,1.22,18.33,291419,5342166.55,292377.0,1.0,,19.23,18.67,-4.76,-1.88,True,32.12,20.16,15.57,-9.13,17.66,270,1.22,-0.81,-7.89,-5.32,7.83,6.88,False
MIDSMALL,NSE,EQ,INF769K01LJ8,2026-10-09,49.59,49.39,49.84,48.93,49.11,0.98,49.45,146354,7237305.48,280990.0,0.52,,50.92,49.9,-2.61,-0.62,True,39.47,52.75,42.62,-5.99,16.35,270,0.98,0.36,-4.58,-2.86,5.98,5.71,False
MIDWESTLTD,NSE,EQ,INE0XAD01024,2026-10-09,990.05,1010.0,1019.0,977.05,989.8,0.03,994.24,32740,32551425.75,55799.0,0.59,,1057.15,1192.86,-6.35,-17.0,False,48.24,1803.6,877.0,-45.11,12.89,237,0.03,9.5,-8.19,-25.69,-25.27,,False
MIEL,NSE,SM,INE0R3101011,2026-10-09,11.7,11.7,11.7,11.7,11.9,-1.68,11.7,2000,23400.0,6400.0,0.31,,12.88,16.37,-9.18,-28.53,False,38.68,30.95,10.9,-62.2,7.34,227,-1.68,-14.6,-3.31,-15.83,-32.95,,True
MIIL,NSE,EQ,INE898Q01015,2026-10-09,666.55,676.0,677.95,663.75,670.85,-0.64,667.08,47709,31825502.5,77386.0,0.62,,689.59,686.65,-3.34,-2.93,True,50.33,726.45,663.0,-8.25,0.54,38,-0.64,-1.55,-5.4,,,,False
MILKYMIST,NSE,BE,INE00IT01020,2026-10-09,320.4,316.2,329.05,316.2,328.35,-2.42,321.51,897117,288435836.55,4667958.0,0.19,,261.77,209.59,22.4,52.87,True,69.15,335.15,181.5,-4.4,76.53,37,-2.42,3.87,16.1,,,,False
MILTON,NSE,SM,INE376Y01016,2026-10-09,33.75,33.75,33.75,33.75,35.5,-4.93,33.75,4400,148500.0,90420.0,0.05,,37.5,34.13,-10.01,-1.12,True,40.59,52.0,24.85,-35.1,35.81,90,-4.93,-6.77,-11.3,-30.91,,,True
MINALIND,NSE,BE,INE097E01028,2026-10-09,3.93,3.93,3.93,3.93,4.01,-2.0,3.93,1056,4150.08,5804.0,0.18,,3.99,2.82,-1.59,39.38,True,34.3,5.89,2.06,-33.28,90.78,38,-2.0,-9.24,-33.28,,,,False
MINDACORP,NSE,EQ,INE842C01021,2026-10-09,636.3,635.05,643.45,630.6,635.15,0.18,638.36,153138,97757629.85,197776.0,0.77,,681.04,629.65,-6.57,1.06,True,34.85,745.25,480.85,-14.62,32.33,270,0.18,-4.65,-10.17,-8.96,19.48,11.74,False
MINDPOOL,NSE,SM,INE00RQ01019,2026-08-28,71.1,71.1,71.1,71.1,71.1,0.0,71.1,1000,71100.0,6000.0,0.17,,71.1,71.1,0.0,0.0,False,,71.1,71.1,0.0,0.0,2,0.0,,,,,,True
MINDSPACE,NSE,BL,INE0CCU25019,2026-02-12,484.81,484.81,484.81,484.81,275.0,76.29,484.81,730621,354212367.01,730621.0,1.0,,484.81,484.81,0.0,0.0,False,,484.81,484.81,0.0,0.0,1,,,,,,,False
MINDTECK,NSE,EQ,INE110B01017,2026-10-09,139.37,136.4,142.0,135.41,135.08,3.18,138.51,31466,4358227.57,32137.0,0.98,,165.67,191.1,-15.88,-27.07,False,26.54,296.22,135.08,-52.95,3.18,270,3.18,-7.66,-15.53,-33.71,-22.97,-38.8,False
MIRCELECTR,NSE,BE,INE831A01028,2026-06-18,38.22,37.73,38.45,37.4,37.73,1.3,38.1,237881,9064047.85,602914.0,0.39,,36.79,31.61,3.88,20.93,True,49.61,46.12,21.8,-17.13,75.32,192,1.3,6.91,-2.75,56.0,54.93,,False
MIRZAINT,NSE,EQ,INE771A01026,2026-10-09,27.27,27.46,27.92,27.11,27.44,-0.62,27.47,43176,1185901.22,92401.0,0.47,,30.35,32.7,-10.16,-16.62,False,24.7,40.72,25.05,-33.03,8.86,270,-0.62,-1.37,-11.26,-31.59,-13.87,-29.53,False
MITCON,NSE,EQ,INE828O01033,2026-10-09,75.52,77.84,77.84,73.15,77.85,-2.99,75.4,8108,611345.45,28791.0,0.28,,79.57,74.91,-5.09,0.82,True,37.44,89.98,51.92,-16.07,45.45,270,-2.99,-6.0,-6.47,1.34,5.36,12.67,False
MITTAL,NSE,EQ,INE997Y01027,2026-10-09,0.7,0.69,0.72,0.67,0.69,1.45,0.69,1378808,956215.65,1774101.0,0.78,,0.8,0.98,-12.89,-28.52,False,34.93,1.57,0.69,-55.41,1.45,270,1.45,0.0,-18.6,-23.08,-27.08,-55.97,False
MKEXIM,NSE,EQ,INE227F01010,2026-10-09,57.81,57.75,60.18,56.56,57.76,0.09,58.42,10950,639701.49,15991.0,0.68,,61.8,56.93,-6.46,1.55,True,31.13,69.84,53.91,-17.23,7.23,38,0.09,-13.08,-9.69,,,,False
MKPL,NSE,EQ,INE964W01021,2026-10-09,3.97,3.98,4.03,3.88,3.92,1.28,3.96,84090,333096.23,117573.0,0.72,,4.11,4.83,-3.37,-17.72,False,47.0,7.15,3.87,-44.48,2.58,270,1.28,1.79,-0.5,-13.32,-25.93,-41.45,False
MLKFOOD,NSE,EQ,INE588G01021,2026-10-09,87.16,85.15,87.95,84.91,85.15,2.36,85.94,4342,373165.75,5469.0,0.79,,83.3,82.23,4.63,6.0,True,50.66,91.88,75.59,-5.14,15.31,38,2.36,3.6,2.7,,,,False
MMEL,NSE,SM,INE0XM301010,2026-10-08,24.25,26.75,26.75,24.25,25.5,-4.9,25.78,16000,412500.0,8800.0,1.82,,27.8,37.78,-12.76,-35.82,False,36.44,72.0,22.35,-66.32,8.5,219,-4.9,-14.16,-3.0,-26.52,-26.52,,True
MMFL,NSE,EQ,INE227C01017,2026-10-09,552.15,550.0,560.25,542.5,553.7,-0.28,550.8,46393,25553338.3,84255.0,0.55,,590.97,503.05,-6.57,9.76,True,37.37,680.2,298.1,-18.83,85.22,270,-0.28,-3.46,-10.34,5.49,26.79,79.15,False
MMP,NSE,EQ,INE511Y01018,2026-10-09,501.35,492.85,509.0,480.0,483.25,3.75,495.47,101936,50506026.75,94381.0,1.08,,416.59,324.46,20.34,54.52,True,64.18,501.35,189.11,0.0,165.11,270,3.75,11.51,4.78,74.26,117.87,79.31,False
MMTC,NSE,EQ,INE123F01029,2026-10-09,54.87,55.49,55.79,53.95,54.27,1.11,54.85,949224,52060654.95,978590.0,0.97,,60.59,63.0,-9.44,-12.9,False,30.06,76.03,52.1,-27.83,5.32,270,1.11,-2.52,-13.17,-15.71,-6.51,-15.25,False
MMWL,NSE,EQ,INE200D01020,2026-10-09,21.04,19.99,21.6,17.81,19.77,6.42,21.11,5052991,106682971.44,387220.0,13.05,,14.96,13.22,40.61,59.18,True,82.79,21.04,10.2,0.0,106.27,120,6.42,35.22,50.39,58.43,,,False
MNC,NSE,EQ,INF174KA1JF2,2026-10-09,30.68,30.95,30.95,30.3,30.45,0.76,30.59,34434,1053480.77,66353.0,0.52,,32.62,32.42,-5.94,-5.36,True,30.47,35.26,28.09,-12.99,9.22,270,0.76,-0.71,-7.34,-8.83,0.49,0.59,False
MOALPHA50,NSE,EQ,INF247L01FR8,2026-10-09,54.79,53.59,54.92,53.59,53.59,2.24,54.5,7558,411942.93,19195.0,0.39,,54.91,52.88,-0.21,3.6,True,49.23,57.48,44.45,-4.68,23.26,270,2.24,3.05,-2.75,1.28,13.02,12.27,False
MOBANK10,NSE,EQ,INF247L01GV8,2026-10-09,16.42,16.28,16.42,16.28,16.15,1.67,16.35,1586,25929.15,5593.0,0.28,,16.65,16.74,-1.4,-1.94,False,47.78,17.67,15.91,-7.07,3.21,125,1.67,-0.42,-1.38,-5.74,,,False
MOBIKWIK,NSE,EQ,INE0HLU01028,2026-10-09,245.49,243.1,263.95,241.25,244.52,0.4,255.69,28401891,7262107088.5,11793533.0,2.41,,207.08,213.33,18.55,15.08,False,69.88,286.0,155.07,-14.16,58.31,270,0.4,25.1,26.45,10.86,36.9,-1.83,False
MOBILISE,NSE,SM,INE1YNB01019,2026-10-09,100.55,108.4,108.4,100.55,103.25,-2.62,105.15,6400,672960.0,10160.0,0.63,,107.19,90.13,-6.2,11.56,True,40.96,120.0,45.0,-16.21,123.44,121,-2.62,-5.81,-9.98,-16.21,,,True
MOCAPITAL,NSE,EQ,INF247L01EV3,2026-10-09,52.07,52.02,52.48,51.42,52.02,0.1,52.06,516203,26875820.66,734390.0,0.7,,53.18,51.34,-2.08,1.43,True,44.63,56.86,42.28,-8.42,23.16,270,0.1,2.6,-4.49,-6.52,8.16,24.93,False
MODEFENCE,NSE,EQ,INF247L01DJ0,2026-10-09,98.83,99.37,99.5,97.56,98.39,0.45,98.47,1202234,118379128.15,1420052.0,0.85,,103.33,98.1,-4.35,0.75,True,35.76,109.72,78.57,-9.93,25.79,270,0.45,-1.87,-9.93,-5.22,11.62,14.61,False
MODINATUR,NSE,EQ,INE537F01012,2026-10-09,315.75,294.3,344.75,287.2,288.65,9.39,318.78,38882,12394920.8,9020.0,4.31,,351.5,370.39,-10.17,-14.75,False,41.68,484.75,272.25,-34.86,15.98,204,9.39,-2.68,-10.7,-22.59,-8.21,,False
MODIRUBBER,NSE,EQ,INE832A01018,2026-10-09,118.07,117.0,120.0,117.0,118.67,-0.51,117.91,1307,154105.39,1570.0,0.83,,123.48,123.85,-4.38,-4.67,False,41.84,167.05,100.43,-29.32,17.56,270,-0.51,-1.38,-5.33,-9.32,-1.53,0.26,False
MODIS,NSE,EQ,INE0L0L01012,2026-10-09,398.05,376.15,404.95,375.8,375.25,6.08,393.08,120637,47420083.1,30500.0,3.96,,372.7,362.98,6.8,9.66,True,65.4,415.6,290.3,-4.22,37.12,223,6.08,8.21,5.86,14.19,30.0,,False
MODISONLTD,NSE,BE,INE737D01021,2026-10-09,471.3,459.0,476.8,441.2,464.4,1.49,455.73,96744,44088906.45,76067.0,1.27,,422.16,291.36,11.64,61.76,True,54.15,520.65,114.59,-9.48,311.29,270,1.49,-3.03,-5.62,57.52,238.48,191.41,False
MODTHREAD,NSE,EQ,INE794W01014,2026-10-09,48.72,46.2,48.9,45.16,46.2,5.45,47.66,3110,148213.81,3809.0,0.82,,49.24,48.55,-1.06,0.34,True,49.8,58.31,36.16,-16.45,34.73,268,5.45,6.7,-8.01,1.86,7.34,7.95,False
MOENERGY,NSE,EQ,INF247L01GH7,2026-10-09,36.05,36.1,36.38,35.55,35.98,0.19,35.97,68800,2474482.71,99373.0,0.69,,37.87,37.89,-4.81,-4.86,False,29.52,41.71,33.22,-13.57,8.52,242,0.19,-1.74,-6.12,-8.57,-1.64,,False
MOGOLD,NSE,EQ,INF247L01FY4,2026-10-09,146.45,144.65,147.2,144.65,144.6,1.28,146.28,29420,4303676.0,36500.0,0.81,,147.91,143.15,-0.99,2.3,True,45.68,172.4,116.25,-15.05,25.98,270,1.28,0.86,-2.76,3.53,-1.58,18.44,False
MOGSEC,NSE,EQ,INF247L01AK4,2026-10-09,64.84,64.77,65.0,64.35,64.77,0.11,64.49,1294,83444.34,113354.0,0.01,,65.05,64.26,-0.33,0.9,True,47.6,66.14,62.14,-1.97,4.35,270,0.11,-0.49,-0.86,-0.58,1.65,4.08,False
MOHEALTH,NSE,EQ,INF247L01BB1,2026-10-09,49.67,49.36,49.98,48.37,49.36,0.63,49.55,70513,3494107.8,82988.0,0.85,,51.22,48.45,-3.03,2.52,True,36.84,53.06,41.48,-6.39,19.74,270,0.63,-2.24,-5.57,-1.95,16.08,13.66,False
MOHITE,NSE,EQ,INE154B01023,2026-10-09,2.46,2.42,2.48,2.42,2.45,0.41,2.46,11618,28635.59,68063.0,0.17,,2.54,2.52,-3.26,-2.4,True,42.54,3.24,2.37,-24.07,3.8,38,0.41,-1.2,-9.23,,,,False
MOHITIND,NSE,EQ,INE954E01012,2026-10-09,22.99,22.49,23.5,21.61,22.01,4.45,22.52,10018,225592.83,8864.0,1.13,,23.39,24.71,-1.71,-6.95,False,48.33,33.96,18.81,-32.3,22.22,270,4.45,0.92,-2.17,0.09,0.0,-30.21,False
MOIL,NSE,EQ,INE490G01020,2026-10-09,234.96,231.0,235.7,229.0,229.58,2.34,233.74,383956,89746791.28,493458.0,0.78,,252.36,287.89,-6.9,-18.39,False,40.92,393.9,229.58,-40.35,2.34,270,2.34,0.99,-6.57,-14.25,-21.05,-36.55,False
MOINFRA,NSE,EQ,INF247L01FL1,2026-10-09,55.1,54.85,55.27,54.72,54.59,0.93,55.07,4261,234654.41,4138.0,1.03,,58.33,59.8,-5.53,-7.85,False,33.6,65.09,54.59,-15.35,0.93,270,0.93,-1.24,-5.81,-9.42,-7.47,-8.37,False
MOIPO,NSE,EQ,INF247L01GI5,2026-10-09,46.1,45.4,46.45,45.35,45.34,1.68,45.63,1422,64880.55,9163.0,0.16,,47.42,46.22,-2.79,-0.27,True,42.01,49.84,37.32,-7.5,23.53,218,1.68,1.32,-5.34,-2.35,12.71,,False
MOKSH,NSE,EQ,INE514Y01020,2026-10-09,8.89,9.39,9.39,8.83,9.17,-3.05,8.97,209611,1879682.13,102232.0,2.05,,10.14,11.58,-12.32,-23.2,False,30.86,15.92,8.63,-44.16,3.01,270,-3.05,-3.26,-11.1,-24.15,-14.27,-37.17,False
MOL,NSE,EQ,INE0CT101020,2026-10-09,58.41,58.13,59.2,56.9,57.74,1.16,58.25,433570,25257282.47,821350.0,0.53,,58.74,58.21,-0.56,0.34,True,47.4,84.51,36.74,-30.88,58.98,270,1.16,5.95,-11.26,24.17,18.19,-27.58,False
MOLBIO,NSE,EQ,INE869T01028,2026-10-09,1438.6,1481.2,1488.9,1427.1,1479.2,-2.74,1455.22,779885,1134901245.1,3940397.0,0.2,,1245.33,1111.94,15.52,29.38,True,62.68,1544.7,1036.65,-6.87,38.77,38,-2.74,-4.92,28.73,,,,False
MOLDTECH,NSE,BE,INE835B01035,2026-10-09,110.22,106.0,110.22,99.75,209.95,-47.5,105.96,44450,4709719.9,37039.0,1.2,,186.75,160.5,-40.98,-31.33,True,21.84,220.99,102.53,-50.12,7.5,270,-47.5,-46.18,-49.5,-14.03,-11.26,-39.17,False
MOLDTKPAC,NSE,EQ,INE893J01029,2026-10-09,326.35,328.45,329.95,317.7,652.1,-49.95,324.63,100970,32777870.1,57864.0,1.74,,661.13,663.05,-50.64,-50.78,False,13.07,788.6,326.35,-58.62,0.0,270,-49.95,-50.47,-53.21,-51.25,-41.15,-55.27,False
MOLOWVOL,NSE,EQ,INF247L01BL0,2026-10-09,33.72,33.84,35.0,33.51,33.27,1.35,33.75,5972,201563.51,201134.0,0.03,,35.56,36.67,-5.17,-8.05,False,31.94,39.74,33.27,-15.15,1.35,270,1.35,-0.53,-5.47,-9.23,-5.89,-9.18,False
MOM100,NSE,EQ,INF247L01023,2026-10-09,63.65,62.74,64.3,62.53,62.74,1.45,63.29,324497,20537915.31,384667.0,0.84,,66.41,65.51,-4.15,-2.84,True,35.75,69.4,56.77,-8.29,12.12,270,1.45,-0.06,-6.27,-6.53,3.78,4.69,False
MOM30IETF,NSE,EQ,INF109KC17C7,2026-10-09,29.64,30.17,30.17,29.26,29.44,0.68,29.64,748938,22199496.65,672210.0,1.11,,30.82,31.02,-3.82,-4.45,False,37.05,32.75,27.6,-9.5,7.39,270,0.68,-0.6,-5.99,-4.79,-2.56,-2.53,False
MOM50,NSE,EQ,INF247L01536,2026-10-09,235.34,233.78,237.05,233.73,231.28,1.76,236.16,7026,1659269.79,7288.0,0.96,,245.39,251.67,-4.09,-6.49,False,36.72,273.6,231.28,-13.98,1.76,270,1.76,-0.14,-5.0,-6.9,-5.86,-7.87,False
MOMENTUM,NSE,EQ,INF209KB14K7,2026-10-09,29.61,29.32,29.79,28.91,29.32,0.99,29.44,16113,474386.59,55894.0,0.29,,30.69,30.88,-3.51,-4.1,False,38.4,32.64,27.38,-9.28,8.14,270,0.99,-0.5,-5.88,-4.36,-2.44,-2.18,False
MOMENTUM30,NSE,EQ,INF174KA1XS6,2026-10-09,29.62,28.95,29.94,28.75,28.99,2.17,29.19,640180,18686419.65,124926.0,5.12,,30.35,30.8,-2.4,-3.84,False,44.11,33.49,27.29,-11.56,8.54,241,2.17,0.17,-4.39,-3.3,-1.53,,False
MOMENTUM50,NSE,EQ,INF247L01DK8,2026-10-09,51.99,51.79,52.4,51.2,51.71,0.54,51.83,705839,36585165.43,629946.0,1.12,,53.32,52.51,-2.49,-0.99,True,39.72,55.46,45.52,-6.26,14.21,270,0.54,-0.21,-5.34,-1.7,3.92,3.3,False
MOMETAL,NSE,EQ,INF247L01HG7,2026-10-09,12.05,12.07,12.3,11.87,12.08,-0.25,12.02,36175,434959.02,56033.0,0.65,,12.98,13.12,-7.16,-8.16,False,35.17,13.95,12.05,-13.62,0.0,45,-0.25,-4.29,-8.57,,,,False
MOMGF,NSE,EQ,INF247L01FK3,2026-10-09,149.84,149.22,149.94,147.98,149.22,0.42,148.99,1554,231532.75,2148.0,0.72,,158.9,156.72,-5.7,-4.39,True,31.01,167.9,140.39,-10.76,6.73,270,0.42,-1.87,-7.07,-5.46,1.24,2.06,False
MOMIDMTM,NSE,EQ,INF247L01FQ0,2026-10-09,61.37,60.9,61.78,60.5,60.95,0.69,61.14,29656,1813299.88,57169.0,0.52,,63.36,63.04,-3.14,-2.64,True,37.9,67.06,55.33,-8.48,10.92,270,0.69,-0.2,-5.4,-3.76,1.39,2.56,False
MOMMIDCAP,NSE,EQ,INF769K01RC0,2026-10-09,12.38,12.24,12.45,12.15,12.24,1.14,12.35,497431,6143641.5,1285736.0,0.39,,12.73,12.63,-2.75,-2.01,True,39.48,13.31,12.24,-6.99,1.14,56,1.14,0.41,-5.42,,,,False
MOMNC,NSE,EQ,INF247L01GK1,2026-10-09,29.82,29.65,29.85,29.5,29.51,1.05,29.69,1464,43462.96,7344.0,0.2,,31.65,31.49,-5.8,-5.32,True,34.23,33.9,27.06,-12.04,10.2,208,1.05,-0.73,-7.1,-8.5,0.91,,False
MOMOMENTUM,NSE,EQ,INF247L01BK2,2026-10-09,59.28,58.66,59.6,58.07,58.67,1.04,58.87,37347,2198580.36,77108.0,0.48,,61.27,61.69,-3.24,-3.91,False,39.99,65.37,54.84,-9.32,8.1,270,1.04,0.03,-5.05,-4.22,-2.23,-2.15,False
MOMSBELIEF,NSE,EQ,INE1FCO01014,2026-10-09,215.56,218.1,228.5,214.03,218.49,-1.34,217.46,323552,70361105.67,300400.0,1.08,,227.61,228.07,-5.3,-5.48,False,45.3,255.96,215.56,-15.78,0.0,22,-1.34,-5.01,-5.6,,,,False
MON100,NSE,EQ,INF247L01AP3,2026-10-09,324.48,325.15,328.5,320.5,325.15,-0.21,324.03,783564,253901619.39,898459.0,0.87,,326.67,296.43,-0.67,9.46,True,47.03,344.7,217.69,-5.87,49.06,270,-0.21,0.94,-5.87,-0.99,26.63,45.91,False
MON50EQUAL,NSE,EQ,INF247L01FC0,2026-10-09,31.09,31.31,31.31,30.56,30.7,1.27,30.93,2319,71718.7,31061.0,0.07,,32.56,32.78,-4.53,-5.16,False,38.1,34.44,29.83,-9.73,4.22,270,1.27,-1.43,-5.33,-6.13,-2.78,-2.02,False
MONARCH,NSE,EQ,INE903D01011,2026-10-09,337.05,328.0,339.75,328.0,330.05,2.12,335.82,25271,8486455.1,83756.0,0.3,,361.24,339.32,-6.7,-0.67,True,36.21,397.6,242.5,-15.23,38.99,270,2.12,-1.65,-11.87,-6.56,13.34,7.15,False
MONEXT50,NSE,EQ,INF247L01FD8,2026-10-09,68.29,67.94,68.5,67.88,67.27,1.52,68.2,1525,103998.34,8033.0,0.19,,71.57,70.44,-4.59,-3.06,True,35.25,74.99,60.31,-8.93,13.23,270,1.52,-1.59,-6.23,-5.49,3.49,1.19,False
MONEYBOXX,NSE,BE,INE296Q01012,2026-10-09,53.93,51.0,54.0,50.0,51.5,4.72,52.81,24799,1309642.37,137157.0,0.18,,55.12,73.21,-2.17,-26.33,False,51.33,171.77,37.15,-68.6,45.17,243,4.72,-0.13,-3.71,-13.41,-25.15,,False
MONEYVIEW,NSE,EQ,INE0PTN01011,2026-10-09,62.39,57.0,63.5,55.71,57.89,7.77,60.56,450972326,27312292006.44,379516402.0,1.19,,54.41,54.01,14.67,15.51,True,,62.39,50.5,0.0,23.54,6,7.77,15.79,,,,,False
MONIFTY100,NSE,EQ,INF247L01GG9,2026-10-09,23.7,23.97,23.97,23.55,23.63,0.3,23.68,4029,95397.21,29913.0,0.13,,24.76,25.27,-4.29,-6.22,False,34.9,27.37,22.96,-13.41,3.22,242,0.3,-3.81,-4.97,-6.95,-4.24,,False
MONIFTY500,NSE,EQ,INF247L01BU1,2026-10-09,22.34,22.1,22.43,22.0,22.1,1.09,22.31,1189075,26530928.83,894267.0,1.33,,23.33,23.46,-4.25,-4.77,False,32.2,24.5,20.94,-8.82,6.69,270,1.09,-0.53,-5.82,-6.61,-1.19,-3.87,False
MONOLITH,NSE,SM,INE1DV401010,2026-10-09,1251.25,1295.0,1299.95,1240.25,1271.1,-1.56,1276.61,16750,21383187.5,57625.0,0.29,,1146.75,803.91,9.11,55.65,True,52.03,1446.4,375.5,-13.49,233.22,270,-1.56,-0.1,-5.23,69.94,183.6,192.69,True
MONOPHARMA,NSE,SM,INE0OIP01012,2026-10-09,8.9,8.45,8.9,8.45,8.5,4.71,8.74,14000,122300.0,8300.0,1.69,,9.3,13.27,-4.34,-32.91,False,51.87,24.45,7.6,-63.6,17.11,179,4.71,4.09,2.89,-21.93,-32.58,,True
MONQ50,NSE,EQ,INF247L01AU3,2026-10-09,252.03,249.82,262.77,243.05,243.73,3.41,254.02,1467931,372885011.81,2041343.0,0.72,,197.04,147.23,27.91,71.19,True,57.33,396.3,92.81,-36.4,171.55,270,3.41,30.46,28.74,74.56,126.0,158.36,False
MONTECARLO,NSE,EQ,INE950M01013,2026-10-09,511.55,518.05,521.0,509.65,514.7,-0.61,513.52,26313,13512255.55,45753.0,0.58,,534.01,560.49,-4.21,-8.73,False,39.52,834.85,466.9,-38.73,9.56,270,-0.61,-2.16,-8.41,-5.56,-4.53,-25.33,False
MOOILGAS,NSE,EQ,INF247L01HH5,2026-10-09,10.37,10.67,10.67,10.34,10.46,-0.86,10.37,14251,147712.35,40418.0,0.35,,11.02,11.2,-5.86,-7.44,False,37.87,11.51,10.37,-9.9,0.0,45,-0.86,-5.12,-6.15,,,,False
MOPSE,NSE,EQ,INF247L01FO5,2026-10-09,92.98,92.12,92.98,92.0,92.12,0.93,92.79,89,8258.36,1986.0,0.04,,98.44,100.39,-5.55,-7.38,False,35.15,109.62,92.12,-15.18,0.93,270,0.93,-1.87,-6.52,-7.47,-8.99,-5.91,False
MOQUALITY,NSE,EQ,INF247L01BH8,2026-10-09,187.31,184.48,187.33,184.43,182.84,2.44,185.42,4974,922302.2,6221.0,0.8,,196.03,197.59,-4.45,-5.2,False,42.32,207.59,176.91,-9.77,5.88,270,2.44,-0.02,-6.0,-7.6,-1.2,-1.85,False
MORARJEE,NSE,BZ,INE161G01027,2026-10-05,7.53,7.53,7.53,7.53,7.92,-4.92,7.53,80,602.4,18320.0,0.0,,9.04,8.34,-16.71,-9.74,True,32.84,12.4,5.86,-39.27,28.5,179,-4.92,-22.37,-14.82,22.44,-2.08,,False
MOREALTY,NSE,EQ,INF247L01CI4,2026-10-09,80.32,81.12,81.26,79.9,80.26,0.07,80.52,217203,17490120.99,579259.0,0.37,,86.26,84.86,-6.89,-5.36,True,28.84,97.07,64.92,-17.26,23.72,270,0.07,-4.72,-10.54,-14.1,7.71,-7.6,False
MOREPENLAB,NSE,EQ,INE083A01026,2026-10-09,129.55,138.5,141.96,127.14,136.55,-5.13,133.21,17770995,2367288722.55,19040766.0,0.93,,107.1,70.76,20.96,83.09,True,57.39,146.97,33.68,-11.85,284.65,270,-5.13,-3.12,10.58,111.61,222.26,170.74,False
MOS,NSE,SM,INE0N7S01028,2026-10-09,5.75,6.05,6.05,5.75,6.05,-4.96,5.8,520000,3013600.0,3029000.0,0.17,,8.41,16.05,-31.66,-64.18,False,34.06,52.05,5.35,-88.95,7.48,269,-4.96,-12.88,-16.67,-60.62,-50.85,-87.61,True
MOSCHIP,NSE,EQ,INE935B01025,2026-10-09,189.1,187.87,191.74,186.91,186.71,1.28,189.61,787186,149262080.68,1269882.0,0.62,,206.01,210.69,-8.21,-10.25,False,34.11,283.78,148.26,-33.36,27.55,270,1.28,-4.51,-11.74,-20.15,7.59,-21.64,False
MOSERVICE,NSE,EQ,INF247L01GJ3,2026-10-09,29.43,29.1,29.43,29.1,28.74,2.4,29.32,567,16626.07,4089.0,0.14,,30.24,31.25,-2.69,-5.83,False,44.06,34.21,28.38,-13.97,3.7,214,2.4,1.38,-3.35,-5.88,-4.57,,False
MOSILVER,NSE,EQ,INF247L01FZ1,2026-10-09,216.25,216.2,217.28,215.91,213.07,1.49,216.35,35797,7744594.8,46417.0,0.77,,224.48,220.39,-3.67,-1.88,True,41.67,377.27,137.75,-42.68,56.99,270,1.49,0.15,-5.67,-0.12,-8.99,53.09,False
MOSMALL250,NSE,EQ,INF247L01CH6,2026-10-09,17.63,18.01,18.01,17.44,17.58,0.28,17.63,592526,10445131.18,1369220.0,0.43,,18.1,17.43,-2.58,1.18,True,36.68,18.58,14.29,-5.11,23.37,270,0.28,-0.51,-5.11,-3.24,13.3,5.32,False
MOTHERSON,NSE,EQ,INE775A01035,2026-10-09,153.0,154.0,154.94,151.37,153.08,-0.05,152.79,8648185,1321386332.56,12242961.0,0.71,,158.9,140.24,-3.71,9.1,True,38.94,170.68,101.64,-10.36,50.53,270,-0.05,-2.57,-6.62,6.85,29.54,44.82,False
MOTILALOFS,NSE,EQ,INE338I01027,2026-10-09,1026.0,1014.0,1038.1,1000.8,1014.3,1.15,1020.56,828221,845247145.25,911494.0,0.91,,990.12,910.87,3.62,12.64,True,52.62,1091.3,628.2,-5.98,63.32,270,1.15,3.65,-2.43,4.76,35.46,14.82,False
MOTISONS,NSE,EQ,INE0FRK01020,2026-10-09,18.06,17.7,18.45,17.56,17.57,2.79,18.01,48499457,873424621.77,63604169.0,0.76,,16.56,15.36,9.05,17.59,True,58.46,18.89,10.83,-4.39,66.76,270,2.79,1.01,11.97,27.18,34.37,-0.93,False
MOTOGENFIN,NSE,EQ,INE861B01023,2026-10-09,25.98,25.69,25.99,25.28,25.21,3.05,25.88,265,6858.95,37000.0,0.01,,26.32,25.82,-1.28,0.6,True,49.94,31.37,18.26,-17.18,42.28,270,3.05,3.59,-5.36,-9.63,16.45,-1.29,False
MOTOUR,NSE,EQ,INF247L01FP2,2026-10-09,74.43,73.82,74.56,73.6,73.82,0.83,74.18,4740,351625.06,15007.0,0.32,,77.22,78.8,-3.61,-5.55,False,38.5,90.43,64.6,-17.69,15.22,270,0.83,-1.36,-3.95,-8.48,2.75,-15.36,False
MOVALUE,NSE,EQ,INF247L01BE5,2026-10-09,105.76,105.65,106.0,104.4,104.61,1.1,105.48,45845,4835685.68,67748.0,0.68,,111.0,112.93,-4.72,-6.35,False,30.73,127.71,104.61,-17.19,1.1,270,1.1,-2.3,-5.31,-7.46,-7.42,-0.32,False
MOXSH,NSE,SM,INE0N6D01014,2026-10-09,97.6,88.7,97.6,88.7,93.3,4.61,93.77,4800,450080.0,3200.0,1.5,,101.89,85.23,-4.21,14.51,True,48.33,140.0,33.5,-30.29,191.34,165,4.61,4.39,-3.84,-13.63,9.05,,True
MPDL,NSE,BE,INE493H01014,2026-10-08,25.87,25.87,25.88,25.87,26.0,-0.5,25.87,1304,33734.49,1015.0,1.28,,29.79,29.29,-13.17,-11.67,True,35.47,41.59,25.87,-37.8,0.0,34,-0.5,-7.54,-22.15,,,,False
MPEL,NSE,SM,INE0U4H01011,2026-10-09,24.8,24.5,24.8,24.5,23.65,4.86,24.74,68800,1702240.0,239440.0,0.29,,29.5,57.83,-15.94,-57.12,False,46.36,146.2,20.2,-83.04,22.77,218,4.86,-1.39,-4.62,-45.73,-54.91,,True
MPEL-RE,NSE,ST,INE0U4H20011,2026-09-21,1.95,1.95,1.95,1.95,1.8,8.33,1.95,1475200,2876640.0,380800.0,3.87,,5.55,6.49,-64.85,-69.94,False,,6.85,1.5,-71.53,30.0,9,8.33,-2.5,,,,,True
MPHASIS,NSE,EQ,INE356A01018,2026-10-09,2360.0,2323.5,2393.0,2321.0,2303.4,2.46,2368.27,753747,1785077839.0,497820.0,1.51,,2329.68,2414.53,1.3,-2.26,False,56.71,2953.6,2047.4,-20.1,15.27,270,2.46,4.88,0.21,1.64,0.39,-11.1,False
MPIMANIPAL,NSE,EQ,INE241U01028,2026-10-09,362.0,364.0,369.95,357.0,361.8,0.06,363.81,378692,137770115.45,3151694.0,0.12,,358.0,348.96,1.12,3.74,True,42.58,417.4,336.6,-13.27,7.55,16,0.06,-9.82,,,,,False
MPSLTD,NSE,EQ,INE943D01017,2026-10-09,2473.2,2550.0,2551.2,2370.1,2573.8,-3.91,2456.04,45473,111683453.5,15171.0,3.0,,2585.05,2230.97,-4.33,10.86,True,39.2,2931.2,1366.7,-15.62,80.96,270,-3.91,-5.9,-10.04,23.85,42.45,16.21,False
MPTODAY,NSE,SM,INE105Y01019,2026-09-10,41.55,40.0,41.55,40.0,41.55,0.0,40.78,4000,163100.0,6100.0,0.66,,44.28,47.56,-6.16,-12.64,False,44.47,50.0,34.2,-16.9,21.49,41,0.0,-4.7,-8.08,,,,True
MRF,NSE,EQ,INE883A01011,2026-10-09,122090.0,122900.0,122980.0,121870.0,122465.0,-0.31,122184.51,2594,316946610.0,3026.0,0.86,,127603.45,133917.4,-4.32,-8.83,False,32.38,162295.0,122090.0,-24.77,0.0,270,-0.31,-1.31,-4.8,-9.18,-8.24,-16.27,False
MRIL,NSE,ST,INE632Q01018,2026-10-09,62.3,64.0,64.0,62.3,65.55,-4.96,62.54,11200,700480.0,32240.0,0.35,,68.71,59.55,-9.33,4.61,True,34.81,84.2,29.1,-26.01,114.09,234,-4.96,-18.03,8.73,22.16,21.68,,True
MRPL,NSE,EQ,INE103A01014,2026-10-09,172.13,175.11,176.19,170.88,173.85,-0.99,172.68,5646953,975122705.52,12055399.0,0.47,,170.12,164.43,1.18,4.68,True,51.0,206.77,133.31,-16.75,29.12,270,-0.99,4.47,-0.48,5.93,-4.11,29.63,False
MSCI360,NSE,EQ,INF579M01BP5,2026-10-09,9.43,9.33,9.7,9.33,9.37,0.64,9.37,2927,27426.03,11857.0,0.25,,9.93,9.98,-5.01,-5.53,False,38.73,11.59,9.37,-18.64,0.64,92,0.64,-0.42,-5.89,-6.17,,,False
MSCIADD,NSE,EQ,INF740KA1WV7,2026-10-09,27.63,27.49,27.68,27.49,27.32,1.13,27.59,30,827.6,1326.0,0.02,,28.92,29.42,-4.48,-6.08,False,31.84,31.14,26.65,-11.27,3.68,209,1.13,-1.04,-5.7,-5.44,0.18,,False
MSCIINDIA,NSE,EQ,INF174KA1VD2,2026-10-09,27.77,27.78,28.0,27.71,27.6,0.62,27.78,13243,367859.91,16532.0,0.8,,29.14,29.55,-4.7,-6.01,False,34.06,31.38,27.09,-11.5,2.51,270,0.62,-0.93,-5.77,-7.34,-3.44,-4.99,False
MSL,NSE,EQ,INE829S01016,2026-10-09,136.67,139.39,155.29,135.0,136.69,-0.01,144.06,1217,175323.12,774.0,1.57,,140.42,139.71,-2.67,-2.18,True,52.06,153.07,135.1,-10.71,1.16,36,-0.01,-5.74,-3.9,,,,False
MSPL,NSE,EQ,INE752G01015,2026-10-09,30.34,30.19,30.6,29.48,30.19,0.5,30.09,594965,17901944.59,877462.0,0.68,,34.27,35.35,-11.47,-14.18,False,34.71,44.75,26.45,-32.2,14.71,270,0.5,-6.7,-13.19,-22.48,-12.69,-16.88,False
MSTCLTD,NSE,EQ,INE255X01014,2026-10-09,672.0,668.45,682.8,654.0,668.4,0.54,668.73,184897,123646620.25,227202.0,0.81,,691.7,589.86,-2.85,13.93,True,40.22,785.65,365.85,-14.47,83.68,270,0.54,-4.79,-13.69,0.2,63.7,41.06,False
MSUMI,NSE,EQ,INE0FS801015,2026-10-09,33.55,32.97,33.71,32.91,32.97,1.76,33.36,3280032,109412974.21,11237096.0,0.29,,36.41,39.83,-7.86,-15.77,False,36.34,52.05,32.89,-35.54,2.01,270,1.76,0.06,-8.36,-16.42,-13.44,-26.6,False
MTARTECH,NSE,BE,INE864I01014,2026-10-09,7781.5,7800.0,7881.5,7612.0,7849.5,-0.87,7787.33,58375,454585644.5,123309.0,0.47,,7166.91,5703.63,8.58,36.43,True,60.14,8374.5,1880.7,-7.08,313.76,270,-0.87,-0.2,-0.23,9.58,87.94,320.3,False
MTEDUCARE,NSE,BE,INE472M01018,2026-10-09,1.68,1.74,1.74,1.61,1.69,-0.59,1.64,17821,29277.15,38880.0,0.46,,1.77,1.78,-5.03,-5.42,False,44.74,2.42,1.22,-30.58,37.7,270,-0.59,0.6,-10.16,-7.69,15.07,-18.84,False
MTNL,NSE,EQ,INE153A01019,2026-10-09,22.91,22.88,23.19,22.71,22.81,0.44,22.89,656968,15040192.68,3092180.0,0.21,,25.31,29.82,-9.48,-23.17,False,38.34,43.52,21.47,-47.36,6.71,270,0.44,-7.1,-9.63,-21.73,-18.3,-46.8,False
MUFIN,NSE,EQ,INE08KJ01020,2026-10-09,130.42,133.0,134.98,130.01,133.08,-2.0,131.91,455974,60146683.49,884126.0,0.52,,132.71,121.73,-1.72,7.14,True,42.74,139.51,86.5,-6.52,50.77,270,-2.0,-0.13,-3.64,0.15,25.07,48.19,False
MUFTI,NSE,EQ,INE220Q01020,2026-10-09,68.61,69.7,69.7,67.42,68.26,0.51,68.24,50664,3457460.9,70224.0,0.72,,74.95,85.3,-8.46,-19.57,False,35.4,115.45,64.06,-40.57,7.1,270,0.51,-2.32,-7.17,-19.87,-13.84,-36.7,False
MUKANDLTD,NSE,EQ,INE304A01026,2026-10-09,175.99,175.0,178.06,173.5,174.29,0.98,176.12,284601,50124920.11,717501.0,0.4,,151.22,139.47,16.38,26.19,True,64.74,185.92,115.96,-5.34,51.77,270,0.98,1.93,27.84,32.44,34.0,32.87,False
MUKESHB,NSE,EQ,INE596B01017,2026-10-09,123.0,123.0,123.0,123.0,123.0,0.0,123.0,8,984.0,478.0,0.02,,136.8,143.64,-10.09,-14.37,False,30.75,147.0,123.0,-16.33,0.0,30,0.0,-3.15,-11.22,,,,False
MUKKA,NSE,BE,INE0CG401037,2026-10-09,26.27,26.39,26.89,25.65,26.39,-0.45,26.3,93674,2463175.73,542305.0,0.17,,26.62,25.06,-1.31,4.82,True,44.8,32.17,18.49,-18.34,42.08,270,-0.45,2.22,-14.49,13.82,17.54,0.54,False
MUKTAARTS,NSE,EQ,INE374B01019,2026-10-09,54.36,56.4,58.08,53.51,57.0,-4.63,54.68,1327,72557.73,3568.0,0.37,,56.77,58.04,-4.24,-6.35,False,42.94,70.36,37.31,-22.74,45.7,270,-4.63,-2.79,-4.72,1.68,17.89,-19.92,False
MULTICAP,NSE,EQ,INF769K01LX9,2026-10-09,15.77,15.68,15.84,15.61,15.61,1.02,15.76,98057,1544914.2,233375.0,0.42,,16.37,16.3,-3.68,-3.24,True,34.7,17.0,14.31,-7.24,10.2,270,1.02,-0.06,-5.51,-5.68,2.01,-0.94,False
MUNISH,NSE,SM,INE1K8Y01018,2026-10-08,87.2,89.0,89.0,87.15,90.0,-3.11,87.62,19200,1682220.0,22980.0,0.84,,84.63,82.89,3.03,5.21,True,48.77,137.05,53.8,-36.37,62.08,238,-3.11,-3.11,5.63,23.08,49.06,,True
MUNJALAU,NSE,EQ,INE672B01032,2026-10-09,101.32,103.39,103.39,100.33,101.51,-0.19,101.98,165219,16849426.92,779905.0,0.21,,106.38,96.55,-4.75,4.94,True,41.01,120.53,67.78,-15.94,49.48,270,-0.19,-2.64,-10.18,-0.01,32.44,-1.48,False
MUNJALSHOW,NSE,EQ,INE577A01027,2026-10-09,121.31,121.79,122.99,119.29,120.7,0.51,121.14,28558,3459413.47,33939.0,0.84,,128.88,130.16,-5.87,-6.8,False,36.67,144.3,110.46,-15.93,9.82,270,0.51,-2.59,-5.78,-9.54,-1.44,-13.02,False
MURUDCERA,NSE,EQ,INE692B01014,2026-10-09,27.53,27.1,28.0,27.1,27.04,1.81,27.61,9602,265147.92,14730.0,0.65,,29.43,32.35,-6.45,-14.89,False,37.57,45.43,25.29,-39.4,8.86,270,1.81,-1.89,-5.33,-12.93,-6.17,-31.84,False
MUTHOOTCAP,NSE,EQ,INE296G01013,2026-10-09,209.49,205.0,214.18,205.0,207.66,0.88,210.12,5713,1200391.46,11244.0,0.51,,228.15,231.14,-8.18,-9.37,False,30.79,294.35,178.95,-28.83,17.07,270,0.88,-3.94,-10.62,-5.8,5.48,-24.83,False
MUTHOOTFIN,NSE,EQ,INE414G01012,2026-10-09,2624.7,2585.0,2659.9,2584.9,2559.6,2.54,2625.82,701715,1842576370.0,615094.0,1.14,,2860.05,3109.02,-8.23,-15.58,False,35.32,4091.7,2559.6,-35.85,2.54,270,2.54,-2.68,-9.48,-16.13,-25.08,-14.7,False
MUTHOOTMF,NSE,EQ,INE046W01019,2026-10-09,168.46,169.34,170.85,166.91,168.21,0.15,169.17,142667,24135581.58,181817.0,0.78,,194.96,193.31,-13.59,-12.86,True,24.52,255.81,145.46,-34.15,15.81,270,0.15,-3.23,-16.43,-28.39,0.89,1.6,False
MVELECTRO,NSE,EQ,INE0OWZ01020,2026-10-09,888.6,877.95,905.0,851.5,879.25,1.06,884.06,2250329,1989421793.7,2238610.0,1.01,,766.51,671.76,15.93,32.28,True,57.77,933.1,560.15,-4.77,58.64,45,1.06,6.17,0.61,,,,False
MVGJL,NSE,EQ,INE0KNT01012,2026-10-09,207.87,209.7,213.76,203.85,208.29,-0.2,207.9,197543,41068599.79,389917.0,0.51,,190.02,175.28,9.4,18.59,True,55.33,224.38,131.97,-7.36,57.51,270,-0.2,0.57,-1.35,33.12,25.15,9.71,False
MVKAGRO,NSE,SM,INE0SGC01015,2026-10-09,240.9,247.0,247.0,236.0,238.5,1.01,241.3,73800,17807895.0,315480.0,0.23,,260.91,389.98,-7.67,-38.23,False,50.35,819.0,160.05,-70.59,50.52,270,1.01,0.23,-7.54,-37.97,-56.66,-52.45,True
MWL,NSE,EQ,INE0JYY01029,2026-10-09,41.56,40.5,41.89,39.79,40.76,1.96,41.0,288363,11823600.04,2133267.0,0.14,,65.45,174.17,-36.5,-76.14,False,38.78,381.1,35.7,-89.09,16.41,270,1.96,-3.64,10.39,13.4,-84.26,-82.41,False
MYMUDRA,NSE,SM,INE0RVQ01016,2026-10-09,95.5,99.45,100.0,95.05,99.45,-3.97,97.85,49200,4814460.0,51360.0,0.96,,74.36,77.34,28.43,23.48,False,71.5,115.7,61.3,-17.46,55.79,257,-3.97,37.81,32.64,33.85,29.76,4.95,True
MYSORPETRO,NSE,BE,INE741A01011,2026-10-09,115.53,113.0,117.0,113.0,113.04,2.2,114.59,950,108858.38,3471.0,0.27,,124.85,119.63,-7.47,-3.43,True,59.41,166.11,113.04,-30.45,2.2,37,2.2,-3.24,-17.53,,,,False
NACL-RE,NSE,BE,INE295D20012,2025-12-24,85.62,88.5,90.0,81.6,90.33,-5.21,86.94,176675,15360186.17,248554.0,0.71,,90.39,90.54,-5.27,-5.43,False,,90.59,85.62,-5.49,0.0,3,-5.21,,,,,,False
NACLIND,NSE,EQ,INE295D01020,2026-10-09,129.11,129.96,131.38,128.0,129.1,0.01,129.45,221054,28615752.76,563696.0,0.39,,156.37,174.84,-17.43,-26.16,False,26.76,243.02,115.93,-46.87,11.37,270,0.01,-1.0,-19.81,-44.96,-22.55,-35.2,False
NAGAFERT,NSE,BZ,INE454M01024,2026-10-05,1.61,1.64,1.69,1.61,1.69,-4.73,1.61,632707,1021257.49,354358.0,1.79,,3.18,4.22,-49.32,-61.89,False,5.75,5.51,1.61,-70.78,0.0,194,-4.73,-21.46,-57.07,-59.55,-67.34,,False
NAGREEKCAP,NSE,EQ,INE245I01016,2026-10-09,27.79,26.5,28.25,26.5,27.26,1.94,27.58,7,193.06,31047.0,0.0,,25.62,25.92,8.47,7.21,False,59.12,40.24,20.89,-30.94,33.03,270,1.94,9.67,18.86,16.32,21.19,2.7,False
NAGREEKEXP,NSE,EQ,INE123B01028,2026-10-09,21.03,20.81,21.69,20.8,21.3,-1.27,21.06,6471,136288.1,38988.0,0.17,,22.51,24.44,-6.58,-13.97,False,42.61,34.08,18.2,-38.29,15.55,270,-1.27,-1.22,-6.07,-12.63,-8.8,-37.43,False
NAHARCAP,NSE,EQ,INE049I01012,2026-10-09,231.39,231.79,237.15,227.84,230.64,0.33,230.09,1230,283016.54,2944.0,0.42,,249.05,253.54,-7.09,-8.74,False,36.79,293.2,194.77,-21.08,18.8,270,0.33,-2.49,-10.63,-6.46,-1.67,-19.22,False
NAHARINDUS,NSE,EQ,INE289A01011,2026-10-09,127.29,126.36,129.75,126.21,125.25,1.63,127.38,10162,1294401.02,20614.0,0.49,,127.97,118.0,-0.53,7.87,True,46.85,147.6,84.16,-13.76,51.25,270,1.63,-0.35,-7.38,7.86,31.36,11.47,False
NAHARPOLY,NSE,EQ,INE308A01027,2026-10-09,222.08,224.96,225.38,220.1,223.85,-0.79,221.93,1858,412349.08,4768.0,0.39,,236.19,250.09,-5.98,-11.2,False,41.15,314.7,203.33,-29.43,9.22,270,-0.79,-1.58,-8.68,-12.24,-7.34,-22.13,False
NAHARSPING,NSE,EQ,INE290A01027,2026-10-09,253.3,256.3,259.75,247.55,251.4,0.76,252.92,11339,2867864.85,21613.0,0.52,,274.03,253.42,-7.57,-0.05,True,38.41,328.95,150.84,-23.0,67.93,270,0.76,-0.86,-8.74,-5.85,9.06,24.29,False
NAM-INDIA,NSE,EQ,INE298J01013,2026-10-09,1045.0,1041.9,1052.3,1032.1,1039.4,0.54,1044.2,250897,261985655.3,844780.0,0.3,,1133.76,1057.26,-7.83,-1.16,True,34.56,1251.0,798.95,-16.47,30.8,270,0.54,-0.1,-12.1,-13.83,15.7,20.34,False
NAMAN,NSE,ST,INE0RJM01010,2026-10-08,48.2,48.2,48.2,48.2,48.2,0.0,48.2,12800,616960.0,9160.0,1.4,,44.62,54.01,8.03,-10.75,False,60.75,92.95,37.65,-48.14,28.02,247,0.0,-0.62,20.8,1.47,-2.03,,True
NAMOEWASTE,NSE,SM,INE08NZ01012,2026-10-09,368.35,354.95,382.35,354.95,352.4,4.53,370.95,51200,18992760.0,74480.0,0.69,,298.51,246.72,23.4,49.3,True,63.89,382.9,134.4,-3.8,174.07,270,4.53,18.55,30.97,31.81,136.12,84.13,True
NARMADA,NSE,EQ,INE117Z01029,2026-10-09,11.13,11.05,11.49,11.01,11.15,-0.18,11.16,191440,2137006.22,443720.0,0.43,,16.49,24.74,-32.52,-55.01,False,19.77,43.56,11.13,-74.45,0.0,270,-0.18,-9.59,-24.7,-68.0,-66.62,-54.79,False
NATCAPSUQ,NSE,BE,INE936B01015,2026-10-09,160.01,158.42,163.0,158.42,157.64,1.5,160.65,7005,1125376.47,6405.0,1.09,,169.75,169.3,-5.74,-5.49,True,41.27,272.05,140.04,-41.18,14.26,270,1.5,-1.33,-18.44,10.38,3.88,-41.62,False
NATCOPHARM,NSE,EQ,INE987B01026,2026-10-09,789.4,795.4,801.7,787.45,795.4,-0.75,793.5,233109,184973052.9,474495.0,0.49,,854.72,909.8,-7.64,-13.23,False,30.86,1206.0,789.4,-34.54,0.0,270,-0.75,-3.88,-4.4,-19.78,-29.04,-0.77,False
NATHBIOGEN,NSE,EQ,INE448G01010,2026-10-09,137.79,136.0,138.3,134.99,136.1,1.24,136.48,2136,291529.51,25919.0,0.08,,149.74,157.3,-7.98,-12.4,False,36.33,196.01,129.02,-29.7,6.8,270,1.24,0.04,-9.35,-16.37,-6.87,-16.45,False
NATIONALUM,NSE,EQ,INE139A01034,2026-10-09,315.9,314.1,317.95,309.9,313.1,0.89,315.07,2959217,932347020.2,4833094.0,0.61,,358.27,351.24,-11.83,-10.06,True,28.97,441.5,214.5,-28.45,47.27,270,0.89,-5.67,-14.86,-10.98,-21.05,47.71,False
NATIONSTD,NSE,EQ,INE166R01015,2026-10-09,105.26,105.42,106.88,100.4,104.9,0.34,103.23,5435,561030.64,16059.0,0.34,,216.85,780.76,-51.46,-86.52,False,25.3,1451.45,103.07,-92.75,2.12,119,0.34,-8.4,-4.27,-80.3,,,False
NAUKRI,NSE,EQ,INE663F01032,2026-10-09,1219.0,1189.8,1235.0,1189.8,1182.8,3.06,1218.0,1672590,2037206507.4,1497806.0,1.12,,1245.79,1194.41,-2.15,2.06,True,44.41,1396.2,925.95,-12.69,31.65,270,3.06,1.58,-5.65,1.24,18.04,-6.9,False
NAVA,NSE,EQ,INE725A01030,2026-10-09,549.1,544.65,554.0,539.0,544.5,0.84,547.24,218022,119310212.1,314246.0,0.69,,563.16,588.9,-2.5,-6.76,False,46.16,730.4,506.0,-24.82,8.52,270,0.84,-0.62,-0.98,-8.45,-5.34,-15.65,False
NAVINFLUOR,NSE,EQ,INE048G01026,2026-10-09,8352.5,8465.0,8498.0,8310.0,8417.5,-0.77,8377.87,43911,367880807.0,110400.0,0.4,,8253.77,7216.52,1.2,15.74,True,48.96,8775.5,4572.1,-4.82,82.68,270,-0.77,2.65,-4.34,8.31,37.8,80.73,False
NAVKARCORP,NSE,EQ,INE278M01019,2026-10-09,84.58,83.85,85.14,83.02,83.33,1.5,84.18,200936,16914098.37,492038.0,0.41,,92.62,99.08,-8.68,-14.64,False,33.19,128.37,74.63,-34.11,13.33,270,1.5,-0.58,-10.73,-22.55,-8.37,-30.16,False
NAVKARURB,NSE,EQ,INE268H01044,2026-10-09,0.87,0.89,0.89,0.86,0.87,0.0,0.88,186245,163315.93,619735.0,0.3,,0.91,1.16,-4.8,-25.14,False,45.57,2.48,0.72,-64.92,20.83,270,0.0,2.35,-2.25,-9.37,11.54,-63.75,False
NAVNETEDUL,NSE,EQ,INE060A01024,2026-10-09,121.15,121.9,122.59,120.87,121.66,-0.42,121.4,28188,3421996.96,89253.0,0.32,,129.27,139.09,-6.28,-12.9,False,33.81,164.93,121.15,-26.54,0.0,270,-0.42,-2.2,-6.92,-19.26,-9.41,-20.7,False
NAZARA,NSE,EQ,INE418L01047,2026-10-09,377.65,376.3,381.25,374.0,376.0,0.44,377.34,1319027,497718585.65,1616750.0,0.82,,359.81,376.03,4.96,0.43,False,55.25,392.85,217.65,-3.87,73.51,270,0.44,-1.83,2.51,24.1,52.58,48.33,False
NBCC,NSE,EQ,INE095N01031,2026-10-09,74.46,74.47,75.15,73.9,74.0,0.62,74.53,3708122,276384692.06,5258465.0,0.71,,84.97,94.19,-12.37,-20.94,False,27.49,122.67,74.0,-39.3,0.62,270,0.62,-3.8,-13.42,-25.53,-16.08,-30.46,False
NBIFIN,NSE,EQ,INE365I01020,2026-10-09,1843.0,1874.7,1874.7,1840.0,1813.9,1.6,1853.01,57,105621.6,2309.0,0.02,,1959.54,2050.85,-5.95,-10.13,False,36.79,2764.1,1583.5,-33.32,16.39,270,1.6,-0.8,-6.45,-19.92,1.83,-26.92,False
NCC,NSE,EQ,INE868B01028,2026-10-09,125.06,125.0,127.74,122.36,119.93,4.28,124.76,17923816,2236119594.78,4492922.0,3.99,,137.9,152.34,-9.31,-17.91,False,35.22,214.02,119.93,-41.57,4.28,270,4.28,-3.84,-15.87,-14.2,-14.97,-39.75,False
NCLIND,NSE,EQ,INE732C01016,2026-10-09,165.42,160.5,166.0,160.5,160.54,3.04,163.67,39600,6481135.76,41446.0,0.96,,174.83,183.02,-5.38,-9.62,False,37.8,211.16,148.17,-21.66,11.64,270,3.04,-2.71,-6.36,-11.44,-11.16,-15.41,False
NDGL,NSE,EQ,INE756C01015,2026-10-09,2399.3,2356.0,2418.9,2302.1,2324.0,3.24,2363.79,158,373479.4,204.0,0.78,,2612.54,2789.16,-8.16,-13.98,False,33.88,3995.0,2185.8,-39.94,9.77,270,3.24,-0.49,-13.54,-18.43,-3.35,-37.9,False
NDL,NSE,EQ,INE875G01048,2026-10-09,2.58,2.58,2.62,2.55,2.58,0.0,2.58,597686,1540132.27,923037.0,0.65,,2.65,2.71,-2.61,-4.92,False,42.46,3.38,1.84,-23.67,40.22,270,0.0,1.57,-11.64,7.5,-1.15,-22.75,False
NDLVENTURE,NSE,EQ,INE353A01023,2026-10-09,119.74,117.6,123.68,117.0,117.51,1.9,119.56,5998,717104.38,12663.0,0.47,,123.17,117.03,-2.79,2.31,True,45.16,134.39,82.05,-10.9,45.94,270,1.9,-4.39,-5.1,-9.3,-2.65,43.5,False
NDRAUTO,NSE,EQ,INE07OG01012,2026-10-09,682.35,679.8,688.0,668.0,677.65,0.69,679.5,12395,8422409.6,23220.0,0.53,,742.6,802.92,-8.11,-15.02,False,38.0,1059.5,610.8,-35.6,11.71,270,0.69,-4.68,-4.92,-20.17,-4.78,-33.14,False
NDRINVIT,NSE,BL,INE0Q7Q23015,2026-09-30,148.0,148.0,148.0,148.0,137.0,8.03,148.0,3400000,503200000.0,14825000.0,0.23,,117.12,115.55,26.36,28.09,True,,148.0,115.0,0.0,28.7,3,8.03,,,,,,False
NDTV,NSE,EQ,INE155G01029,2026-10-09,63.79,64.35,64.97,63.1,64.35,-0.87,63.86,66846,4269065.17,63848.0,1.05,,72.03,82.36,-11.44,-22.55,False,21.25,116.81,59.28,-45.39,7.61,270,-0.87,-6.3,-12.65,-23.11,-13.91,-44.31,False
NDTV-RE,NSE,BE,INE155G20011,2025-10-03,21.17,20.21,21.98,19.11,20.21,4.75,20.62,359038,7403329.85,346572.0,1.04,,28.22,29.58,-24.97,-28.43,False,,30.09,20.21,-29.64,4.75,9,4.75,-15.59,,,,,False
NEAGI,NSE,EQ,INE605D01012,2026-10-09,3250.0,3250.0,3250.0,3250.0,3194.6,1.73,3250.0,3,9750.0,19.0,0.15,,3311.96,3317.63,-1.87,-2.04,False,44.21,3496.7,3026.1,-7.06,7.4,87,1.73,-6.7,-5.8,0.04,,,False
NECCLTD,NSE,EQ,INE553C01016,2026-10-09,19.43,18.69,19.9,17.93,18.31,6.12,19.18,213378,4092478.5,67517.0,3.16,,17.81,17.03,9.11,14.12,True,58.77,22.56,10.77,-13.87,80.41,270,6.12,5.54,-1.12,20.83,31.37,-4.61,False
NECLIFE,NSE,EQ,INE023H01027,2026-10-09,10.13,10.26,10.59,10.03,10.55,-3.98,10.2,206786,2108655.17,138051.0,1.5,,11.09,12.22,-8.64,-17.12,False,36.47,22.25,9.3,-54.47,8.92,270,-3.98,-0.98,-16.63,-9.47,-6.12,-29.65,False
NEELAM,NSE,SM,INE0N1401016,2026-10-09,6.5,6.5,6.5,6.5,6.75,-3.7,6.5,12000,78000.0,29400.0,0.41,,8.88,13.46,-26.79,-51.72,False,31.41,22.0,6.2,-70.45,4.84,164,-3.7,-7.14,-23.53,-38.68,-50.0,,True
NELCAST,NSE,EQ,INE189I01024,2026-10-09,142.48,139.9,145.0,136.1,141.52,0.68,141.11,449004,63359394.1,625882.0,0.72,,121.29,125.25,17.47,13.76,False,72.15,160.22,88.19,-11.07,61.56,270,0.68,17.72,24.79,1.84,12.54,13.72,False
NELCO,NSE,EQ,INE045B01015,2026-10-09,853.35,870.0,877.9,841.6,865.0,-1.35,855.9,201785,172707493.75,244971.0,0.82,,927.52,835.91,-8.0,2.09,True,36.98,1081.5,506.1,-21.1,68.61,270,-1.35,-4.03,-12.31,-4.16,34.58,1.33,False
NEOCHEM,NSE,SM,INE21UM01018,2026-10-09,98.95,102.5,106.0,97.95,102.5,-3.46,103.26,21600,2230500.0,44400.0,0.49,,99.73,95.71,-0.78,3.39,True,44.52,115.8,63.25,-14.55,56.44,198,-3.46,-2.03,5.38,6.92,41.05,,True
NEOGEN,NSE,EQ,INE136S01016,2026-10-09,2378.2,2391.0,2464.0,2362.0,2379.7,-0.06,2418.66,115494,279340842.5,221568.0,0.52,,2262.03,1880.42,5.14,26.47,True,53.22,2488.4,979.8,-4.43,142.72,270,-0.06,-1.2,7.46,14.06,78.99,58.49,False
NEPHROCARE,NSE,SM,INE0SUN01013,2026-10-09,83.95,82.7,84.95,82.05,82.8,1.39,83.87,16400,1375420.0,20820.0,0.79,,86.72,91.21,-3.19,-7.96,False,41.81,151.0,51.75,-44.4,62.22,269,1.39,-6.36,4.94,17.49,11.49,-40.04,True
NEPHROPLUS,NSE,EQ,INE428V01029,2026-10-09,616.4,629.8,631.15,608.0,626.95,-1.68,615.53,229573,141310146.5,708433.0,0.32,,684.84,622.44,-9.99,-0.97,True,27.84,765.35,449.15,-19.46,37.24,200,-1.68,-5.02,-17.16,-5.02,13.06,,False
NEPTUNE,NSE,SM,INE156901014,2026-10-08,177.0,177.0,177.0,177.0,178.2,-0.67,177.0,500,88500.0,2375.0,0.21,,181.45,184.0,-2.45,-3.8,False,44.49,243.4,137.75,-27.28,28.49,253,-0.67,-6.1,1.72,-6.25,-14.49,25.8,True
NESCO,NSE,EQ,INE317F01035,2026-10-09,1038.5,1030.0,1045.0,1018.6,1027.8,1.04,1030.03,16937,17445538.7,47162.0,0.36,,1063.45,1137.72,-2.35,-8.72,False,44.53,1400.6,1008.3,-25.85,3.0,270,1.04,1.0,-7.04,-5.51,-6.85,-20.73,False
NESTLEIND,NSE,EQ,INE239A01024,2026-10-09,1333.0,1321.2,1346.8,1314.3,1319.0,1.06,1332.6,1657324,2208551849.4,1289376.0,1.29,,1392.91,1368.41,-4.3,-2.59,True,41.94,1540.0,1166.4,-13.44,14.28,270,1.06,1.93,-4.82,-8.4,9.83,15.62,False
NETF,NSE,EQ,INF277K015R5,2026-10-09,246.0,243.99,246.29,243.5,242.25,1.55,244.91,3535,865760.29,3136.0,1.13,,255.39,261.63,-3.68,-5.97,False,35.57,284.05,242.25,-13.4,1.55,270,1.55,-0.65,-4.62,-6.27,-5.5,-10.16,False
NETWEB,NSE,EQ,INE0NT901020,2026-10-09,4721.6,4740.0,4834.9,4644.6,4715.1,0.14,4731.57,1003567,4748444233.5,1053950.0,0.95,,4768.91,4242.33,-0.99,11.3,True,47.96,5601.0,3024.1,-15.7,56.13,270,0.14,4.45,-7.19,9.68,42.59,29.41,False
NETWORK18,NSE,EQ,INE870H01013,2026-10-09,24.69,24.5,24.93,24.4,24.39,1.23,24.73,2815614,69620240.79,3160946.0,0.89,,27.59,33.44,-10.51,-26.16,False,34.09,52.4,24.39,-52.88,1.23,270,1.23,-2.91,-9.56,-20.79,-23.11,-52.01,False
NEUEON,NSE,BE,INE333I01044,2026-10-09,12.87,12.83,13.0,12.25,12.83,0.31,12.84,34187,438993.61,27980.0,1.22,,13.65,11.22,-5.71,14.75,True,45.65,26.1,5.76,-50.69,123.44,102,0.31,-15.66,6.98,-38.18,,,False
NEULANDLAB,NSE,EQ,INE794A01010,2026-10-09,20890.0,21025.0,21395.0,20790.0,21015.0,-0.59,20973.46,24573,515380850.0,48743.0,0.5,,21666.5,18475.37,-3.58,13.07,True,34.66,23995.0,11555.0,-12.94,80.79,270,-0.59,-2.86,-12.94,7.1,48.63,43.03,False
NEWGEN,NSE,EQ,INE619B01017,2026-10-09,449.3,446.1,456.7,444.15,442.55,1.53,449.82,1046904,470918395.5,705529.0,1.48,,496.72,563.63,-9.55,-20.28,False,30.4,996.55,402.3,-54.91,11.68,270,1.53,-1.54,-12.59,-13.13,-2.41,-49.5,False
NEWJAISA,NSE,ST,INE0PW501021,2026-10-09,15.3,16.05,16.05,15.3,16.1,-4.97,15.41,10500,161775.0,41850.0,0.25,,17.22,21.36,-11.17,-28.36,False,34.71,45.4,13.55,-66.3,12.92,262,-4.97,-10.53,-12.32,-17.52,-10.53,-67.79,True
NEXT30ADD,NSE,EQ,INF740KA1VE5,2026-10-09,39.58,39.22,39.59,39.22,39.03,1.41,39.39,1341,52826.76,35028.0,0.04,,41.87,41.56,-5.47,-4.75,True,32.1,44.76,37.35,-11.57,5.97,270,1.41,-0.63,-7.09,-6.34,0.05,2.12,False
NEXT50,NSE,EQ,INF769K01FN2,2026-10-09,704.61,699.38,706.76,696.36,699.37,0.75,703.29,27892,19616148.76,45712.0,0.61,,738.92,727.0,-4.64,-3.08,True,32.48,771.91,621.27,-8.72,13.41,270,0.75,-1.26,-6.52,-5.58,3.38,1.23,False
NEXT50ADD,NSE,EQ,INF740KA1XU7,2026-10-09,68.7,68.32,68.87,68.28,68.32,0.56,68.59,3234,221813.81,12938.0,0.25,,72.11,70.98,-4.72,-3.21,True,35.45,75.27,60.85,-8.73,12.9,184,0.56,-4.08,-6.52,-5.57,3.84,,False
NEXT50BETA,NSE,EQ,INF789F1AUW9,2026-10-09,73.8,73.63,74.13,72.73,73.27,0.72,73.57,148355,10915019.33,237618.0,0.62,,77.29,76.17,-4.52,-3.11,True,31.73,80.53,64.84,-8.36,13.82,195,0.72,-1.2,-6.01,-5.21,2.59,,False
NEXT50ETF,NSE,EQ,INF174KA1YO3,2026-10-09,68.37,68.39,69.8,68.0,68.58,-0.31,68.54,26722,1831537.69,24038.0,1.11,,72.25,71.22,-5.37,-4.0,True,31.77,76.79,60.63,-10.96,12.77,181,-0.31,-2.52,-6.93,-5.84,3.08,,False
NEXT50IETF,NSE,EQ,INF109KC1NS5,2026-10-09,72.1,73.24,73.24,71.25,71.46,0.9,72.01,828347,59647761.62,880535.0,0.94,,75.58,74.39,-4.6,-3.08,True,33.0,78.94,63.68,-8.66,13.22,270,0.9,-1.19,-6.52,-5.29,3.38,1.09,False
NEXTMEDIA,NSE,EQ,INE747B01016,2026-10-09,3.54,3.42,3.55,3.42,3.49,1.43,3.48,7010,24412.44,17802.0,0.39,,3.82,4.47,-7.3,-20.78,False,41.01,7.09,3.49,-50.07,1.43,270,1.43,-1.12,-8.29,-12.16,-16.51,-43.81,False
NFL,NSE,EQ,INE870D01012,2026-10-09,61.74,61.34,62.06,61.16,61.34,0.65,61.7,500967,30911106.85,543244.0,0.92,,68.25,75.56,-9.54,-18.29,False,28.24,96.06,61.34,-35.73,0.65,270,0.65,-3.3,-12.24,-16.28,-16.41,-32.91,False
NFPSAMPOOR,NSE,SM,INE0T1501010,2026-10-08,19.55,20.3,20.3,19.5,20.3,-3.69,19.72,14000,276100.0,15300.0,0.92,,22.83,35.0,-14.36,-44.14,False,37.55,51.8,19.55,-62.26,0.0,92,-3.69,-12.92,-4.63,-19.88,,,True
NGIL,NSE,EQ,INE236Y01012,2026-10-09,37.49,38.49,38.49,36.98,37.75,-0.69,37.38,6892,257621.01,35120.0,0.2,,38.41,35.8,-2.39,4.71,True,47.36,42.26,22.39,-11.29,67.44,270,-0.69,-2.45,-0.64,-6.23,39.11,9.43,False
NGLFINE,NSE,EQ,INE887E01022,2026-10-09,2925.0,3001.0,3029.9,2900.0,2998.9,-2.46,2937.81,3060,8989690.7,9818.0,0.31,,2923.93,2565.75,0.04,14.0,True,50.68,3457.8,1278.8,-15.41,128.73,270,-2.46,0.03,4.03,-8.41,25.46,108.13,False
NH,NSE,EQ,INE410P01011,2026-10-09,1719.5,1693.0,1746.3,1693.0,1695.3,1.43,1722.17,151191,260376075.2,210287.0,0.72,,1851.2,1857.55,-7.11,-7.43,False,34.52,2080.3,1605.3,-17.34,7.11,270,1.43,-1.26,-9.38,-15.18,0.08,-1.04,False
NHIT,NSE,BL,INE0H7R23014,2025-12-22,149.06,149.06,149.06,149.06,148.53,0.36,149.06,50600000,7542436000.0,123100000.0,0.41,,148.55,148.54,0.34,0.35,True,,149.06,148.53,0.0,0.36,2,0.36,,,,,,False
NHPC,NSE,EQ,INE848E01016,2026-10-09,72.99,71.65,72.99,71.35,71.65,1.87,72.24,5018040,362497326.94,8840082.0,0.57,,75.59,77.48,-3.45,-5.8,False,41.8,87.04,71.65,-16.14,1.87,270,1.87,1.73,-3.83,-8.56,-4.84,-15.44,False
NIACL,NSE,EQ,INE470Y01017,2026-10-09,162.23,159.0,163.97,159.0,158.14,2.59,162.2,2303810,373668598.37,4873356.0,0.47,,179.02,173.27,-9.38,-6.37,True,38.14,231.2,117.82,-29.83,37.69,270,2.59,1.26,-20.95,-11.79,23.98,-14.21,False
NIBE,NSE,EQ,INE149O01018,2026-10-09,1213.2,1231.0,1235.6,1207.5,1224.7,-0.94,1221.2,35585,43456520.1,67449.0,0.53,,1331.54,1298.93,-8.89,-6.6,True,37.91,1835.3,817.2,-33.9,48.46,270,-0.94,-1.73,-8.88,-24.55,26.42,-17.7,False
NIBL,NSE,EQ,INE047O01014,2026-10-09,30.75,31.49,31.75,30.11,30.97,-0.71,30.83,8420,259595.39,40624.0,0.21,,31.76,31.13,-3.18,-1.21,True,43.53,37.84,25.93,-18.74,18.59,270,-0.71,-1.82,1.28,0.42,5.09,9.16,False
NICCOPAR,NSE,EQ,INE653C01022,2026-10-09,75.88,74.85,76.95,72.8,76.9,-1.33,74.74,763,57027.65,907.0,0.84,,79.23,76.96,-4.23,-1.4,True,42.0,90.23,75.25,-15.9,0.84,37,-1.33,-4.55,-5.54,,,,False
NIDAN,NSE,SM,INE0J6L01013,2026-10-09,13.25,13.45,13.45,13.25,13.5,-1.85,13.4,4000,53600.0,6700.0,0.6,,13.41,15.03,-1.18,-11.83,False,49.92,22.8,12.5,-41.89,6.0,244,-1.85,2.71,-10.47,-2.57,-14.24,,True
NIF100BEES,NSE,EQ,INF204K014N5,2026-10-09,250.36,248.29,257.98,247.6,247.39,1.2,249.55,27226,6794330.19,60469.0,0.45,,260.68,265.55,-3.96,-5.72,False,33.04,284.4,242.51,-11.97,3.24,270,1.2,-0.76,-4.91,-6.36,-4.23,-6.24,False
NIF100IETF,NSE,EQ,INF109KC16V9,2026-10-09,26.39,26.26,26.44,26.0,26.01,1.46,26.3,64333,1691911.92,119121.0,0.54,,27.42,27.92,-3.75,-5.49,False,35.82,29.98,25.62,-11.97,3.01,270,1.46,0.23,-4.97,-6.12,-3.93,-6.25,False
NIF10GETF,NSE,EQ,INF789F1AZF3,2025-12-23,26.0,26.06,26.18,25.9,26.12,-0.46,25.99,22999,597807.8,4748.0,4.84,,26.06,25.96,-0.24,0.16,True,45.38,26.26,25.67,-0.99,1.29,75,-0.46,-0.54,-0.38,0.58,,,False
NIF500BETA,NSE,EQ,INF789F1AG76,2026-10-09,37.24,35.08,38.13,35.0,34.68,7.38,35.91,2046,73463.51,68733.0,0.03,,36.91,37.54,0.9,-0.8,False,52.72,37.85,34.65,-1.61,7.47,29,7.38,7.47,-0.08,,,,False
NIF5GETF,NSE,EQ,INF789F1AZE6,2025-12-23,63.72,63.6,63.74,63.43,63.76,-0.06,63.5,6720,426735.12,7962.0,0.84,,63.52,63.15,0.31,0.9,True,51.55,64.14,62.53,-0.65,1.9,74,-0.06,0.31,0.87,1.51,,,False
NIFITETF,NSE,EQ,INF789F1AZD8,2025-12-23,406.95,405.77,407.84,404.36,409.46,-0.61,406.1,991,402441.08,2081.0,0.48,,385.22,368.57,5.64,10.41,True,68.44,409.46,347.51,-0.61,17.1,75,-0.61,2.95,5.69,11.02,,,False
NIFMID150,NSE,EQ,INF789F1AYX9,2025-12-23,224.96,224.5,225.65,224.35,224.5,0.2,225.5,23169,5224719.59,4517.0,5.13,,222.02,217.91,1.33,3.24,True,57.92,228.98,211.0,-1.76,6.62,75,0.2,1.53,0.81,1.8,,,False
NIFTY1,NSE,EQ,INF174K014P6,2026-10-09,250.85,247.2,253.97,247.2,247.2,1.48,250.02,80336,20085225.67,142966.0,0.56,,260.33,266.76,-3.64,-5.96,False,35.66,289.49,246.49,-13.35,1.77,270,1.48,0.53,-4.73,-6.36,-5.33,-7.41,False
NIFTY100EW,NSE,EQ,INF174KA1UW4,2026-10-09,32.78,31.86,33.48,31.86,32.51,0.83,32.69,37219,1216835.12,77920.0,0.48,,34.36,34.2,-4.6,-4.15,True,31.77,38.21,30.29,-14.21,8.22,270,0.83,-2.21,-5.72,-6.26,0.46,-0.79,False
NIFTY50ADD,NSE,EQ,INF740KA1CL0,2025-12-12,272.47,277.52,277.52,271.04,270.76,0.63,272.1,8377,2279365.73,12924.0,0.65,,269.09,263.1,1.26,3.56,True,55.33,274.13,256.65,-0.61,6.16,68,0.63,-0.51,0.69,4.27,,,False
NIFTYADD,NSE,EQ,INF740KA1CL0,2026-10-09,238.33,237.02,238.38,234.85,234.67,1.56,237.48,2562,608414.92,28938.0,0.09,,247.17,254.56,-3.58,-6.38,False,36.19,275.07,234.11,-13.36,1.8,202,1.56,0.52,-4.68,-6.33,-5.11,,False
NIFTYAXIS,NSE,EQ,INF846K01W98,2026-10-09,250.11,251.65,251.65,246.88,246.72,1.37,249.37,112377,28023932.63,132558.0,0.85,,260.14,265.54,-3.85,-5.81,False,35.62,272.45,246.72,-8.2,1.37,69,1.37,0.27,-4.82,-6.47,,,False
NIFTYBEES,NSE,EQ,INF204KB14I2,2026-10-09,257.35,256.29,257.7,253.93,253.76,1.41,256.55,5570363,1429099171.75,7752354.0,0.72,,267.27,273.93,-3.71,-6.05,False,34.92,297.55,253.44,-13.51,1.54,270,1.41,0.33,-4.7,-6.44,-5.27,-7.27,False
NIFTYBETA,NSE,EQ,INF789F1AZC0,2026-10-09,251.27,249.82,252.99,246.0,247.32,1.6,249.6,65076,16242746.34,191586.0,0.34,,260.21,268.14,-3.44,-6.29,False,36.93,289.61,246.56,-13.24,1.91,195,1.6,0.54,-4.41,-6.1,-5.12,,False
NIFTYBETF,NSE,EQ,INF0QA701722,2026-10-09,232.82,229.55,232.91,229.55,229.55,1.42,231.32,5911,1367341.13,5086.0,1.16,,241.46,247.45,-3.58,-5.91,False,36.72,268.91,229.24,-13.42,1.56,270,1.42,0.76,-4.52,-6.37,-5.16,-7.08,False
NIFTYCASE,NSE,EQ,INF0R8F01166,2026-10-09,9.06,9.18,9.18,8.96,8.96,1.12,9.05,818158,7406851.82,1191715.0,0.69,,9.42,9.68,-3.78,-6.43,False,32.77,10.47,8.91,-13.47,1.68,240,1.12,0.33,-4.83,-6.5,-5.03,,False
NIFTYETF,NSE,EQ,INF769K01EG9,2026-10-09,245.75,248.17,248.17,242.26,242.12,1.5,245.25,189590,46496944.09,247702.0,0.77,,255.12,261.48,-3.67,-6.01,False,36.27,284.31,241.51,-13.56,1.76,270,1.5,0.44,-4.57,-6.41,-5.28,-7.45,False
NIFTYIETF,NSE,EQ,INF109K012R6,2026-10-09,255.93,250.65,256.4,250.65,252.65,1.3,255.52,813429,207844053.28,744858.0,1.09,,265.91,272.54,-3.75,-6.1,False,34.42,295.98,252.02,-13.53,1.55,270,1.3,0.28,-4.82,-6.5,-5.42,-7.39,False
NIFTYJBLK,NSE,EQ,INF22M001184,2026-10-09,11.61,11.65,11.69,11.43,11.43,1.57,11.53,106725,1230317.65,145429.0,0.73,,12.06,12.35,-3.73,-6.02,False,36.37,12.5,11.43,-7.12,1.57,35,1.57,0.61,-4.37,,,,False
NIFTYQLITY,NSE,EQ,INF209KB15K4,2026-10-09,19.9,19.65,20.3,19.65,19.53,1.89,19.7,83576,1646160.81,50752.0,1.65,,20.71,21.09,-3.93,-5.62,False,38.21,22.61,19.03,-11.99,4.57,270,1.89,0.66,-5.42,-4.88,-2.88,-6.04,False
NIITLTD,NSE,EQ,INE161A01038,2026-10-09,82.08,82.0,82.86,81.1,81.78,0.37,81.91,131545,10775251.9,177043.0,0.74,,91.03,89.91,-9.83,-8.71,True,34.23,109.47,50.38,-25.02,62.92,270,0.37,-3.37,-13.91,-18.59,33.03,-22.2,False
NIITMTS,NSE,EQ,INE342G01023,2026-10-09,200.98,201.6,202.0,195.02,200.01,0.48,200.05,70391,14081533.71,228112.0,0.31,,221.61,267.19,-9.31,-24.78,False,37.83,437.0,191.08,-54.01,5.18,270,0.48,5.18,-10.08,-17.26,-34.05,-38.73,False
NIKITA,NSE,SM,INE0FLF01015,2026-10-09,66.5,65.2,66.5,65.2,67.5,-1.48,65.85,2400,158040.0,10800.0,0.22,,73.72,94.71,-9.8,-29.78,False,42.22,150.6,64.0,-55.84,3.91,253,-1.48,0.61,-13.52,-33.53,-42.17,-44.56,True
NILAINFRA,NSE,EQ,INE937C01029,2026-10-09,6.59,6.48,6.68,6.33,6.47,1.85,6.52,99115,646233.98,150049.0,0.66,,6.9,7.81,-4.47,-15.63,False,43.53,10.89,5.95,-39.49,10.76,270,1.85,0.3,-0.45,-9.73,-20.98,-33.97,False
NILASPACES,NSE,EQ,INE00S901012,2026-10-09,10.97,11.2,11.2,10.66,11.01,-0.36,11.01,556510,6125824.23,1064302.0,0.52,,11.96,13.12,-8.26,-16.41,False,35.41,19.23,10.97,-42.95,0.0,270,-0.36,-2.23,-14.16,-12.45,-19.4,-36.03,False
NILE,NSE,EQ,INE445D01013,2026-10-09,1242.9,1215.0,1248.0,1206.0,1216.4,2.18,1234.24,1653,2040199.0,3929.0,0.42,,1453.86,1627.74,-14.51,-23.64,False,31.31,1981.3,1216.4,-37.27,2.18,120,2.18,-0.02,-15.55,-35.14,,,False
NILKAMAL,NSE,EQ,INE310A01015,2026-10-09,1776.0,1838.8,1846.9,1770.0,1854.3,-4.22,1800.45,29605,53302259.5,22502.0,1.32,,1851.28,1597.88,-4.07,11.15,True,35.67,2116.5,1066.7,-16.09,66.49,270,-4.22,-5.12,-15.91,36.25,37.58,14.46,False
NIMBSPROJ,NSE,EQ,INE875B01015,2026-10-09,185.9,190.88,190.9,185.5,189.88,-2.1,185.9,7140,1327339.9,29831.0,0.24,,183.51,191.74,1.3,-3.05,False,51.91,225.62,143.51,-17.6,29.54,129,-2.1,-1.87,25.22,-9.1,-6.94,,False
NINSYS,NSE,EQ,INE395U01014,2026-10-09,803.1,815.0,815.6,776.1,816.45,-1.64,793.56,9918,7870516.95,6270.0,1.58,,748.21,632.66,7.34,26.94,True,64.31,914.15,286.6,-12.15,180.22,270,-1.64,-0.19,13.26,-9.04,88.59,82.65,False
NIPPOBATRY,NSE,EQ,INE567A01028,2026-10-09,311.9,317.85,320.0,309.5,311.7,0.06,313.87,802,251724.75,1868.0,0.43,,325.01,353.96,-4.03,-11.88,False,40.47,456.95,259.25,-31.74,20.31,270,0.06,-0.81,-3.91,-8.57,-2.12,-30.45,False
NIRAJ,NSE,EQ,INE368I01016,2026-10-09,27.28,27.0,28.1,26.62,27.32,-0.15,27.91,14765,412095.49,30203.0,0.49,,28.35,30.95,-3.76,-11.86,False,41.95,46.48,20.73,-41.31,31.6,270,-0.15,-1.66,-3.19,-6.99,-5.15,-40.42,False
NIRAJISPAT,NSE,BE,INE326T01011,2026-10-08,285.5,284.0,285.5,284.0,284.1,0.49,284.9,85,24216.5,304.0,0.28,,275.32,259.22,3.7,10.14,True,48.12,429.65,161.3,-33.55,77.0,250,0.49,-5.15,-26.38,36.13,21.67,,False
NIRLON,NSE,EQ,INE910A01012,2026-10-09,626.7,617.4,629.0,617.4,620.0,1.08,627.28,4928,3091212.55,119842.0,0.04,,616.68,592.66,1.62,5.74,True,60.25,649.8,539.79,-3.55,16.1,120,1.08,1.9,1.14,1.19,,,False
NIRMAN,NSE,SM,INE0OK701014,2026-10-09,26.9,26.85,27.45,26.0,26.65,0.94,26.72,9300,248505.0,15030.0,0.62,,30.34,50.99,-11.33,-47.24,False,43.8,194.5,25.45,-86.17,5.7,270,0.94,5.7,-1.47,-39.0,-45.33,-84.96,True
NITCO,NSE,EQ,INE858F01012,2026-10-09,77.63,78.9,80.02,77.0,78.9,-1.61,78.58,586920,46122821.48,574034.0,1.02,,91.39,95.85,-15.06,-19.01,False,30.33,117.31,64.95,-33.82,19.52,270,-1.61,-7.78,-16.94,-27.12,-10.49,-34.48,False
NITINSPIN,NSE,EQ,INE229H01012,2026-10-09,608.8,600.8,612.3,591.4,596.4,2.08,601.39,70145,42184177.7,80834.0,0.87,,598.27,501.15,1.76,21.48,True,49.75,655.1,305.35,-7.07,99.38,270,2.08,2.39,-7.07,12.08,56.2,86.86,False
NITIRAJ,NSE,EQ,INE439T01012,2026-10-09,209.9,207.79,209.91,199.03,203.69,3.05,205.18,574,117775.4,2206.0,0.26,,212.87,204.08,-1.4,2.85,True,46.22,234.07,171.85,-10.33,22.14,270,3.05,4.48,-9.1,14.79,-2.61,6.82,False
NITTAGELA,NSE,EQ,INE265B01019,2026-10-09,1652.6,1623.0,1687.9,1623.0,1652.2,0.02,1653.46,584,965620.3,3997.0,0.15,,1668.9,1396.83,-0.98,18.31,True,44.7,2031.4,863.2,-18.65,91.45,120,0.02,-0.7,-1.07,-18.65,,,False
NITYAS,NSE,BE,INE211501023,2026-10-09,79.8,81.0,82.0,79.8,83.99,-4.99,80.41,866344,69658415.15,4285091.0,0.2,,83.83,83.95,-4.8,-4.94,False,,83.99,79.8,-4.99,0.0,2,-4.99,,,,,,False
NIVABUPA,NSE,EQ,INE995S01015,2026-10-09,77.65,78.0,78.0,75.8,77.83,-0.23,76.99,886715,68268360.43,2031074.0,0.44,,80.08,80.76,-3.03,-3.85,False,47.14,88.36,68.4,-12.12,13.52,270,-0.23,6.4,-3.6,-10.24,5.85,-5.12,False
NKIND,NSE,EQ,INE542C01019,2026-10-09,57.85,58.09,59.89,57.1,57.0,1.49,57.96,42,2434.46,871.0,0.05,,59.44,63.16,-2.68,-8.41,False,48.07,76.8,55.43,-24.67,4.37,263,1.49,-0.6,1.31,-7.56,-5.16,-19.32,False
NLCINDIA,NSE,EQ,INE589A01014,2026-10-09,243.55,242.95,245.9,239.5,241.45,0.87,243.28,807888,196546494.7,1366877.0,0.59,,270.44,279.3,-9.94,-12.8,False,31.83,370.9,236.24,-34.34,3.09,270,0.87,-3.81,-10.54,-22.66,-9.65,-14.64,False
NMDC,NSE,EQ,INE584A01023,2026-10-09,71.8,71.02,72.33,70.75,70.69,1.57,71.82,16569636,1190080497.66,13238452.0,1.25,,80.89,82.5,-11.23,-12.97,False,28.25,96.04,70.69,-25.24,1.57,270,1.57,-3.8,-15.24,-15.45,-13.4,-5.96,False
NMSTEEL,NSE,SM,INE0TP801012,2026-10-09,23.3,23.3,23.3,23.3,23.2,0.43,23.3,1600,37280.0,9040.0,0.18,,23.32,26.07,-0.09,-10.62,False,51.52,36.45,18.65,-36.08,24.93,202,0.43,3.56,1.97,-1.69,-10.38,,True
NOCIL,NSE,EQ,INE163A01018,2026-10-09,164.84,167.82,172.9,163.65,165.76,-0.56,166.32,578858,96274848.92,1985653.0,0.29,,174.77,169.49,-5.68,-2.74,True,40.34,206.3,128.23,-20.1,28.55,270,-0.56,-2.37,-10.93,-6.04,-0.17,-5.34,False
NOIDATOLL,NSE,EQ,INE781B01015,2026-10-09,3.85,4.02,4.02,3.83,3.83,0.52,3.92,76695,300731.51,133796.0,0.57,,4.04,4.29,-4.64,-10.17,False,48.25,7.17,2.92,-46.3,31.85,270,0.52,8.15,-3.51,-18.6,1.58,-3.51,False
NORBTEAEXP,NSE,EQ,INE369C01017,2026-10-09,64.18,62.8,68.0,59.32,61.99,3.53,64.76,4175,270386.97,2750.0,1.52,,66.96,70.03,-4.15,-8.35,False,46.38,99.35,49.05,-35.4,30.85,269,3.53,-7.04,-7.99,-9.09,-28.64,18.85,False
NORTHARC,NSE,EQ,INE850M01015,2026-10-09,281.45,282.8,284.95,275.25,280.7,0.27,280.06,555038,155445401.1,937235.0,0.59,,295.68,279.95,-4.81,0.54,True,39.13,325.3,206.85,-13.48,36.06,270,0.27,-2.51,-9.46,-13.48,18.62,3.59,False
NOVAAGRI,NSE,EQ,INE02H701025,2026-10-09,21.94,22.39,22.39,21.32,21.95,-0.05,21.8,21310,464533.04,43664.0,0.49,,23.37,28.78,-6.11,-23.76,False,36.45,47.97,18.42,-54.26,19.11,270,-0.05,-1.26,-5.23,-6.99,-26.7,-53.98,False
NOVARTIND,NSE,EQ,INE234A01025,2026-10-09,2049.0,1997.6,2095.0,1943.1,1987.7,3.08,2007.43,49497,99361690.5,197801.0,0.25,,1819.71,1433.34,12.6,42.95,True,58.71,2428.2,962.0,-15.62,112.99,120,3.08,4.27,12.46,37.09,,,False
NPBET,NSE,EQ,INF277K010X4,2026-10-09,280.5,281.9,283.0,280.5,279.11,0.5,281.93,215,60615.48,1426.0,0.15,,282.61,282.64,-0.75,-0.76,False,48.55,302.17,248.56,-7.17,12.85,270,0.5,1.04,-1.88,-3.21,1.89,2.85,False
NPST,NSE,EQ,INE0FFK01017,2026-10-09,1752.2,1790.4,1806.8,1692.4,1790.2,-2.12,1730.36,82674,143055454.8,243963.0,0.34,,1694.76,1564.72,3.39,11.98,True,50.23,2010.4,878.6,-12.84,99.43,270,-2.12,-0.81,2.08,8.18,42.7,-9.4,False
NRAIL,NSE,EQ,INE740D01017,2026-10-09,636.15,652.05,662.1,625.35,651.15,-2.3,648.62,17252,11190010.05,28569.0,0.6,,583.02,496.83,9.11,28.04,True,54.15,677.25,388.95,-6.07,63.56,270,-2.3,-3.54,-1.27,48.01,54.52,46.85,False
NRBBEARING,NSE,EQ,INE349A01021,2026-10-09,524.95,512.0,528.65,502.0,510.2,2.89,519.06,352766,183108367.55,1079265.0,0.33,,488.89,393.12,7.38,33.53,True,54.88,542.6,216.2,-3.25,142.81,270,2.89,-3.25,7.22,22.38,107.64,85.0,False
NRL,NSE,BE,INE0JM501013,2026-10-09,158.0,158.89,158.9,155.73,158.9,-0.57,156.98,19162,3008117.96,96703.0,0.2,,134.65,95.24,17.34,65.9,True,66.82,166.26,46.75,-4.97,237.97,270,-0.57,0.89,21.11,57.54,213.06,117.21,False
NRVANDANA,NSE,SM,INE104101014,2026-10-09,71.0,70.0,71.0,69.0,71.0,0.0,70.42,105000,7394400.0,48150.0,2.18,,69.27,64.06,2.5,10.84,True,52.9,79.95,43.8,-11.19,62.1,261,0.0,2.68,3.65,2.53,39.22,31.36,True
NSIL,NSE,EQ,INE023A01030,2026-10-09,5093.5,5107.5,5130.0,5051.5,5108.0,-0.28,5101.44,1173,5983988.0,1924.0,0.61,,5471.08,5799.32,-6.9,-12.17,False,30.69,8373.0,4730.5,-39.17,7.67,270,-0.28,-1.36,-10.01,-6.87,-7.82,-32.98,False
NSLNISP,NSE,EQ,INE0NNS01018,2026-10-09,39.23,39.1,39.85,38.86,39.1,0.33,39.38,2929880,115365160.29,4286051.0,0.68,,42.55,42.8,-7.8,-8.33,False,34.25,52.55,33.2,-25.35,18.16,270,0.33,-4.2,-12.86,-9.44,-2.29,-12.55,False
NTCIND,NSE,EQ,INE920C01017,2026-10-09,128.72,137.69,137.69,127.0,135.03,-4.67,129.28,4334,560308.12,1426.0,3.04,,136.93,141.56,-5.99,-9.07,False,40.1,144.45,128.72,-10.89,0.0,38,-4.67,-0.61,-5.91,,,,False
NTPC,NSE,EQ,INE733E01010,2026-10-09,312.0,309.75,314.35,309.55,309.7,0.74,311.7,7374305,2298575622.7,7759048.0,0.95,,331.55,347.49,-5.9,-10.21,False,34.11,410.2,309.7,-23.94,0.74,270,0.74,-0.98,-5.68,-9.45,-16.61,-8.36,False
NTPCGREEN,NSE,EQ,INE0ONG01011,2026-10-09,92.6,90.8,93.4,90.06,90.8,1.98,92.32,3998223,369116766.45,3146294.0,1.27,,91.45,95.29,1.25,-2.82,False,54.9,118.86,85.18,-22.09,8.71,270,1.98,1.66,4.7,-1.59,-4.7,-4.74,False
NUCLEUS,NSE,EQ,INE096B01018,2026-10-09,639.75,619.8,642.95,614.0,619.8,3.22,628.06,25518,16026940.1,17167.0,1.49,,694.41,781.35,-7.87,-18.12,False,31.7,1037.7,619.8,-38.35,3.22,270,3.22,-1.11,-10.83,-14.98,-26.07,-35.75,False
NURECA,NSE,BE,INE0DSF01015,2026-10-09,331.65,331.35,340.0,330.0,331.35,0.09,332.59,2396,796891.35,10228.0,0.23,,326.76,291.59,1.5,13.74,True,46.83,366.6,206.75,-9.53,60.41,270,0.09,-5.2,4.26,42.23,29.91,43.9,False
NUVAMA,NSE,EQ,INE531F01023,2026-10-09,1764.4,1740.0,1773.1,1710.3,1737.4,1.55,1735.77,254851,442361984.2,503815.0,0.51,,1740.47,2376.39,1.38,-25.75,False,52.86,7615.0,1110.6,-76.83,58.87,270,1.55,3.7,-3.92,-10.78,37.74,-72.02,False
NUVOCO,NSE,EQ,INE118D01016,2026-10-09,317.1,321.35,325.35,315.5,321.9,-1.49,317.84,233998,74374326.05,288017.0,0.81,,329.65,340.88,-3.81,-6.98,False,41.76,432.85,281.1,-26.74,12.81,270,-1.49,-1.55,-6.69,-0.97,4.0,-24.43,False
NV20,NSE,EQ,INF174KA1ZE1,2026-10-09,13.14,13.07,13.17,13.04,12.99,1.15,13.1,35553,465666.16,108260.0,0.33,,13.96,44.17,-5.87,-70.25,False,35.57,156.3,12.99,-91.59,1.15,270,1.15,0.31,-4.44,-6.94,-9.19,-90.99,False
NV20BEES,NSE,EQ,INF204KB18I3,2026-10-09,132.49,129.92,133.6,129.9,129.65,2.19,131.35,25939,3406958.74,44431.0,0.58,,136.55,142.15,-2.98,-6.79,False,42.02,156.84,129.65,-15.53,2.19,270,2.19,0.78,-3.82,-6.2,-9.23,-9.14,False
NV20IETF,NSE,EQ,INF109KC11V0,2026-10-09,12.81,12.63,12.85,12.63,12.63,1.43,12.77,513281,6555927.61,511783.0,1.0,,13.29,13.85,-3.61,-7.48,False,34.98,15.3,12.63,-16.27,1.43,270,1.43,0.16,-4.55,-6.9,-9.85,-9.73,False
NXST,NSE,BL,INE0NDH25011,2026-09-04,164.0,164.0,164.0,164.0,150.0,9.33,164.0,7495149,1229204436.0,7495149.0,1.0,,164.0,164.0,0.0,0.0,False,,164.0,164.0,0.0,0.0,1,,,,,,,False
NXT-INFRA,NSE,BL,INE0SF023016,2026-08-21,93.85,93.85,93.85,93.85,93.85,0.0,93.85,26350000,2472947500.0,22737500.0,1.16,,93.85,93.85,0.0,0.0,False,,93.85,93.85,0.0,0.0,2,0.0,,,,,,False
NYKAA,NSE,EQ,INE388Y01029,2026-10-09,343.0,333.0,344.65,333.0,332.3,3.22,340.52,5152542,1754526231.9,4886428.0,1.05,,329.95,296.73,3.96,15.59,True,56.16,349.55,234.7,-1.87,46.14,270,3.22,5.55,0.59,3.91,35.0,47.6,False
OAL,NSE,EQ,INE959C01023,2026-10-09,518.0,515.85,528.9,510.0,512.0,1.17,519.92,18803,9776122.45,40894.0,0.46,,469.47,373.84,10.34,38.56,True,54.64,558.35,235.4,-7.23,120.05,270,1.17,-2.67,-2.44,50.08,102.81,58.51,False
OBCL,NSE,EQ,INE426Z01016,2026-10-09,55.19,54.84,56.01,54.22,54.84,0.64,54.93,1977,108600.96,10213.0,0.19,,55.72,55.3,-0.96,-0.21,True,46.38,60.27,50.87,-8.43,8.49,270,0.64,1.47,-0.79,2.64,-1.02,-0.45,False
OBEROIRLTY,NSE,EQ,INE093I01010,2026-10-09,1698.8,1680.0,1707.9,1668.9,1663.3,2.13,1688.96,361578,610691409.2,456049.0,0.79,,1794.29,1727.71,-5.32,-1.67,True,38.02,1953.4,1411.5,-13.03,20.35,270,2.13,-3.18,-7.36,-11.74,3.85,7.38,False
OBSCP,NSE,SM,INE0YHV01011,2026-10-09,822.8,855.0,855.2,813.0,850.15,-3.22,827.39,100400,83069800.0,46820.0,2.14,,831.22,587.74,-1.01,39.99,True,39.22,986.25,280.6,-16.57,193.23,270,-3.22,-7.77,-5.32,23.63,159.44,176.8,True
OCCLLTD,NSE,BE,INE0PK601023,2026-10-09,218.54,201.55,218.77,201.55,208.36,4.89,215.82,192171,41474870.84,112119.0,1.71,,167.15,135.31,30.74,61.51,True,77.63,218.54,77.78,0.0,180.97,270,4.89,12.95,32.58,76.24,137.98,77.75,False
ODIGMA,NSE,EQ,INE054301028,2026-10-09,20.71,20.66,21.0,20.52,20.67,0.19,20.72,5391,111680.46,16370.0,0.33,,21.98,25.55,-5.77,-18.94,False,37.75,43.41,20.46,-52.29,1.22,270,0.19,-1.89,-5.82,-12.73,-21.28,-54.51,False
ODYCORP,NSE,EQ,INE839E01023,2026-10-09,6.64,6.99,6.99,6.56,6.86,-3.21,6.77,3743,25349.94,35858.0,0.1,,7.05,7.12,-5.81,-6.8,False,35.69,7.98,6.64,-16.79,0.0,38,-3.21,-3.91,-8.67,,,,False
OFSS,NSE,EQ,INE881D01027,2026-10-09,10510.0,10401.0,10646.0,10387.0,10400.0,1.06,10510.2,211500,2222907728.0,229970.0,0.92,,11119.32,9941.65,-5.48,5.72,True,38.2,12540.0,6302.0,-16.19,66.77,270,1.06,0.86,-10.78,-9.79,46.38,25.07,False
OIL,NSE,EQ,INE274J01014,2026-10-09,443.5,444.0,448.15,441.45,447.0,-0.78,443.96,625338,277624177.95,2046758.0,0.31,,465.41,455.13,-4.71,-2.56,True,35.4,518.3,398.15,-14.43,11.39,270,-0.78,-0.11,-10.48,4.37,-3.37,7.18,False
OILCOUNTUB,NSE,BE,INE591A01010,2026-10-09,86.25,86.25,86.25,86.25,84.56,2.0,86.25,46337,3996566.25,47672.0,0.97,,67.61,61.9,27.57,39.33,True,89.02,86.25,36.96,0.0,133.36,270,2.0,10.38,36.9,56.11,108.08,21.48,False
OILIETF,NSE,EQ,INF109KC18W3,2026-10-09,10.52,10.6,10.6,10.45,10.51,0.1,10.52,1662526,17490731.46,1448758.0,1.15,,11.08,11.37,-5.1,-7.49,False,27.43,12.53,10.51,-16.04,0.1,270,0.1,-1.5,-6.16,-7.15,-6.98,-7.88,False
OLAELEC,NSE,EQ,INE0LXG01040,2026-10-09,35.13,35.3,35.5,34.22,34.63,1.44,34.85,69338643,2416496151.75,109714490.0,0.63,,38.06,39.54,-7.7,-11.15,False,40.13,57.08,22.8,-38.45,54.08,270,1.44,-5.26,-6.64,-13.07,16.06,-38.31,False
OLECTRA,NSE,EQ,INE260D01016,2026-10-09,1044.8,1058.1,1060.9,1033.9,1041.5,0.32,1048.98,207282,217434376.0,404438.0,0.51,,1220.23,1270.41,-14.38,-17.76,False,27.55,1562.7,880.45,-33.14,18.67,270,0.32,-4.69,-13.92,-26.61,-3.78,-32.72,False
OLIL,NSE,SM,INE0OPS01011,2026-10-09,449.55,448.0,450.0,443.0,440.65,2.02,444.28,46000,20437000.0,35520.0,1.3,,428.78,384.92,4.84,16.79,True,57.56,478.0,263.0,-5.95,70.93,270,2.02,-1.09,5.04,6.84,39.14,62.41,True
OLIL-RE,NSE,ST,INE0OPS20011,2026-03-11,0.9,0.9,0.9,0.9,1.5,-40.0,0.9,6320,5688.0,9493.0,0.67,,2.35,2.43,-61.76,-62.89,False,,2.45,0.9,-63.27,0.0,3,-40.0,,,,,,True
OMAXAUTO,NSE,EQ,INE090B01011,2026-10-09,200.45,207.0,207.0,197.0,200.16,0.14,199.93,34313,6860367.99,85597.0,0.4,,196.09,175.98,2.22,13.9,True,54.47,257.15,85.82,-22.05,133.57,270,0.14,-0.34,17.39,-17.25,89.78,48.0,False
OMAXE,NSE,EQ,INE800H01010,2026-10-09,100.19,98.95,102.3,98.67,98.42,1.8,100.55,410279,41253899.22,631847.0,0.65,,107.66,91.84,-6.94,9.09,True,37.71,136.38,64.09,-26.54,56.33,270,1.8,-7.9,-21.47,10.73,33.27,26.58,False
OMFREIGHT,NSE,EQ,INE1BZC01019,2026-10-09,107.46,108.6,110.5,104.43,106.72,0.69,106.6,65339,6964855.3,21252.0,3.07,,93.27,89.3,15.21,20.34,True,77.08,111.76,59.64,-3.85,80.18,248,0.69,10.22,22.8,12.04,34.83,,False
OMFURN,NSE,SM,INE338Y01016,2026-10-08,53.5,49.3,53.5,49.3,51.6,3.68,51.4,2400,123360.0,17640.0,0.14,,55.91,70.76,-4.31,-24.39,False,46.81,131.15,39.85,-59.21,34.25,215,3.68,1.04,-6.14,-6.14,5.0,,True
OMINFRAL,NSE,EQ,INE239D01028,2026-10-09,69.59,71.34,71.34,68.07,68.86,1.06,69.23,43308,2998292.82,66580.0,0.65,,80.55,88.61,-13.6,-21.47,False,19.73,128.66,68.86,-45.91,1.06,270,1.06,-8.53,-15.09,-24.0,-22.93,-45.54,False
OMKARCHEM,NSE,BZ,INE474L01016,2026-04-28,3.41,3.41,3.41,3.41,3.58,-4.75,3.41,23987,81795.67,21920.0,1.09,,4.28,5.21,-20.31,-34.57,False,31.22,6.47,3.41,-47.3,0.0,157,-4.75,-18.23,-10.5,-39.86,-36.73,,False
OMNI,NSE,EQ,INE0UH301010,2026-10-09,634.1,635.0,640.0,602.75,636.5,-0.38,621.71,654815,407107120.85,1103727.0,0.59,,568.37,442.92,11.56,43.16,True,62.85,732.6,190.14,-13.45,233.49,148,-0.38,4.18,20.57,21.18,92.31,,False
OMPOWER,NSE,EQ,INE25E901019,2026-10-09,162.93,165.74,167.39,162.0,166.11,-1.91,163.6,46918,7675728.58,153495.0,0.31,,167.49,178.8,-2.72,-8.87,False,47.57,203.04,152.06,-19.75,7.15,121,-1.91,3.29,-4.16,-7.51,,,False
ONDOOR,NSE,SM,INE00ER01015,2026-10-08,258.25,266.95,272.0,258.0,264.0,-2.18,267.37,6600,1764645.0,6900.0,0.96,,261.27,206.22,-1.15,25.23,True,41.86,305.8,105.05,-15.55,145.84,258,-2.18,0.23,-10.83,30.4,98.73,59.46,True
ONECAP-RE,NSE,BE,INE912L20015,2026-03-10,0.14,0.14,0.15,0.13,0.14,0.0,0.14,248632,34760.33,94082.0,2.64,,0.59,0.73,-76.29,-80.71,False,,0.78,0.14,-82.05,0.0,11,0.0,-22.22,,,,,False
ONEGLOBAL,NSE,EQ,INE670O01013,2026-10-09,576.4,580.0,586.0,561.05,561.3,2.69,569.37,4657,2651540.95,10795.0,0.43,,548.43,558.06,5.1,3.29,False,51.56,585.0,502.05,-1.47,14.81,38,2.69,9.71,8.51,,,,False
ONELIFECAP,NSE,BE,INE912L01015,2026-10-09,50.06,50.98,51.98,49.0,49.51,1.11,50.65,84775,4293839.5,112013.0,0.76,,36.47,27.35,37.28,83.06,True,89.61,50.06,11.76,0.0,325.68,270,1.11,20.42,63.06,33.39,232.62,288.36,False
ONEPOINT,NSE,EQ,INE840Y01029,2026-10-09,80.36,78.21,81.85,78.21,78.45,2.43,80.56,5768618,464736195.76,5035500.0,1.15,,63.85,56.49,25.86,42.25,True,88.79,80.36,41.39,0.0,94.15,270,2.43,8.05,42.58,49.31,62.05,78.3,False
ONESOURCE,NSE,EQ,INE013P01021,2026-10-09,1461.3,1479.0,1491.1,1438.2,1478.2,-1.14,1459.96,194585,284086373.3,290742.0,0.67,,1564.7,1617.12,-6.61,-9.64,False,35.9,1889.8,1114.0,-22.67,31.18,270,-1.14,-3.1,-7.48,-10.18,8.77,-20.6,False
ONGC,NSE,EQ,INE213A01029,2026-10-09,221.27,220.0,222.19,218.91,219.8,0.67,220.86,8103203,1789636474.55,11995799.0,0.68,,234.77,248.08,-5.75,-10.81,False,33.98,301.4,219.8,-26.59,0.67,270,0.67,-0.49,-6.24,-9.67,-22.5,-7.61,False
ONIDA,NSE,EQ,INE831A01028,2026-10-09,28.79,29.69,29.94,28.42,29.5,-2.41,28.92,237442,6866175.1,579258.0,0.41,,34.43,37.97,-16.37,-24.18,False,26.12,44.4,28.79,-35.16,0.0,78,-2.41,-8.14,-17.17,-31.71,,,False
ONIXSOLAR,NSE,EQ,INE173M01012,2026-10-09,380.15,357.05,386.6,352.65,371.2,2.41,366.27,298121,109192768.35,289646.0,1.03,,361.56,369.6,5.14,2.85,False,51.95,459.4,276.25,-17.25,37.61,38,2.41,11.91,-14.44,,,,False
ONMOBILE,NSE,BE,INE809I01019,2026-10-09,50.25,51.54,53.0,49.5,51.54,-2.5,50.48,36074,1821084.81,55229.0,0.65,,53.5,55.42,-6.08,-9.33,False,45.94,80.03,40.53,-37.21,23.98,270,-2.5,3.01,4.15,-26.69,12.77,-25.07,False
ONWARDTEC,NSE,EQ,INE229A01017,2026-10-09,307.0,295.5,311.4,293.4,294.6,4.21,304.67,117358,35756046.8,33376.0,3.52,,287.2,283.12,6.9,8.43,True,66.86,340.35,210.15,-9.8,46.09,270,4.21,5.39,7.23,7.95,21.41,6.58,False
ONYX,NSE,ST,INE0WVU01018,2026-10-09,38.0,37.55,39.4,37.55,37.55,1.2,38.48,32000,1231200.0,31700.0,1.01,,39.06,39.22,-2.71,-3.12,False,47.61,49.0,28.65,-22.45,32.64,237,1.2,1.2,1.33,-8.21,23.38,,True
OPTIEMUS,NSE,EQ,INE350C01017,2026-10-09,815.85,815.0,839.9,795.8,816.85,-0.12,819.21,516472,423099785.9,2158508.0,0.24,,660.88,551.17,23.45,48.02,True,61.62,889.9,292.75,-8.32,178.68,270,-0.12,1.51,46.64,50.79,127.03,31.19,False
OPTIFIN,NSE,EQ,INE031G01022,2026-10-09,14.17,14.01,14.45,13.91,14.29,-0.84,14.19,21208,300893.87,185059.0,0.11,,13.66,12.27,3.71,15.44,True,51.24,16.7,11.45,-15.15,23.76,38,-0.84,-2.07,-2.41,,,,False
OPTIMYSTIX,NSE,SM,INE1JZB01022,2026-10-09,163.4,140.9,167.55,140.9,139.65,17.01,160.94,151200,24334280.0,48960.0,3.09,,155.53,176.75,5.06,-7.55,False,60.11,189.0,129.75,-13.54,25.93,39,17.01,23.79,8.57,,,,True
OPTIVALUE,NSE,ST,INE15B101011,2026-10-09,222.75,222.0,224.0,214.8,226.1,-1.48,218.78,38400,8401280.0,70320.0,0.55,,186.31,127.18,19.56,75.14,True,58.02,238.0,63.0,-6.41,253.57,265,-1.48,4.09,35.41,153.56,197.0,127.64,True
ORBTEXP,NSE,EQ,INE231G01010,2026-10-09,246.05,235.0,261.0,233.0,235.75,4.37,246.81,7004,1728683.2,15079.0,0.46,,235.4,210.55,4.52,16.86,True,54.83,274.71,135.35,-10.43,81.79,270,4.37,0.99,2.76,6.66,51.81,39.82,False
ORCHASP,NSE,EQ,INE215B01022,2026-10-09,1.34,1.38,1.38,1.26,1.31,2.29,1.31,275516,359962.1,295555.0,0.93,,1.45,1.93,-7.41,-30.48,False,47.06,3.99,1.24,-66.42,8.06,270,2.29,4.69,-1.47,-26.78,-33.0,-52.31,False
ORCHPHARMA,NSE,EQ,INE191A01027,2026-10-09,983.95,990.0,1001.75,961.55,981.2,0.28,982.57,75527,74210639.4,138162.0,0.55,,994.56,867.01,-1.07,13.49,True,46.21,1107.2,482.45,-11.13,103.95,270,0.28,-0.61,1.88,-2.82,82.98,40.16,False
ORIANA,NSE,SM,INE0OUT01027,2026-10-09,289.15,293.0,298.3,287.0,294.9,-1.95,292.24,166125,48547762.5,340665.0,0.49,,880.62,1543.22,-67.17,-81.26,False,19.44,3001.1,271.3,-90.37,6.58,270,-1.95,-4.71,-76.25,-80.44,-85.41,-89.07,True
ORICONENT,NSE,EQ,INE730A01022,2026-10-09,51.1,50.45,52.66,50.45,50.72,0.75,51.7,17050,881436.52,101701.0,0.17,,53.55,57.28,-4.57,-10.78,False,44.03,69.12,49.98,-26.07,2.24,270,0.75,2.24,-3.88,-7.18,-23.53,-3.55,False
ORIENTALTL,NSE,EQ,INE998H01012,2026-10-09,4.76,4.83,4.86,4.6,4.79,-0.63,4.76,41976,200006.8,59808.0,0.7,,5.1,6.31,-6.62,-24.54,False,33.37,10.45,4.5,-54.45,5.78,270,-0.63,-1.04,-6.85,-13.77,-34.53,-54.14,False
ORIENTBELL,NSE,EQ,INE607D01018,2026-10-09,400.4,419.2,421.0,397.55,413.0,-3.05,406.32,36042,14644677.15,32293.0,1.12,,381.88,334.49,4.85,19.7,True,51.38,432.55,252.35,-7.43,58.67,270,-3.05,0.46,-2.41,25.48,49.88,39.34,False
ORIENTCABL,NSE,EQ,INE0J1N01028,2026-10-09,380.8,394.55,396.9,376.0,386.85,-1.56,382.17,1660667,634658621.85,9884975.0,0.17,,403.55,404.63,-5.64,-5.89,False,,418.4,380.8,-8.99,0.0,5,-1.56,,,,,,False
ORIENTCEM,NSE,EQ,INE876N01018,2026-10-09,111.62,111.0,112.3,109.29,110.08,1.4,110.86,222825,24702430.06,520647.0,0.43,,125.26,145.28,-10.89,-23.17,False,25.95,224.72,110.08,-50.33,1.4,270,1.4,-3.7,-11.71,-19.09,-20.25,-49.11,False
ORIENTCER,NSE,EQ,INE569C01020,2026-10-09,42.15,41.55,43.45,41.55,41.94,0.5,42.46,51930,2205084.35,87305.0,0.59,,44.14,41.93,-4.5,0.53,True,37.95,55.07,34.46,-23.46,22.32,270,0.5,-4.47,-6.33,-0.5,3.38,14.07,False
ORIENTELEC,NSE,EQ,INE142Z01019,2026-10-09,164.77,162.48,166.77,160.91,162.95,1.12,164.43,220462,36251375.45,154256.0,1.43,,170.78,178.93,-3.52,-7.91,False,46.47,213.66,154.46,-22.88,6.67,270,1.12,6.67,-6.14,-7.67,3.27,-15.95,False
ORIENTHOT,NSE,EQ,INE750A01020,2026-10-09,140.01,138.42,141.32,138.1,139.12,0.64,140.52,209210,29398701.15,632360.0,0.33,,137.19,124.51,2.06,12.45,True,50.0,146.54,82.01,-4.46,70.72,270,0.64,0.01,-0.38,4.85,44.27,9.67,False
ORIENTLTD,NSE,BE,INE609C01024,2026-10-09,79.9,78.5,79.9,76.02,80.0,-0.12,77.14,1949,150344.08,1677.0,1.16,,78.66,74.71,1.58,6.94,True,51.19,98.44,55.62,-18.83,43.65,270,-0.12,2.54,-3.15,12.5,34.78,-4.24,False
ORIENTPPR,NSE,EQ,INE592A01026,2026-10-09,15.8,15.8,15.94,15.6,15.73,0.45,15.75,54593,860040.83,175695.0,0.31,,16.97,18.86,-6.9,-16.21,False,33.62,27.29,13.98,-42.1,13.02,270,0.45,-2.65,-13.61,-5.56,-13.71,-38.74,False
ORIENTTECH,NSE,EQ,INE0PPK01015,2026-10-09,233.41,236.0,239.0,231.0,234.94,-0.65,233.96,356331,83368410.56,1357256.0,0.26,,242.02,274.5,-3.56,-14.97,False,47.1,505.4,222.47,-53.82,4.92,270,-0.65,1.81,-0.01,-7.36,-14.07,-34.02,False
ORIRAIL,NSE,EQ,INE457G01029,2026-10-09,115.13,119.03,119.84,114.25,119.28,-3.48,116.45,83984,9779961.75,110237.0,0.76,,119.52,113.44,-3.68,1.49,True,39.61,132.99,103.63,-13.43,11.1,38,-3.48,-7.27,-10.32,,,,False
ORISSAMINE,NSE,EQ,INE725E01024,2026-10-09,3530.0,3482.7,3570.0,3435.0,3460.4,2.01,3502.54,4723,16542503.6,8003.0,0.59,,3956.85,4189.03,-10.79,-15.73,False,31.89,5800.0,3125.5,-39.14,12.94,270,2.01,-0.24,-15.93,-6.82,-4.55,-24.38,False
ORKLAINDIA,NSE,EQ,INE16NZ01023,2026-10-09,559.2,551.9,573.2,550.35,549.7,1.73,564.98,122628,69281887.15,77985.0,1.57,,569.34,601.78,-1.78,-7.07,False,48.72,713.65,537.2,-21.64,4.1,229,1.73,4.1,-5.2,-5.74,-9.78,,False
ORTEL,NSE,BZ,INE849L01019,2026-09-28,1.7,1.71,1.71,1.7,1.74,-2.3,1.7,51,86.95,10346.0,0.0,,1.8,1.66,-5.81,2.57,True,40.16,2.3,1.22,-26.09,39.34,207,-2.3,-15.0,-2.86,9.68,23.19,,False
ORTINGLOBE,NSE,EQ,INE749B01020,2026-10-09,13.83,14.67,14.67,13.5,14.38,-3.82,14.33,11036,158121.75,14271.0,0.77,,15.27,15.06,-9.42,-8.15,True,40.29,19.92,11.19,-30.57,23.59,270,-3.82,-4.75,-13.18,-16.13,-10.6,21.1,False
OSELDEVICE,NSE,SM,INE0RMF01018,2026-10-09,366.35,365.3,375.65,363.2,367.5,-0.31,370.03,20200,7474590.0,23300.0,0.87,,391.25,466.55,-6.36,-21.48,False,44.9,803.6,350.75,-54.41,4.45,270,-0.31,-0.6,-0.96,-17.85,-36.28,-38.31,True
OSIAHYPER,NSE,BZ,INE06IR01021,2026-10-09,1.8,1.88,1.88,1.75,1.84,-2.17,1.78,574503,1022604.87,383464.0,1.5,,2.5,6.68,-27.98,-73.06,False,19.52,24.21,1.8,-92.57,0.0,270,-2.17,-18.18,-26.23,-44.1,-51.09,-92.71,False
OSWALAGRO,NSE,EQ,INE142A01012,2026-10-09,31.69,31.63,32.2,31.33,31.96,-0.84,31.69,10712,339442.37,40744.0,0.26,,35.94,45.1,-11.84,-29.74,False,30.25,79.21,31.69,-59.99,0.0,270,-0.84,-4.29,-12.48,-23.45,-41.21,-57.09,False
OSWALGREEN,NSE,EQ,INE143A01010,2026-10-09,19.01,19.1,19.33,18.85,19.0,0.05,18.97,68509,1299846.48,102238.0,0.67,,20.38,25.04,-6.74,-24.09,False,39.79,40.93,18.99,-53.55,0.11,270,0.05,-1.4,-6.31,-15.36,-30.85,-53.71,False
OSWALPUMPS,NSE,EQ,INE0BYP01024,2026-10-09,254.35,254.0,256.75,251.1,255.45,-0.43,254.45,229795,58472376.8,413003.0,0.56,,294.28,397.18,-13.57,-35.96,False,27.53,774.85,254.35,-67.17,0.0,270,-0.43,-3.75,-7.44,-38.01,-30.12,-64.77,False
OSWALSEEDS,NSE,EQ,INE00IK01029,2026-10-09,11.88,12.15,12.2,11.41,11.91,-0.25,11.83,54908,649780.19,319310.0,0.17,,12.37,12.51,-3.93,-5.04,False,41.37,19.68,9.99,-39.63,18.92,270,-0.25,-4.12,-2.14,9.39,6.07,-20.54,False
OWAIS,NSE,SM,INE0R8M01017,2026-10-09,66.85,66.05,67.55,62.75,66.05,1.21,66.07,8700,574800.0,8535.0,1.02,,79.9,156.91,-16.33,-57.4,False,31.24,551.95,61.15,-87.89,9.32,270,1.21,-0.37,-15.91,-36.27,-45.8,-84.18,True
PACEDIGITK,NSE,EQ,INE0S3G01027,2026-10-09,165.13,168.0,171.56,163.72,161.85,2.03,166.76,2304433,384289758.69,3124036.0,0.74,,171.18,183.99,-3.53,-10.25,False,49.05,227.93,141.72,-27.55,16.52,250,2.03,-1.33,3.01,-23.62,11.97,,False
PACIFICI,NSE,EQ,INE883C01025,2026-10-09,144.95,135.69,144.95,135.69,133.01,8.98,136.04,158,21494.58,771.0,0.2,,139.56,139.79,3.86,3.69,False,54.91,150.98,132.96,-3.99,9.02,38,8.98,6.59,3.54,,,,False
PAGEIND,NSE,EQ,INE761H01022,2026-10-09,36875.0,36645.0,37040.0,36455.0,36450.0,1.17,36720.28,11109,407925610.0,24158.0,0.46,,37062.21,37775.46,-0.51,-2.38,False,50.71,43610.0,30200.0,-15.44,22.1,270,1.17,0.59,2.67,-6.4,4.39,-9.36,False
PAISALO,NSE,EQ,INE420C01059,2026-10-09,80.9,80.0,81.89,79.64,81.13,-0.28,80.72,6056965,488903302.46,16802090.0,0.36,,77.16,59.31,4.85,36.39,True,50.11,93.43,30.97,-13.41,161.22,270,-0.28,1.25,4.09,10.46,111.56,113.01,False
PAKKA,NSE,EQ,INE551D01018,2026-10-09,70.84,71.68,72.0,70.28,71.69,-1.19,70.86,40751,2887598.3,120326.0,0.34,,75.8,89.52,-6.55,-20.87,False,39.61,157.78,69.13,-55.1,2.47,270,-1.19,-1.97,-9.8,-4.93,-21.61,-53.7,False
PALASHSECU,NSE,EQ,INE471W01019,2026-10-09,84.94,86.0,86.0,84.02,87.1,-2.48,85.87,246,21124.15,1108.0,0.22,,88.38,95.25,-3.89,-10.83,False,44.47,122.9,80.16,-30.89,5.96,269,-2.48,0.52,-4.78,-5.85,-6.81,-29.05,False
PALREDTEC,NSE,EQ,INE218G01033,2026-10-09,42.02,39.55,43.3,39.25,41.25,1.87,41.77,6870,286976.1,3552.0,1.93,,48.15,46.68,-12.74,-9.98,True,37.86,67.94,27.49,-38.15,52.86,270,1.87,0.6,-21.19,-23.31,32.64,-13.34,False
PANACEABIO,NSE,EQ,INE922B01023,2026-10-09,345.25,345.05,350.9,338.25,344.5,0.22,345.92,58030,20073789.55,83242.0,0.7,,393.05,410.06,-12.16,-15.8,False,34.88,607.75,296.05,-43.19,16.62,270,0.22,-3.84,-11.89,-36.84,3.87,-15.15,False
PANACHE,NSE,BE,INE895W01019,2026-10-09,617.8,575.05,618.7,573.05,589.25,4.85,612.77,34608,21206809.4,22747.0,1.52,,512.74,418.92,20.49,47.47,True,75.29,617.8,243.5,0.0,153.72,270,4.85,19.69,19.82,39.68,100.06,56.03,False
PANAMAPET,NSE,EQ,INE305C01029,2026-10-09,495.9,501.45,502.5,485.35,501.3,-1.08,495.59,194664,96472754.5,301663.0,0.65,,474.04,392.03,4.61,26.49,True,53.38,545.5,232.1,-9.09,113.66,270,-1.08,1.81,2.64,15.84,79.86,75.79,False
PANCHMAHQ,NSE,EQ,INE798F01010,2026-10-09,271.9,276.7,276.7,269.0,269.0,1.08,271.89,8,2175.1,192.0,0.04,,298.94,309.43,-9.05,-12.13,False,26.29,315.0,269.0,-13.68,1.08,29,1.08,-7.81,-9.97,,,,False
PANORAMA,NSE,EQ,INE258R01028,2026-10-09,61.62,64.02,64.88,57.07,63.65,-3.19,61.18,784726,48006540.45,1641335.0,0.48,,53.31,49.0,15.58,25.76,True,60.01,66.29,41.59,-7.04,48.16,38,-3.19,1.17,27.37,,,,False
PANSARI,NSE,EQ,INE697V01011,2026-10-09,257.15,266.95,273.95,255.0,266.95,-3.67,261.9,988,258758.65,668.0,1.48,,292.93,297.0,-12.22,-13.42,False,34.87,365.3,248.5,-29.61,3.48,267,-3.67,-1.1,-11.57,-29.13,-4.56,-3.71,False
PAPADMALJI,NSE,ST,INE1V7901010,2026-10-09,62.1,62.1,62.1,62.1,65.35,-4.97,62.1,4800,298080.0,546667.0,0.01,,68.36,68.65,-9.16,-9.54,False,,68.75,62.1,-9.67,0.0,3,-4.97,,,,,,True
PAR,NSE,BE,INE04LG01015,2026-10-09,117.1,116.5,122.0,115.5,121.47,-3.6,117.68,12599,1482606.87,21803.0,0.58,,120.64,104.54,-2.93,12.01,True,41.45,168.25,78.58,-30.4,49.02,270,-3.6,-5.53,-17.21,30.72,28.26,11.82,False
PARACABLES,NSE,EQ,INE074B01023,2026-10-09,55.85,55.69,57.0,54.59,55.05,1.45,55.69,970597,54052425.73,1319300.0,0.74,,61.19,55.1,-8.72,1.36,True,38.29,74.13,28.56,-24.66,95.55,270,1.45,-1.17,-19.12,-16.58,50.09,25.56,False
PARADEEP,NSE,EQ,INE088F01024,2026-10-09,146.75,150.1,151.76,145.7,150.55,-2.52,148.43,1593920,236581999.31,1762487.0,0.9,,151.24,146.97,-2.97,-0.15,True,39.33,196.26,103.19,-25.23,42.21,270,-2.52,-2.96,-8.16,3.48,21.03,-25.14,False
PARAGMILK,NSE,EQ,INE883N01014,2026-10-09,306.4,305.0,310.0,300.0,303.25,1.04,304.4,1113427,338927105.85,2647598.0,0.42,,258.47,244.18,18.54,25.48,True,66.24,371.6,179.86,-17.55,70.35,270,1.04,16.06,20.44,32.23,51.97,18.0,False
PARAGON,NSE,SM,INE0N4G01012,2026-10-08,50.25,54.0,54.0,50.25,53.05,-5.28,52.87,12000,634440.0,14160.0,0.85,,50.72,48.97,-0.93,2.62,True,47.76,61.45,35.6,-18.23,41.15,255,-5.28,-0.5,-11.69,2.87,13.43,-9.95,True
PARAMATRIX,NSE,SM,INE0S2W01018,2026-10-09,60.35,60.35,60.35,60.35,55.9,7.96,60.35,1200,72420.0,4200.0,0.29,,59.92,70.32,0.72,-14.18,False,55.85,94.0,54.9,-35.8,9.93,156,7.96,7.77,7.77,-11.12,-17.39,,True
PARAMOUNT,NSE,SM,INE0TG801013,2026-10-09,36.25,37.2,38.9,36.2,38.1,-4.86,36.87,7200,265440.0,6060.0,1.19,,38.15,43.97,-4.97,-17.56,False,45.82,62.55,30.35,-42.05,19.44,196,-4.86,-5.35,11.37,-18.54,-26.02,,True
PARAMPARA,NSE,SM,INE749Y01014,2026-07-28,11.15,11.15,11.15,11.15,11.7,-4.7,11.15,8000,89200.0,20000.0,0.4,,10.73,10.12,3.89,10.21,True,59.1,12.4,9.8,-10.08,13.78,27,-4.7,-1.76,4.21,,,,True
PARAS,NSE,EQ,INE045601023,2026-10-09,1267.9,1246.0,1281.7,1215.2,1241.9,2.09,1256.68,712791,895749978.0,710824.0,1.0,,1326.49,1066.42,-4.42,18.89,True,40.91,1527.3,584.6,-16.98,116.88,270,2.09,-0.63,-15.7,1.18,90.15,88.98,False
PARASPETRO,NSE,EQ,INE162C01024,2026-10-09,2.02,2.02,2.06,2.01,2.02,0.0,2.03,24507,49627.17,104180.0,0.24,,2.14,2.17,-5.42,-7.11,False,37.82,2.89,1.56,-30.1,29.49,270,0.0,0.0,-5.16,-3.81,-14.77,-11.01,False
PARIN,NSE,EQ,INE00U801010,2026-10-09,694.95,705.0,705.0,688.05,691.9,0.44,695.05,2617,1818952.45,23522.0,0.11,,708.02,665.97,-1.85,4.35,True,44.12,736.8,493.9,-5.68,40.71,262,0.44,-1.26,-1.47,-3.97,12.83,36.6,False
PARKHOSPS,NSE,EQ,INE119201023,2026-10-09,270.8,262.15,272.95,262.15,260.85,3.81,267.38,634471,169642755.7,580834.0,1.09,,278.1,243.16,-2.63,11.37,True,44.09,299.3,143.92,-9.52,88.16,200,3.81,0.0,-4.06,-5.35,31.35,,False
PARKHOTELS,NSE,EQ,INE988S01028,2026-10-09,102.61,101.82,103.4,99.41,101.16,1.43,101.71,109856,11173594.89,186015.0,0.59,,110.7,121.42,-7.31,-15.49,False,37.41,155.02,96.44,-33.81,6.4,270,1.43,-0.91,-9.28,-19.62,-11.42,-28.85,False
PARNAXLAB,NSE,EQ,INE383L01019,2026-10-09,115.16,113.64,119.06,113.02,113.07,1.85,114.83,3073,352869.22,7014.0,0.44,,121.09,120.76,-4.9,-4.64,True,46.98,140.78,111.54,-18.2,3.25,38,1.85,1.79,-8.53,,,,False
PARSVNATH,NSE,BE,INE561H01026,2026-10-09,2.33,2.33,2.33,2.33,2.29,1.75,2.33,389133,906679.89,627976.0,0.62,,2.04,5.19,14.31,-55.11,False,91.27,17.9,1.37,-86.98,70.07,270,1.75,9.39,42.94,-0.43,-63.31,-81.91,False
PARTH,NSE,SM,INE1H7V01011,2026-10-09,519.8,506.0,519.8,498.0,510.5,1.82,506.09,8000,4048720.0,12380.0,0.65,,500.5,405.23,3.86,28.27,True,53.02,549.35,197.2,-5.38,163.59,270,1.82,1.77,-4.62,26.06,65.02,117.99,True
PARTY-RE,NSE,ST,INE06ZX20015,2026-10-08,0.3,0.4,0.4,0.3,0.35,-14.29,0.37,411846,153633.0,285164.0,1.44,,0.13,0.11,122.77,174.52,True,,0.35,0.1,-14.29,200.0,7,-14.29,100.0,,,,,True
PARTYCRUS,NSE,SM,INE06ZX01015,2026-10-09,99.95,97.5,99.95,97.5,96.35,3.74,98.48,3000,295450.0,10950.0,0.27,,91.83,87.9,8.85,13.71,True,62.13,111.6,64.5,-10.44,54.96,245,3.74,1.99,25.41,15.75,15.62,,True
PASHUPATI,NSE,EQ,INE124Y01028,2026-10-09,69.09,70.5,71.01,68.67,69.68,-0.85,69.64,73742,5135595.75,556415.0,0.13,,87.56,306.39,-21.1,-77.45,False,36.47,1014.5,69.09,-93.19,0.0,270,-0.85,-12.53,-14.72,-21.02,-93.09,-90.24,False
PASUPTAC,NSE,EQ,INE818B01023,2026-10-09,73.24,71.4,74.33,69.47,70.33,4.14,72.49,233296,16911287.5,290739.0,0.8,,67.54,58.93,8.43,24.28,True,56.65,79.82,40.89,-8.24,79.11,270,4.14,5.17,9.12,21.72,54.48,60.44,False
PATANJALI,NSE,EQ,INE619A01035,2026-10-09,360.45,354.8,360.45,353.75,355.0,1.54,357.37,1763630,630272795.45,6098645.0,0.29,,367.53,515.36,-1.93,-30.06,False,47.24,609.55,336.15,-40.87,7.23,270,1.54,1.49,5.39,-12.89,-23.07,-37.4,False
PATELEG-RE,NSE,BE,INE244B20022,2025-12-16,1.32,1.05,1.89,0.81,1.35,-2.22,0.85,16303291,13937551.39,7894817.0,2.07,,2.17,2.22,-39.18,-40.6,False,,2.24,1.32,-41.07,0.0,3,-2.22,,,,,,False
PATELENG,NSE,EQ,INE244B01030,2026-10-09,24.98,25.09,25.37,24.6,24.88,0.4,25.05,1595243,39965817.39,2357465.0,0.68,,27.22,29.12,-8.22,-14.22,False,33.51,38.4,22.2,-34.95,12.52,270,0.4,-3.63,-7.24,-21.32,-5.59,-32.4,False
PATELRMART,NSE,EQ,INE0R8B01010,2026-10-09,238.28,231.2,240.77,230.01,229.61,3.78,236.19,277592,65565112.32,91975.0,3.02,,217.77,214.79,9.42,10.94,True,70.7,261.8,151.22,-8.98,57.57,270,3.78,12.93,10.72,5.7,31.31,0.29,False
PATILAUTOM,NSE,ST,INE17GV01016,2026-10-09,344.6,340.05,354.75,334.0,344.95,-0.1,339.97,21600,7343280.0,95730.0,0.23,,286.36,220.03,20.34,56.62,True,61.21,359.8,117.8,-4.22,192.53,270,-0.1,5.85,14.16,81.8,140.98,99.42,True
PATINTLOG,NSE,EQ,INE529D01014,2026-10-09,12.97,12.75,13.18,12.75,12.9,0.54,12.98,12505,162308.11,107466.0,0.12,,13.57,13.37,-4.41,-3.02,True,42.0,16.18,8.26,-19.84,57.02,270,0.54,-1.97,-2.48,-18.07,23.41,-8.01,False
PATTECH,NSE,ST,INE0NZW01014,2026-06-09,114.85,120.0,120.0,114.85,116.85,-1.71,118.28,4500,532275.0,19050.0,0.24,,105.84,116.66,8.51,-1.55,False,62.05,137.95,84.0,-16.75,36.73,86,-1.71,19.39,4.79,-3.69,,,True
PAUSHAKLTD,NSE,EQ,INE111F01024,2026-10-09,700.35,688.35,713.0,670.8,671.65,4.27,697.77,42559,29696556.65,36745.0,1.16,,684.21,595.21,2.36,17.66,True,50.92,806.15,344.9,-13.12,103.06,212,4.27,7.7,-9.13,23.76,56.08,,False
PAVNAIND,NSE,EQ,INE07S101038,2026-10-09,15.3,15.01,15.5,15.01,15.08,1.46,15.39,26781,412186.3,75377.0,0.36,,16.42,20.0,-6.82,-23.48,False,41.9,40.13,14.2,-61.87,7.75,270,1.46,-0.39,-5.44,-9.25,-14.24,-58.65,False
PAYTM,NSE,EQ,INE982J01020,2026-10-09,1636.0,1638.0,1682.2,1627.8,1641.5,-0.34,1653.38,4837555,7998327086.3,4969234.0,0.97,,1616.26,1371.54,1.22,19.28,True,45.2,1849.9,959.0,-11.56,70.59,270,-0.34,-1.21,-2.04,21.93,47.0,45.58,False
PBMPOLY,NSE,EQ,INE501F01018,2026-10-09,56.08,58.61,60.0,51.01,60.24,-6.91,56.99,752,42857.06,721.0,1.04,,61.48,62.82,-8.78,-10.72,False,30.63,65.01,56.08,-13.74,0.0,30,-6.91,-4.71,-5.37,,,,False
PCBL,NSE,EQ,INE602A01031,2026-10-09,312.4,320.8,323.75,311.0,319.25,-2.15,315.22,746133,235199186.45,1179426.0,0.63,,324.19,316.64,-3.64,-1.34,True,39.21,388.15,232.15,-19.52,34.57,270,-2.15,-2.83,-4.99,0.92,15.81,-16.38,False
PCCL,NSE,SM,INE998U01015,2026-10-09,409.35,406.2,411.95,400.0,415.0,-1.36,406.47,6000,2438840.0,10220.0,0.59,,387.69,298.26,5.59,37.25,True,46.67,453.05,171.5,-9.65,138.69,269,-1.36,0.83,-4.18,59.28,62.76,135.33,True
PCJEWELLER,NSE,EQ,INE785M01021,2026-10-09,14.81,14.21,15.0,13.96,13.9,6.55,14.61,895898449,13091050518.57,420858170.0,2.13,,12.08,10.77,22.6,37.57,True,67.82,14.81,7.57,0.0,95.64,270,6.55,15.52,9.54,48.25,56.89,20.02,False
PDMJEPAPER,NSE,EQ,INE865T01018,2026-10-09,92.2,91.4,93.78,90.0,92.37,-0.18,91.44,165515,15134171.7,293755.0,0.56,,93.85,93.02,-1.76,-0.88,True,42.93,124.46,65.2,-25.92,41.41,270,-0.18,-3.52,-7.44,9.92,10.47,-23.23,False
PDSL,NSE,EQ,INE111Q01021,2026-10-09,336.0,337.0,340.6,332.15,336.95,-0.28,336.85,50295,16941869.25,105491.0,0.48,,351.12,337.7,-4.31,-0.5,True,37.6,407.4,253.85,-17.53,32.36,270,-0.28,-3.32,-2.95,-5.84,12.96,5.61,False
PEARLPOLY,NSE,EQ,INE844A01013,2026-10-09,16.63,17.28,17.28,16.5,17.09,-2.69,16.84,11662,196396.11,12613.0,0.92,,16.97,19.26,-2.03,-13.64,False,46.59,30.48,13.01,-45.44,27.82,270,-2.69,-2.69,6.33,-7.04,2.02,-42.18,False
PEL,NSE,EQ,INE140A01024,2025-09-22,1124.2,1129.0,1189.0,1108.5,1122.2,0.18,1141.97,2148582,2453607304.0,658688.0,3.26,,1095.53,1087.09,2.62,3.41,True,,1177.9,1061.2,-4.56,5.94,12,0.18,-1.47,,,,,False
PELATRO,NSE,SM,INE0VG601013,2026-10-09,375.0,374.8,378.0,373.0,365.0,2.74,375.05,5100,1912740.0,11025.0,0.46,,352.83,328.24,6.28,14.25,True,51.65,427.9,250.4,-12.36,49.76,256,2.74,4.2,-3.9,44.06,28.42,-8.09,True
PENIND,NSE,EQ,INE932A01024,2026-10-09,171.5,172.29,175.51,170.2,171.89,-0.23,172.36,338504,58344608.78,622516.0,0.54,,171.09,176.16,0.24,-2.64,False,47.24,275.95,130.92,-37.85,31.0,270,-0.23,-1.22,-5.05,-0.39,6.37,-26.82,False
PENINLAND,NSE,EQ,INE138A01028,2026-10-09,14.5,14.99,15.0,14.32,14.6,-0.68,14.72,85433,1257423.12,195063.0,0.44,,15.75,18.98,-7.95,-23.59,False,39.54,35.33,13.99,-58.96,3.65,270,-0.68,-0.82,-7.47,-20.94,-15.94,-57.95,False
PENTAGON,NSE,ST,INE0ORS01017,2026-10-09,90.0,90.0,90.0,90.0,89.95,0.06,90.0,1000,90000.0,8150.0,0.12,,76.3,66.66,17.95,35.02,True,58.76,97.8,50.25,-7.98,79.1,193,0.06,11.39,-0.55,54.91,28.94,,True
PERMAGN,NSE,EQ,INE418E01018,2026-10-09,853.75,858.8,864.9,841.0,855.75,-0.23,847.79,2916,2472151.35,3574.0,0.82,,845.27,827.02,1.0,3.23,True,48.96,900.55,804.75,-5.2,6.09,38,-0.23,-0.88,-1.08,,,,False
PERNIASPOP,NSE,EQ,INE0I1B01016,2026-10-09,521.65,528.55,530.4,520.0,528.55,-1.31,523.51,14438,7558473.9,171974.0,0.08,,551.23,563.15,-5.37,-7.37,False,33.07,575.5,517.85,-9.36,0.73,23,-1.31,-4.23,-6.4,,,,False
PERSISTENT,NSE,EQ,INE262H01021,2026-10-09,5770.0,5499.0,5789.0,5499.0,5468.0,5.52,5660.91,773886,4380899491.0,440201.0,1.76,,5427.09,5341.67,6.32,8.02,True,63.08,6563.5,4298.5,-12.09,34.23,270,5.52,7.51,3.78,14.17,7.37,19.65,False
PETRONET,NSE,EQ,INE347G01014,2026-10-09,291.5,289.85,295.45,289.15,288.5,1.04,292.07,2081631,607975624.55,2083907.0,1.0,,286.44,281.35,1.77,3.61,True,53.43,323.4,238.05,-9.86,22.45,270,1.04,2.1,1.99,4.5,7.8,4.56,False
PFC,NSE,EQ,INE134E01011,2026-10-09,327.8,324.2,330.0,323.55,323.7,1.27,328.16,4802235,1575896473.5,8910120.0,0.54,,356.31,390.04,-8.0,-15.96,False,36.96,481.4,318.0,-31.91,3.08,270,1.27,3.08,-7.9,-19.36,-21.51,-20.1,False
PFIZER,NSE,EQ,INE182A01018,2026-10-09,3808.2,3750.0,3817.4,3738.5,3750.0,1.55,3783.42,15805,59796918.7,50573.0,0.31,,4274.41,4634.01,-10.91,-17.82,False,24.65,5529.5,3750.0,-31.13,1.55,270,1.55,-1.31,-11.66,-19.51,-21.25,-24.38,False
PFOCUS,NSE,EQ,INE367G01038,2026-10-09,261.1,272.85,273.9,257.65,271.95,-3.99,263.5,4397059,1158609950.55,4059183.0,1.08,,298.08,266.53,-12.41,-2.04,True,30.94,357.45,162.71,-26.95,60.47,270,-3.99,-13.41,-16.62,1.72,-22.55,48.4,False
PFS,NSE,EQ,INE560K01014,2026-10-09,26.6,26.4,26.79,26.06,26.39,0.8,26.37,424022,11182510.95,2853044.0,0.15,,27.75,30.18,-4.13,-11.85,False,43.7,39.46,24.01,-32.59,10.79,270,0.8,-7.67,-4.01,-13.24,-5.87,-24.13,False
PGEL,NSE,EQ,INE457L01029,2026-10-09,511.8,515.2,521.65,506.0,510.6,0.24,511.93,601541,307944802.3,1144586.0,0.53,,543.05,551.83,-5.75,-7.25,False,43.16,630.65,440.65,-18.85,16.15,270,0.24,6.38,-7.57,-12.24,6.11,1.89,False
PGHH,NSE,EQ,INE179A01014,2026-10-09,6942.5,6857.0,6994.5,6801.0,6857.0,1.25,6927.69,7837,54292336.5,20813.0,0.38,,7681.04,9524.04,-9.62,-27.11,False,34.04,14380.0,6639.0,-51.72,4.57,270,1.25,4.57,-10.26,-22.34,-27.56,-50.92,False
PGHL,NSE,EQ,INE199A01012,2026-10-09,5205.0,5156.0,5275.0,5115.0,5156.5,0.94,5203.91,7412,38571405.0,13467.0,0.55,,5656.7,5794.75,-7.99,-10.18,False,34.3,6918.5,4778.6,-24.77,8.92,270,0.94,-2.89,-7.1,-23.89,7.46,-17.48,False
PGIL,NSE,EQ,INE940H01022,2026-10-09,1281.1,1278.1,1307.4,1262.9,1272.3,0.69,1278.44,56778,72587050.3,228193.0,0.25,,1693.56,1714.71,-24.35,-25.29,False,32.8,2480.4,1138.4,-48.35,12.54,270,0.69,1.43,-45.87,-35.88,-16.68,0.68,False
PHANTOMFX,NSE,SM,INE0MLZ01019,2026-10-09,99.65,111.5,112.5,99.0,110.8,-10.06,103.07,29400,3030225.0,40155.0,0.73,,116.9,170.24,-14.76,-41.47,False,47.97,289.75,82.1,-65.61,21.38,270,-10.06,15.6,-14.06,-45.2,-50.25,-57.14,True
PHARMABEES,NSE,EQ,INF204KC1089,2026-10-09,26.72,26.03,26.8,26.0,26.56,0.6,26.65,5096033,135806661.08,4437294.0,1.15,,27.11,25.42,-1.45,5.09,True,40.67,27.89,22.08,-4.2,21.01,270,0.6,-1.44,-3.4,1.1,18.23,21.4,False
PHOENIXLTD,NSE,EQ,INE211B01039,2026-10-09,1813.1,1789.1,1822.0,1784.2,1771.2,2.37,1811.33,674943,1222543178.9,465501.0,1.45,,1909.69,1829.75,-5.06,-0.91,True,37.99,2154.0,1477.4,-15.83,22.72,270,2.37,-6.06,-3.81,-15.23,5.84,16.56,False
PHOENXINTL,NSE,EQ,INE245B01011,2026-10-09,27.87,28.39,28.39,27.8,27.84,0.11,27.86,381,10614.47,2571.0,0.15,,29.82,31.56,-6.53,-11.7,False,32.16,32.58,27.84,-14.46,0.11,38,0.11,-0.99,-6.51,,,,False
PHOGLOBAL,NSE,SM,INE0FPO01018,2026-10-09,15.0,15.4,16.45,15.0,14.8,1.35,15.75,10000,157500.0,13300.0,0.75,,15.81,18.13,-5.13,-17.26,False,46.65,24.3,13.85,-38.27,8.3,221,1.35,-12.02,-6.25,-15.01,-29.08,,True
PICCADIL,NSE,EQ,INE546C01010,2026-10-09,580.7,572.0,587.1,568.0,573.1,1.33,578.23,90859,52537633.75,122446.0,0.74,,626.2,623.58,-7.27,-6.88,True,39.33,784.5,517.35,-25.98,12.25,270,1.33,-0.06,-4.54,-13.56,3.07,-12.2,False
PIDILITIND,NSE,EQ,INE318A01026,2026-10-09,1482.0,1466.4,1488.9,1466.1,1460.1,1.5,1478.77,312874,462670048.0,658375.0,0.48,,1559.5,1648.31,-4.97,-10.09,False,39.99,1701.5,1273.6,-12.9,16.36,270,1.5,1.23,-6.97,-7.29,9.37,0.95,False
PIGL,NSE,EQ,INE557Z01018,2026-10-09,94.15,96.19,96.22,93.0,96.22,-2.15,94.18,31251,2943325.88,51437.0,0.61,,101.33,112.94,-7.09,-16.64,False,39.69,178.7,90.18,-47.31,4.4,270,-2.15,0.3,-2.06,-17.59,-17.45,-44.55,False
PIIND,NSE,EQ,INE603J01030,2026-10-09,2118.2,2120.0,2143.5,2106.0,2100.0,0.87,2122.61,119140,252888235.9,303648.0,0.39,,2413.45,2801.75,-12.23,-24.4,False,30.62,3820.5,2100.0,-44.56,0.87,270,0.87,-5.27,-11.56,-18.76,-26.37,-39.71,False
PILANIINVS,NSE,EQ,INE417C01014,2026-10-09,3937.7,3998.0,3998.0,3916.1,3948.5,-0.27,3948.05,1163,4591577.0,2168.0,0.54,,4175.87,4491.98,-5.7,-12.34,False,38.29,5809.5,3892.3,-32.22,1.17,270,-0.27,1.17,-7.6,-11.2,-12.77,-26.47,False
PILITA,NSE,EQ,INE600A01035,2026-10-09,7.35,7.7,7.7,7.25,7.34,0.14,7.31,14878,108764.07,33403.0,0.45,,7.84,8.83,-6.27,-16.74,False,38.83,13.86,6.41,-46.97,14.66,270,0.14,-1.34,-5.16,-18.15,4.11,-46.15,False
PINELABS,NSE,EQ,INE15B701018,2026-10-09,163.07,170.71,171.0,161.62,169.79,-3.96,165.52,20233695,3349052820.55,47431464.0,0.43,,169.99,181.3,-4.07,-10.05,False,42.12,250.89,137.94,-35.0,18.22,223,-3.96,-2.7,-3.82,12.25,-6.81,,False
PIONEEREMB,NSE,EQ,INE156C01018,2026-10-09,20.43,20.99,21.0,20.22,20.55,-0.58,20.62,2640,54449.66,7299.0,0.36,,21.76,25.08,-6.12,-18.55,False,39.17,37.52,19.92,-45.55,2.56,270,-0.58,1.79,-2.81,-10.59,-19.47,-40.64,False
PIONRINV,NSE,BE,INE746D01014,2026-10-09,56.5,59.47,59.47,56.5,59.47,-4.99,56.5,23209,1311372.2,5211.0,4.45,,79.55,93.61,-28.97,-39.65,False,20.63,131.3,56.5,-56.97,0.0,118,-4.99,-22.6,-32.65,-36.94,,,False
PIRAMALFIN,NSE,EQ,INE202B01038,2026-10-09,1971.2,1961.0,1980.0,1921.0,1956.4,0.76,1947.64,207851,404819439.2,403819.0,0.51,,2125.22,1942.4,-7.25,1.48,True,33.37,2310.5,1323.0,-14.69,48.99,228,0.76,-2.58,-14.24,-9.03,13.43,,False
PITTIENG,NSE,EQ,INE450D01021,2026-10-09,1023.6,1066.1,1079.9,990.0,1066.1,-3.99,1022.08,192571,196822452.2,95841.0,2.01,,1083.01,976.94,-5.49,4.78,True,32.61,1176.2,685.05,-12.97,49.42,270,-3.99,-8.92,-12.61,5.65,28.1,2.78,False
PIXTRANS,NSE,EQ,INE751B01018,2026-10-09,1753.3,1753.5,1784.5,1728.0,1755.1,-0.1,1748.71,10787,18863313.4,86312.0,0.12,,1764.37,1641.9,-0.63,6.79,True,47.6,1986.5,1268.8,-11.74,38.19,270,-0.1,-3.1,1.82,-3.66,19.91,21.82,False
PKTEA,NSE,BE,INE431F01018,2026-10-09,899.0,904.4,909.9,863.0,899.9,-0.1,883.85,958,846726.4,4924.0,0.19,,888.62,807.53,1.17,11.33,True,44.8,1136.3,642.0,-20.88,40.03,263,-0.1,-13.37,-7.58,21.99,10.14,10.24,False
PLADAINFO,NSE,SM,INE0PXD01014,2026-10-07,11.75,11.8,11.8,11.75,12.35,-4.86,11.76,15000,176400.0,8250.0,1.82,,11.52,14.57,1.97,-19.35,False,52.74,20.05,9.1,-41.4,29.12,112,-4.86,-5.62,-2.08,1.29,,,True
PLASTIBLEN,NSE,EQ,INE083C01022,2026-10-09,201.79,203.5,208.0,200.01,199.47,1.16,203.06,156929,31865351.97,49228.0,3.19,,191.9,179.47,5.16,12.44,True,57.17,205.09,121.57,-1.61,65.99,270,1.16,4.22,5.52,10.41,41.68,10.2,False
PLATIND,NSE,EQ,INE0PT501018,2026-10-09,198.44,196.4,199.5,193.01,195.17,1.68,196.81,44532,8764121.26,71354.0,0.62,,215.84,230.16,-8.06,-13.78,False,34.57,296.6,185.26,-33.1,7.11,270,1.68,-1.76,-14.64,-12.96,-6.45,-32.31,False
PLAZACABLE,NSE,EQ,INE0INJ01017,2026-10-09,58.36,56.59,59.47,55.88,56.46,3.37,58.08,46371,2693104.79,99043.0,0.47,,55.74,49.23,4.7,18.55,True,50.92,62.97,28.18,-7.32,107.1,270,3.37,2.17,2.67,30.53,60.59,10.45,False
PML,NSE,EQ,INE291E01019,2026-10-09,481.75,462.55,504.75,460.25,453.5,6.23,489.43,404,197730.35,348.0,1.16,,489.18,533.75,-1.52,-9.74,False,49.37,622.1,453.5,-22.56,6.23,120,6.23,1.93,-0.08,0.2,,,False
PNB,NSE,EQ,INE160A01022,2026-10-09,116.98,115.5,117.95,114.9,115.29,1.47,116.79,12666514,1479299259.7,14016081.0,0.9,,114.28,112.83,2.36,3.68,True,55.83,132.36,99.49,-11.62,17.58,270,1.47,6.76,0.84,10.98,5.25,3.68,False
PNBGILTS,NSE,EQ,INE859A01011,2026-10-09,70.44,68.4,71.7,67.71,68.39,3.0,70.19,461418,32386237.8,496648.0,0.93,,77.46,81.39,-9.06,-13.45,False,36.15,100.1,59.16,-29.63,19.07,270,3.0,-1.66,-13.32,-19.78,0.26,-26.78,False
PNBHOUSING,NSE,EQ,INE572E01012,2026-10-09,1158.0,1155.0,1174.6,1152.5,1150.0,0.7,1161.52,833012,967556684.3,1065122.0,0.78,,1122.32,1022.82,3.18,13.22,True,56.9,1185.0,750.75,-2.28,54.25,270,0.7,6.04,-0.78,4.27,32.6,34.09,False
PNC,NSE,EQ,INE392B01011,2026-10-09,16.27,16.76,17.4,16.0,16.76,-2.92,16.39,6020,98674.92,22687.0,0.27,,17.69,21.37,-8.02,-23.88,False,41.31,32.3,16.17,-49.63,0.62,270,-2.92,-10.06,-2.34,-19.81,-28.07,-47.52,False
PNCINFRA,NSE,EQ,INE195J01029,2026-10-09,134.74,134.9,136.6,132.8,134.49,0.19,135.02,415367,56084715.95,2379901.0,0.17,,171.41,212.95,-21.4,-36.73,False,27.99,295.25,129.8,-54.36,3.81,270,0.19,-2.48,-23.9,-44.52,-26.57,-54.17,False
PNGJL,NSE,EQ,INE953R01016,2026-10-09,599.95,609.9,614.9,578.3,586.3,2.33,594.47,2477382,1472733074.1,489926.0,5.06,,600.83,599.2,-0.15,0.13,True,51.04,727.9,509.95,-17.58,17.65,270,2.33,3.09,-4.38,2.02,-2.6,-0.59,False
PNGSREVA,NSE,EQ,INE1RDG01013,2026-10-09,687.75,680.0,720.95,663.9,701.95,-2.02,691.13,2860095,1976710081.4,1251885.0,2.28,,523.89,454.05,31.28,51.47,True,76.85,701.95,331.8,-2.02,107.28,149,-2.02,36.35,25.83,63.17,83.69,,False
POCL,NSE,EQ,INE063E01061,2026-10-09,441.2,434.95,444.6,427.05,432.4,2.04,436.69,175594,76680167.3,364886.0,0.48,,560.97,942.96,-21.35,-53.21,False,36.64,1544.8,432.4,-71.44,2.04,270,2.04,0.96,-6.02,-69.04,-62.06,-61.44,False
PODDARMENT,NSE,EQ,INE371C01013,2026-10-09,255.6,254.7,258.35,250.5,250.2,2.16,255.21,5536,1412826.35,11922.0,0.46,,262.33,257.05,-2.57,-0.56,True,44.32,311.45,202.9,-17.93,25.97,270,2.16,0.77,-17.93,7.84,7.48,-3.71,False
POEL,NSE,EQ,INE035S01028,2026-10-09,124.85,128.25,130.75,123.75,128.25,-2.65,125.45,23794,2984868.69,29390.0,0.81,,142.57,146.81,-12.43,-14.96,False,45.94,165.65,124.85,-24.63,0.0,38,-2.65,-8.5,-13.37,,,,False
POKARNA,NSE,EQ,INE637C01025,2026-10-09,687.05,686.8,697.0,675.15,678.25,1.3,687.38,81383,55940922.85,145807.0,0.56,,801.69,860.74,-14.3,-20.18,False,26.82,1132.4,678.25,-39.33,1.3,270,1.3,-1.72,-12.66,-34.1,-25.41,-10.74,False
POLICYBZR,NSE,EQ,INE417T01026,2026-10-09,1012.0,993.0,1026.9,992.9,996.0,1.61,1015.83,1914977,1945286833.7,8398361.0,0.23,,1499.19,1620.78,-32.5,-37.56,False,25.44,1957.3,976.2,-48.3,3.67,270,1.61,3.27,-44.58,-35.97,-32.47,-40.54,False
POLYCAB,NSE,EQ,INE455K01017,2026-10-09,8255.0,8161.0,8295.5,8060.0,8151.0,1.28,8213.08,335752,2757556715.5,396470.0,0.85,,8576.21,8465.93,-3.75,-2.49,True,45.68,10083.0,6722.0,-18.13,22.81,270,1.28,3.32,-1.42,-10.37,8.61,13.3,False
POLYMED,NSE,EQ,INE205C01021,2026-10-09,1587.1,1596.0,1617.6,1545.6,1605.2,-1.13,1584.74,87914,139320596.6,102222.0,0.86,,1683.35,1663.95,-5.72,-4.62,True,34.08,2063.4,1191.1,-23.08,33.25,270,-1.13,-3.11,-8.27,-4.87,10.18,-18.53,False
POLYPLEX,NSE,EQ,INE633B01018,2026-10-09,1001.3,1005.0,1014.9,990.0,998.9,0.24,1000.31,38546,38557975.2,45210.0,0.85,,1088.09,1011.02,-7.98,-0.96,True,30.28,1229.6,747.8,-18.57,33.9,270,0.24,-2.6,-12.9,-5.59,17.57,-3.53,False
POLYSIL,NSE,SM,INE517M01028,2026-10-09,55.9,55.9,55.9,55.9,55.9,0.0,55.9,1000,55900.0,52675.0,0.02,,73.52,133.92,-23.97,-58.26,False,38.44,352.0,49.7,-84.12,12.47,265,0.0,-4.61,-27.87,-50.24,-68.14,-75.86,True
POLYSPIN,NSE,EQ,INE914G01029,2026-10-09,28.73,29.11,29.64,27.57,29.96,-4.11,28.07,2620,73532.06,1418.0,1.85,,30.11,30.97,-4.59,-7.24,False,41.94,31.93,28.3,-10.02,1.52,37,-4.11,-2.61,-2.35,,,,False
PONNIERODE,NSE,EQ,INE838E01017,2026-10-09,345.6,350.2,353.45,343.5,348.35,-0.79,346.72,23639,8196120.75,43507.0,0.54,,362.08,324.88,-4.55,6.38,True,39.77,421.85,256.75,-18.08,34.61,270,-0.79,-7.18,-8.7,9.18,23.67,21.48,False
POOJALOGIS,NSE,ST,INE1C2Q01017,2026-10-09,132.7,130.9,135.0,130.9,132.1,0.45,132.99,44400,5904840.0,369943.0,0.12,,124.27,123.99,6.79,7.03,True,,132.7,119.2,0.0,11.33,7,0.45,8.77,,,,,True
POONAWALLA,NSE,EQ,INE511C01022,2026-10-09,447.3,441.9,450.9,436.9,437.9,2.15,444.9,1356186,603370862.4,1373944.0,0.99,,457.74,448.54,-2.28,-0.28,True,46.54,542.5,368.4,-17.55,21.42,270,2.15,3.21,-1.75,-6.23,7.84,-10.11,False
POSITRON,NSE,SM,INE0S3H01017,2026-10-09,233.5,238.9,238.9,230.1,231.05,1.06,234.24,1800,421635.0,12390.0,0.15,,198.74,202.34,17.49,15.4,False,64.64,394.0,111.8,-40.74,108.86,270,1.06,2.17,30.56,26.01,34.7,-27.52,True
POWERGRID,NSE,EQ,INE752E01010,2026-10-09,249.15,246.15,251.1,246.15,244.65,1.84,250.08,11518140,2880451954.65,9993536.0,1.15,,266.88,279.96,-6.64,-11.0,False,35.46,320.9,244.65,-22.36,1.84,270,1.84,-2.12,-6.25,-11.99,-15.5,-11.1,False
POWERICA,NSE,EQ,INE921L01032,2026-10-09,585.45,580.6,594.0,560.05,585.0,0.08,578.24,165565,95736198.05,208861.0,0.79,,558.67,500.99,4.79,16.86,True,55.06,661.85,390.0,-11.54,50.12,130,0.08,-0.63,10.32,3.21,44.88,,False
POWERINDIA,NSE,EQ,INE07Y701011,2026-10-09,30605.0,30850.0,31025.0,29955.0,30935.0,-1.07,30512.78,110554,3373310015.0,99838.0,1.11,,31972.6,29346.0,-4.28,4.29,True,42.48,38445.0,16214.0,-20.39,88.76,270,-1.07,-2.19,-1.7,-6.13,18.1,70.02,False
POWERMECH,NSE,EQ,INE211R01019,2026-10-09,2419.0,2434.4,2460.1,2391.1,2445.9,-1.1,2420.39,33389,80814330.4,54655.0,0.61,,2458.25,2487.49,-1.6,-2.75,False,48.29,2895.3,1732.8,-16.45,39.6,270,-1.1,-2.31,0.16,-8.37,17.02,-10.61,False
PPAP,NSE,BE,INE095I01015,2026-10-09,240.71,236.15,242.0,235.1,236.1,1.95,238.22,7300,1738995.33,8933.0,0.82,,251.5,241.87,-4.29,-0.48,True,47.42,372.14,176.94,-35.32,36.04,270,1.95,5.35,-3.64,-25.56,19.48,16.12,False
PPL,NSE,EQ,INE050001010,2026-10-09,249.2,241.55,259.8,241.55,243.65,2.28,251.78,67297,16944360.6,31992.0,2.1,,261.21,254.0,-4.6,-1.89,True,41.0,323.58,164.15,-22.99,51.81,270,2.28,2.32,-9.07,-8.53,21.39,-18.0,False
PPLPHARMA,NSE,EQ,INE0DK501011,2026-10-09,196.88,197.0,199.0,194.02,196.43,0.23,196.93,1396417,274995650.51,2888742.0,0.48,,202.9,186.84,-2.97,5.37,True,41.27,226.62,133.27,-13.12,47.73,270,0.23,-0.55,-13.12,11.13,36.94,2.99,False
PPSL,NSE,SM,INE0YAL01017,2026-10-09,2.9,2.8,2.9,2.8,2.8,3.57,2.88,12000,34500.0,29550.0,0.41,,3.08,5.76,-5.77,-49.67,False,51.1,15.4,2.2,-81.17,31.82,256,3.57,1.75,1.75,5.45,-46.3,-79.29,True
PRABHA,NSE,EQ,INE0I0M01023,2026-10-09,219.22,210.01,219.8,210.0,212.31,3.25,215.5,102770,22146677.07,192836.0,0.53,,208.16,187.41,5.31,16.97,True,49.71,253.55,139.86,-13.54,56.74,270,3.25,0.42,-13.54,43.9,36.87,1.24,False
PRABHA-RE,NSE,BE,INE0I0M20015,2026-03-30,1.26,1.4,1.4,1.26,1.4,-10.0,1.26,929125,1170772.26,391081.0,2.38,,4.78,5.25,-73.66,-76.0,False,,5.42,1.26,-76.75,0.0,6,-10.0,-76.75,,,,,False
PRADPME,NSE,EQ,INE770A01010,2026-10-09,635.35,598.75,645.0,587.8,587.75,8.1,631.15,115635,72982631.0,48667.0,2.38,,504.8,454.91,25.86,39.66,True,71.29,635.35,368.95,0.0,72.2,120,8.1,41.42,29.9,21.8,,,False
PRAENG,NSE,EQ,INE505C01016,2026-10-09,19.74,18.48,20.05,18.25,18.17,8.64,19.09,127938,2442022.05,103238.0,1.24,,21.12,22.2,-6.55,-11.08,False,43.76,33.15,17.86,-40.45,10.53,270,8.64,-1.74,-13.0,-0.25,-4.31,-21.95,False
PRAJIND,NSE,EQ,INE074A01025,2026-10-09,285.8,290.1,293.45,284.65,289.75,-1.36,287.2,422712,121401624.65,440386.0,0.96,,322.58,339.6,-11.4,-15.84,False,29.15,415.5,276.15,-31.22,3.49,270,-1.36,-5.75,-15.66,-19.67,-16.53,-13.38,False
PRAKASH,NSE,EQ,INE603A01013,2026-10-09,118.7,115.23,121.6,115.03,115.31,2.94,118.81,481603,57217755.23,532115.0,0.91,,123.76,133.58,-4.09,-11.14,False,45.91,169.9,111.18,-30.14,6.76,270,2.94,0.01,-6.76,-8.01,-9.97,-27.8,False
PRAKASHSTL,NSE,EQ,INE696K01024,2026-10-09,3.5,3.41,3.55,3.36,3.41,2.64,3.47,101237,351268.57,98045.0,1.03,,3.77,4.26,-7.23,-17.85,False,38.18,6.0,3.41,-41.67,2.64,270,2.64,-1.69,-6.67,-15.25,-20.63,-34.21,False
PRAMARA,NSE,SM,INE0O7A01017,2026-10-09,99.9,102.8,106.25,98.2,102.6,-2.63,101.36,9000,912225.0,27275.0,0.33,,111.32,196.12,-10.26,-49.06,False,47.23,366.0,84.1,-72.7,18.79,270,-2.63,-2.15,-0.1,-24.89,-71.35,-63.83,True
PRAMODINI,NSE,SM,INE2JG601017,2026-10-09,116.5,114.95,118.7,114.95,114.4,1.84,116.48,27600,3214920.0,151800.0,0.18,,118.32,120.45,-1.54,-3.28,False,43.19,129.55,113.5,-10.07,2.64,36,1.84,1.26,-10.07,,,,True
PRANAV,NSE,EQ,INE0H4201019,2026-10-09,98.4,96.8,100.93,95.34,95.73,2.79,98.12,5610906,550543713.52,7116236.0,0.79,,116.1,127.07,-15.25,-22.56,False,7.86,132.0,90.9,-25.45,8.25,18,2.79,1.22,,,,,False
PRANIK,NSE,SM,INE0VJG01014,2026-10-09,39.15,39.5,40.1,39.05,41.2,-4.98,39.51,22400,885040.0,8560.0,2.62,,44.44,55.39,-11.91,-29.32,False,41.63,83.65,37.0,-53.2,5.81,171,-4.98,-11.12,-6.79,-25.36,-27.37,,True
PRASOLCHEM,NSE,EQ,INE455U01024,2026-10-09,847.5,886.0,933.1,841.05,878.2,-3.5,884.76,590320,522292564.65,1016426.0,0.58,,727.22,687.34,16.54,23.3,True,71.31,878.9,671.0,-3.57,26.3,17,-3.5,4.11,,,,,False
PRATHAM,NSE,SM,INE0QA601016,2026-10-09,116.5,118.45,118.45,116.0,118.45,-1.65,117.0,13600,1591180.0,7660.0,1.78,,121.14,127.41,-3.83,-8.56,False,42.31,183.05,103.05,-36.36,13.05,267,-1.65,-8.63,-2.63,-0.43,-2.59,-17.23,True
PRAVEG,NSE,EQ,INE722B01019,2026-10-09,235.95,233.74,238.23,232.32,233.64,0.99,235.46,10062,2369205.62,42740.0,0.24,,256.12,261.84,-7.87,-9.89,False,39.17,317.8,212.35,-25.76,11.11,120,0.99,-0.9,-12.85,-0.89,,,False
PRAXIS,NSE,EQ,INE546Y01022,2026-10-09,3.98,4.65,4.65,3.93,4.36,-8.72,4.1,425847,1746904.25,115135.0,3.7,,5.14,7.19,-22.54,-44.66,False,31.82,13.76,3.98,-71.08,0.0,270,-8.72,-9.34,-15.14,-48.11,-43.3,-64.93,False
PRECAM,NSE,EQ,INE484I01029,2026-10-09,111.2,109.41,113.76,108.96,109.92,1.16,110.9,103148,11439454.75,197500.0,0.52,,123.88,142.78,-10.23,-22.12,False,36.97,202.66,105.09,-45.13,5.81,270,1.16,1.18,-8.64,-24.18,-15.41,-42.58,False
PRECISION,NSE,ST,INE0HKW01018,2026-10-08,7.0,7.0,7.0,7.0,7.0,0.0,7.0,2000,14000.0,23100.0,0.09,,7.12,9.76,-1.73,-28.24,False,51.78,22.8,6.1,-69.3,14.75,242,0.0,2.94,0.0,3.7,-20.9,,True
PRECOT,NSE,EQ,INE283A01014,2026-10-09,589.95,590.65,598.9,580.0,590.65,-0.12,589.97,6136,3620046.85,4717.0,1.3,,676.66,631.58,-12.81,-6.59,True,33.22,855.4,303.4,-31.03,94.45,270,-0.12,-7.58,-13.61,-27.16,7.28,46.81,False
PRECWIRE,NSE,EQ,INE372C01037,2026-10-09,482.7,494.0,502.2,479.3,493.15,-2.12,487.97,324124,158164296.7,640375.0,0.51,,462.18,377.71,4.44,27.8,True,50.47,516.6,191.41,-6.56,152.18,270,-2.12,-3.73,0.52,25.12,57.64,163.05,False
PREMCO,NSE,EQ,INE001E01012,2026-10-09,386.9,395.0,395.0,386.0,395.65,-2.21,389.44,545,212244.25,695.0,0.78,,390.37,397.04,-0.89,-2.55,False,42.68,471.4,357.7,-17.93,8.16,120,-2.21,-3.26,-1.3,2.44,,,False
PREMEXPLN,NSE,EQ,INE863B01029,2026-10-09,687.05,689.05,692.0,686.1,689.05,-0.29,687.42,106402,73142806.15,216301.0,0.49,,672.78,620.78,2.12,10.68,True,62.35,808.5,381.5,-15.02,80.09,270,-0.29,0.73,1.38,-0.07,53.36,21.68,False
PREMIER,NSE,BE,INE342A01018,2026-10-09,2.61,2.64,2.64,2.49,2.61,0.0,2.63,4239,11149.9,18758.0,0.23,,2.77,2.94,-5.62,-11.3,False,44.41,3.78,2.52,-30.95,3.57,270,0.0,0.38,-6.12,-13.86,-14.98,-25.43,False
PREMIERENE,NSE,EQ,INE0BS701011,2026-10-09,895.35,889.1,903.45,882.1,884.65,1.21,892.28,501749,447699875.2,1337962.0,0.38,,956.39,970.92,-6.38,-7.78,False,41.63,1117.2,683.1,-19.86,31.07,270,1.21,1.97,-9.45,-19.86,-6.7,-12.35,False
PREMIERPOL,NSE,EQ,INE309M01020,2026-10-09,102.85,99.25,104.0,95.0,98.25,4.68,100.02,656892,65702591.76,1266432.0,0.52,,86.9,68.29,18.35,50.62,True,61.21,102.85,38.28,0.0,168.68,270,4.68,13.47,13.57,62.28,74.86,123.49,False
PREMIUM,NSE,SM,INE0M1F01011,2026-10-09,45.95,45.95,46.5,45.95,43.5,5.63,46.09,21000,967800.0,47700.0,0.44,,41.18,38.37,11.59,19.76,True,61.43,46.5,29.8,-1.18,54.19,211,5.63,2.34,11.53,25.72,24.36,,True
PRESS-RE,NSE,ST,INE0R1620012,2026-03-02,1.65,1.65,1.8,1.65,1.8,-8.33,1.65,166400,274800.0,174776.0,0.95,,6.76,8.17,-75.58,-79.81,False,28.27,9.1,1.65,-81.87,0.0,17,-8.33,-45.0,,,,,True
PRESSTONIC,NSE,ST,INE0R1601012,2026-10-09,42.0,43.8,43.8,42.0,42.7,-1.64,42.49,25600,1087640.0,86440.0,0.3,,37.06,42.32,13.34,-0.75,False,54.28,80.9,25.05,-48.08,67.66,268,-1.64,-9.29,39.53,61.23,41.41,-46.15,True
PRESTIGE,NSE,EQ,INE811K01011,2026-10-09,1406.8,1413.1,1426.5,1402.3,1411.0,-0.3,1414.35,230713,326309620.2,594736.0,0.39,,1513.61,1513.56,-7.06,-7.05,True,37.54,1784.8,1126.5,-21.18,24.88,270,-0.3,-5.34,-9.91,-18.83,6.51,-6.84,False
PRICOLLTD,NSE,EQ,INE726V01018,2026-10-09,670.85,650.0,675.0,636.25,650.1,3.19,655.6,599330,392922740.2,458755.0,1.31,,724.34,646.17,-7.39,3.82,True,32.64,806.55,507.05,-16.82,32.3,270,3.19,-8.67,-11.57,6.95,17.83,25.39,False
PRIMECAB,NSE,ST,INE0CQA01020,2026-10-09,205.8,199.0,205.95,199.0,199.0,3.42,203.5,32000,6511920.0,58560.0,0.55,,181.52,139.28,13.37,47.76,True,63.53,215.0,71.0,-4.28,189.86,254,3.42,-0.22,15.42,31.12,138.19,176.61,True
PRIMESECU,NSE,EQ,INE032B01021,2026-10-09,299.45,298.65,301.9,292.1,296.5,0.99,297.17,43248,12851930.75,35841.0,1.21,,289.99,283.96,3.26,5.46,True,57.3,320.25,258.35,-6.49,15.91,270,0.99,-0.68,7.16,6.93,3.72,10.74,False
PRIMO,NSE,EQ,INE607A01022,2026-10-09,26.3,24.76,26.8,24.51,24.58,7.0,25.77,310931,8012740.85,598477.0,0.52,,23.65,23.16,11.22,13.54,True,58.25,28.13,16.85,-6.51,56.08,270,7.0,3.5,28.86,9.54,18.1,10.88,False
PRINCEPIPE,NSE,EQ,INE689W01016,2026-10-09,248.95,249.25,252.95,246.95,249.25,-0.12,248.86,94203,23443090.35,126115.0,0.75,,267.34,272.17,-6.88,-8.53,False,36.46,340.95,206.05,-26.98,20.82,270,-0.12,0.83,-12.88,-6.99,3.29,-22.13,False
PRIORITY,NSE,EQ,INE15EH01014,2026-10-09,325.55,313.0,327.0,303.5,310.05,5.0,320.2,601565,192619749.3,599990.0,1.0,,261.65,246.94,24.42,31.84,True,57.77,325.55,218.53,0.0,48.97,24,5.0,12.08,48.97,,,,False
PRISMX,NSE,EQ,INE286N01028,2026-10-09,0.5,0.5,0.52,0.49,0.49,2.04,0.5,219198,110663.26,206399.0,1.06,,0.53,0.52,-4.96,-4.53,True,47.81,0.59,0.49,-15.25,2.04,38,2.04,-3.85,-9.09,,,,False
PRITI,NSE,EQ,INE974Z01015,2026-10-09,31.28,32.3,32.3,30.75,31.66,-1.2,31.43,3335,104834.65,8738.0,0.38,,34.16,43.3,-8.44,-27.76,False,39.54,78.72,31.28,-60.26,0.0,270,-1.2,-4.61,-6.21,-21.78,-20.39,-52.13,False
PRITIKA,NSE,SM,INE0MJQ01020,2026-10-09,66.5,66.5,66.5,66.5,65.0,2.31,66.5,2000,133000.0,18600.0,0.11,,63.29,69.33,5.08,-4.08,False,59.8,92.05,47.75,-27.76,39.27,199,2.31,6.4,11.67,-8.28,-11.8,,True
PRITIKAUTO,NSE,EQ,INE583R01029,2026-10-09,15.86,15.6,16.37,15.13,15.41,2.92,15.61,172383,2690519.5,281603.0,0.61,,16.44,15.79,-3.55,0.44,True,46.04,19.99,10.54,-20.66,50.47,270,2.92,-1.55,4.69,-13.52,22.19,-5.54,False
PRIVISCL,NSE,EQ,INE959A01019,2026-10-09,3424.1,3447.2,3467.6,3360.0,3446.3,-0.64,3431.14,56809,194919583.0,121775.0,0.47,,3501.32,3263.66,-2.21,4.92,True,42.58,3750.8,2359.2,-8.71,45.14,270,-0.64,-4.17,-1.31,-6.52,16.54,43.57,False
PRIZOR,NSE,ST,INE0V9N01017,2026-10-09,1344.5,1366.0,1399.0,1341.3,1411.85,-4.77,1354.38,30000,40631320.0,13740.0,2.18,,1097.86,764.69,22.47,75.82,True,69.19,1411.85,229.25,-4.77,486.48,270,-4.77,12.6,7.66,62.97,237.81,328.59,True
PRLIND,NSE,SM,INE0CFG01012,2026-10-09,42.5,42.8,42.8,42.3,42.85,-0.82,42.53,3000,127600.0,22750.0,0.13,,44.52,54.84,-4.54,-22.5,False,44.65,90.0,38.05,-52.78,11.7,263,-0.82,-3.41,-0.23,-13.27,-19.81,-48.58,True
PROFX,NSE,SM,INE0VJT01017,2026-10-08,68.05,68.05,68.05,68.05,68.0,0.07,68.05,3200,217760.0,7760.0,0.41,,72.96,77.06,-6.73,-11.69,False,39.69,108.2,58.0,-37.11,17.33,232,0.07,-6.46,-11.39,-16.71,12.02,,True
PROLIFE,NSE,SM,INE994V01012,2026-10-06,79.8,79.8,79.8,79.8,76.0,5.0,79.8,500,39900.0,1625.0,0.31,,75.52,85.06,5.66,-6.18,False,53.93,135.8,57.0,-41.24,40.0,161,5.0,1.01,1.46,34.57,-0.25,,True
PROPEQUITY,NSE,SM,INE0KN801013,2026-10-09,187.0,187.0,187.0,187.0,187.0,0.0,187.0,1200,224400.0,3180.0,0.38,,211.12,204.94,-11.42,-8.75,True,39.19,259.25,160.0,-27.87,16.88,183,0.0,-3.03,-15.0,-27.87,13.33,,True
PROPSHOP,NSE,SM,INE1FFX01018,2026-10-07,71.0,71.0,71.0,71.0,71.5,-0.7,71.0,2000,142000.0,43700.0,0.05,,68.05,61.56,4.33,15.34,True,53.8,76.1,56.7,-6.7,25.22,45,-0.7,4.41,2.01,,,,True
PROSTARM,NSE,EQ,INE0BX301013,2026-10-09,127.46,128.3,129.33,124.71,126.46,0.79,126.99,154525,19623290.51,369271.0,0.42,,133.82,146.55,-4.75,-13.03,False,41.33,205.93,115.41,-38.11,10.44,270,0.79,-5.87,-5.75,-3.52,-9.12,-33.82,False
PROTEAN,NSE,EQ,INE004A01022,2026-10-09,640.65,638.7,656.8,637.3,638.7,0.31,647.4,284551,184217850.15,1989524.0,0.14,,589.45,622.36,8.69,2.94,False,57.65,896.6,446.4,-28.55,43.51,270,0.31,0.14,28.22,8.82,22.85,-27.28,False
PROV,NSE,SM,INE0ONE01016,2026-10-09,1930.05,1951.0,1970.7,1871.1,1950.0,-1.02,1930.42,560,1081036.0,788.0,0.71,,1795.79,1478.51,7.48,30.54,True,56.75,1961.0,955.0,-1.58,102.1,218,-1.02,-1.0,2.66,28.24,59.71,,True
PROZONER,NSE,EQ,INE195N01013,2026-10-09,53.62,52.75,54.5,52.5,52.5,2.13,53.5,230990,12358274.57,472488.0,0.49,,49.81,49.19,7.65,9.0,True,56.09,72.77,41.04,-26.32,30.65,270,2.13,2.08,9.61,21.34,1.06,0.28,False
PRSMJOHNSN,NSE,EQ,INE010A01011,2026-10-09,97.47,97.2,98.32,94.68,96.87,0.62,96.82,233089,22566701.97,378766.0,0.62,,110.13,120.25,-11.5,-18.95,False,27.01,162.61,96.87,-40.06,0.62,270,0.62,-5.93,-13.18,-13.51,-22.44,-38.56,False
PRUDENT,NSE,EQ,INE00F201020,2026-10-09,3254.7,3241.1,3274.1,3147.0,3210.6,1.37,3242.77,27536,89293001.2,29677.0,0.93,,3227.66,2940.84,0.84,10.67,True,50.48,3674.4,2162.2,-11.42,50.53,270,1.37,4.35,-0.7,9.1,38.69,26.22,False
PRUDMOULI,NSE,EQ,INE024D01016,2026-10-09,14.72,14.0,15.0,13.06,13.9,5.9,14.16,28422,402487.31,11307.0,2.51,,14.59,17.5,0.9,-15.91,False,53.68,28.24,11.26,-47.88,30.73,270,5.9,9.12,-12.33,-0.88,-1.8,-47.47,False
PSB,NSE,EQ,INE608A01012,2026-10-09,21.01,20.93,21.09,20.64,20.8,1.01,20.94,838209,17555694.95,898440.0,0.93,,22.46,24.51,-6.44,-14.28,False,32.94,31.86,20.66,-34.06,1.69,270,1.01,0.24,-8.09,-15.93,-14.03,-29.38,False
PSFL,NSE,SM,INE0Q6001012,2026-10-09,32.1,31.65,32.1,31.65,31.65,1.42,31.88,4000,127500.0,11400.0,0.35,,32.49,32.16,-1.19,-0.2,True,47.78,41.05,23.5,-21.8,36.6,239,1.42,-0.47,3.55,10.5,9.74,,True
PSPPROJECT,NSE,EQ,INE488V01015,2026-10-09,747.45,753.4,764.5,739.4,747.45,0.0,750.07,93455,70097736.85,60347.0,1.55,,849.36,848.85,-12.0,-11.95,True,27.98,1099.0,575.5,-31.99,29.88,270,0.0,0.05,-14.62,-30.09,10.46,-0.62,False
PSRAJ,NSE,SM,INE0XUS01020,2026-10-09,100.7,108.0,108.0,98.0,98.85,1.87,101.73,32500,3306375.0,54000.0,0.6,,133.07,219.98,-24.33,-54.22,False,46.4,433.15,76.35,-76.75,31.89,234,1.87,0.0,19.95,-74.76,-62.7,,True
PSUBANK,NSE,EQ,INF174KA1A86,2026-10-09,81.02,80.39,81.52,80.07,80.39,0.78,81.06,336784,27301120.73,291796.0,1.15,,142.04,476.79,-42.96,-83.01,False,25.46,985.6,79.52,-91.78,1.89,270,0.78,1.89,-3.8,-5.03,-90.7,-89.21,False
PSUBANKADD,NSE,EQ,INF740KA1SY9,2026-10-09,81.97,81.5,82.32,80.92,81.16,1.0,82.06,16481,1352405.14,24554.0,0.67,,84.07,84.12,-2.5,-2.56,False,43.57,99.37,75.53,-17.51,8.53,270,1.0,1.86,-3.7,-3.94,-6.44,8.27,False
PSUBNKBEES,NSE,EQ,INF204KB16I7,2026-10-09,90.76,90.69,91.06,89.23,89.31,1.62,90.59,1934490,175243730.59,1289200.0,1.5,,92.85,93.0,-2.25,-2.4,False,44.47,109.87,83.75,-17.39,8.37,270,1.62,2.07,-3.42,-3.8,-6.57,8.12,False
PSUBNKIETF,NSE,EQ,INF109KC10S8,2026-10-09,82.14,79.47,82.56,79.47,81.1,1.28,82.12,113099,9287273.93,82803.0,1.37,,84.29,84.44,-2.55,-2.72,False,43.16,100.16,75.9,-17.99,8.22,270,1.28,1.83,-3.48,-4.09,-6.99,7.84,False
PTC,NSE,EQ,INE877F01012,2026-10-09,148.0,149.01,149.55,146.5,148.57,-0.38,147.66,1098100,162142168.43,1518413.0,0.72,,159.81,170.09,-7.39,-12.99,False,32.39,227.38,148.0,-34.91,0.0,270,-0.38,-4.39,-4.02,-14.18,-12.24,-11.12,False
PTCIL,NSE,EQ,INE596F01018,2026-10-09,24535.0,24470.0,24900.0,24200.0,24470.0,0.27,24500.46,28898,708014330.0,26368.0,1.1,,21589.16,18750.95,13.64,30.85,True,67.17,24685.0,14726.0,-0.61,66.61,270,0.27,11.4,3.39,39.39,55.23,58.0,False
PTL,NSE,EQ,INE034D01049,2026-10-09,38.34,37.99,38.99,37.76,37.79,1.46,38.28,78762,3015297.86,34398.0,2.29,,38.61,39.24,-0.7,-2.29,False,51.0,43.18,36.23,-11.21,5.82,270,1.46,1.24,-0.23,-4.6,-0.18,-3.55,False
PULZ,NSE,SM,INE335X01014,2026-10-09,21.4,21.85,21.85,21.0,21.85,-2.06,21.44,8000,171500.0,13400.0,0.6,,22.87,27.15,-6.42,-21.18,False,44.0,43.25,20.45,-50.52,4.65,227,-2.06,0.94,-6.96,-13.71,-18.63,,True
PUNJABCHEM,NSE,EQ,INE277B01014,2026-10-09,1009.4,1010.2,1031.7,983.1,1026.0,-1.62,1002.49,8258,8278578.8,4446.0,1.86,,1075.24,1097.33,-6.12,-8.01,False,34.3,1493.1,892.7,-32.4,13.07,270,-1.62,-3.03,-7.81,-8.87,1.31,-25.54,False
PURPLEUTED,NSE,SM,INE0P5R01014,2026-10-09,474.7,510.0,510.0,467.0,507.9,-6.54,486.63,13500,6569462.5,28825.0,0.47,,433.92,400.21,9.4,18.61,True,54.54,587.95,244.65,-19.26,94.03,269,-6.54,5.54,17.98,10.32,53.18,8.71,True
PURVA,NSE,EQ,INE323I01011,2026-10-09,207.26,202.41,209.9,201.72,202.39,2.41,206.42,93813,19364789.35,226455.0,0.41,,213.05,222.85,-2.72,-6.99,False,45.65,280.7,163.06,-26.16,27.11,270,2.41,1.28,-4.22,-7.5,9.68,-21.27,False
PURVFLEXI,NSE,SM,INE0R6C01012,2026-10-09,39.9,39.9,39.9,39.9,39.9,0.0,39.9,800,31920.0,10920.0,0.07,,46.7,59.62,-14.57,-33.07,False,38.14,121.55,37.8,-67.17,5.56,232,0.0,-5.0,-22.6,-22.15,-38.99,,True
PUSHPA,NSE,SM,INE154801018,2026-10-09,119.4,115.0,120.0,115.0,113.05,5.62,117.68,170000,20005300.0,124400.0,1.37,,112.5,113.43,6.13,5.26,False,56.72,143.35,84.6,-16.71,41.13,266,5.62,2.93,4.78,21.84,-0.08,-9.24,True
PVP,NSE,EQ,INE362A01016,2026-10-09,50.97,50.65,52.76,50.46,50.25,1.43,52.05,1742501,90696159.82,1553339.0,1.12,,51.34,38.59,-0.71,32.08,True,43.54,68.61,23.49,-25.71,116.99,270,1.43,0.99,-20.45,84.67,66.24,67.28,False
PVRINOX,NSE,EQ,INE191H01014,2026-10-09,1327.2,1310.9,1340.2,1309.0,1309.2,1.37,1325.41,608467,806469775.1,771224.0,0.79,,1213.3,1107.89,9.39,19.8,True,59.03,1349.3,918.6,-1.64,44.48,270,1.37,9.21,7.79,32.45,38.97,23.46,False
PVSL,NSE,EQ,INE772T01024,2026-10-09,91.22,93.9,94.5,89.0,92.06,-0.91,91.05,13283,1209360.42,26595.0,0.5,,100.12,106.08,-8.89,-14.01,False,34.35,155.24,84.88,-41.24,7.47,270,-0.91,1.51,-10.24,-2.39,-4.31,-37.23,False
PVTBANIETF,NSE,EQ,INF109KC18U7,2026-10-09,27.62,27.18,27.7,27.18,27.18,1.62,27.58,1508848,41615086.36,2089865.0,0.72,,27.58,27.57,0.14,0.17,True,52.69,29.44,24.38,-6.18,13.29,270,1.62,1.73,-0.65,-2.75,2.56,3.37,False
PVTBANK,NSE,EQ,INF174KA1A94,2026-10-09,27.36,27.22,27.43,27.22,26.96,1.48,27.41,657,18005.61,134140.0,0.0,,27.35,27.5,0.02,-0.52,False,51.08,28.0,26.55,-2.29,3.05,56,1.48,2.01,-0.94,,,,False
PVTBANKADD,NSE,EQ,INF740KA1TA7,2026-10-09,27.74,27.6,27.85,27.4,27.35,1.43,27.68,28453,787577.2,380258.0,0.07,,27.7,27.71,0.13,0.12,False,53.29,29.46,24.46,-5.84,13.41,270,1.43,2.06,-0.68,-2.53,2.59,3.31,False
PVTBKGROWW,NSE,EQ,INF666M01OT5,2026-10-09,27.29,27.38,27.49,26.66,26.98,1.15,27.32,22513,615091.29,15990.0,1.41,,27.36,27.26,-0.25,0.13,True,50.99,28.51,26.04,-4.28,4.8,95,1.15,1.56,-1.48,-3.02,,,False
PWL,NSE,EQ,INE0LP301011,2026-10-09,143.69,140.31,144.9,135.05,140.48,2.29,140.92,14048838,1979718606.9,13182324.0,1.07,,128.39,124.67,11.92,15.26,True,64.24,155.24,79.56,-7.44,80.61,221,2.29,19.57,13.47,-2.54,45.07,,False
PYRAMID,NSE,EQ,INE0MIS01010,2026-10-09,149.18,151.08,151.08,148.21,150.68,-1.0,149.47,17903,2675913.64,44337.0,0.4,,159.59,162.43,-6.52,-8.16,False,36.45,195.96,134.46,-23.87,10.95,270,-1.0,-3.34,-1.64,-9.84,-0.94,-6.37,False
QFIL,NSE,SM,INE0O1M01015,2026-10-09,49.5,49.45,49.5,49.45,47.3,4.65,49.48,2000,98950.0,3950.0,0.51,,55.18,60.87,-10.29,-18.69,False,40.05,77.0,38.0,-35.71,30.26,90,4.65,-10.16,-11.37,-15.17,,,True
QGOLDHALF,NSE,EQ,INF082J01408,2026-10-09,123.0,122.03,123.26,122.03,121.22,1.47,122.98,80541,9905272.82,205016.0,0.39,,123.95,119.91,-0.77,2.57,True,47.22,146.35,96.56,-15.95,27.38,270,1.47,1.13,-2.45,3.98,-1.24,28.51,False
QLINE,NSE,SM,INE1G2W01011,2026-10-09,636.2,655.75,655.75,632.0,655.75,-2.98,639.3,101600,64953180.0,73200.0,1.39,,622.54,541.25,2.19,17.54,True,46.2,726.2,453.35,-12.39,40.33,93,-2.98,-3.77,1.95,15.87,,,True
QMSMEDI,NSE,BE,INE0FMW01018,2026-10-09,187.57,183.5,193.8,183.5,192.52,-2.57,188.45,18065,3404308.22,84426.0,0.21,,162.9,120.5,15.14,55.66,True,54.62,216.79,72.0,-13.48,160.51,250,-2.57,-4.14,20.88,76.69,149.26,,False
QMSMEDI-RE,NSE,ST,INE0FMW20018,2025-09-17,19.65,14.4,19.65,14.05,14.05,39.86,17.74,32619,578754.85,42558.0,0.77,,10.58,10.18,85.78,92.93,True,,19.65,10.05,0.0,95.52,4,39.86,,,,,,True
QNIFTY,NSE,EQ,INF082J01499,2026-10-09,248.61,246.4,249.0,246.0,245.25,1.37,248.13,2930,727016.15,6040.0,0.49,,262.36,763.6,-5.24,-67.44,False,35.15,2872.49,245.04,-91.35,1.46,270,1.37,0.37,-5.02,-6.61,-4.94,-90.75,False
QPOWER,NSE,EQ,INE0SII01026,2026-10-09,1547.4,1543.9,1569.0,1480.1,1532.2,0.99,1526.01,261494,399042717.1,348208.0,0.75,,1428.05,1175.53,8.36,31.63,True,53.94,1648.8,595.1,-6.15,160.02,270,0.99,-1.1,1.82,27.64,70.38,44.71,False
QUADFUTURE,NSE,EQ,INE0LRY01011,2026-10-09,511.25,508.0,524.7,502.0,505.75,1.09,513.79,533438,274075807.75,1450034.0,0.37,,463.19,394.88,10.38,29.47,True,54.1,547.5,252.65,-6.62,102.36,270,1.09,-3.79,15.93,23.56,68.79,28.29,False
QUADPRO,NSE,ST,INE0GOJ01027,2026-09-30,4.2,4.2,4.2,4.2,4.4,-4.55,4.2,36000,151200.0,33600.0,1.07,,2.87,2.79,46.36,50.8,True,84.18,4.4,1.85,-4.55,127.03,119,-4.55,13.51,75.0,75.0,,,True
QUAL30IETF,NSE,EQ,INF109KC18V5,2026-10-09,19.65,19.5,19.73,19.43,19.28,1.92,19.61,46588,913781.23,113111.0,0.41,,20.5,20.86,-4.13,-5.81,False,37.16,22.28,18.83,-11.8,4.35,270,1.92,0.56,-5.98,-5.48,-1.85,-6.12,False
QUALIANCE,NSE,SM,INE1XJ401012,2026-10-09,185.45,175.0,204.0,175.0,179.4,3.37,195.66,213000,41675750.0,231316.0,0.92,,210.02,227.96,-11.7,-18.65,False,25.83,236.1,166.4,-21.45,11.45,19,3.37,3.31,,,,,True
QUALITY30,NSE,EQ,INF174KA1WT6,2026-10-09,19.27,19.04,19.3,19.04,18.93,1.8,19.18,2148,41203.64,17047.0,0.13,,20.15,20.47,-4.36,-5.88,False,37.49,21.85,18.49,-11.81,4.22,270,1.8,-1.08,-5.86,-5.31,-2.68,-5.68,False
QUESS,NSE,EQ,INE615P01015,2026-10-09,321.35,322.9,326.4,316.25,320.75,0.19,320.94,132897,42651717.0,469068.0,0.28,,332.89,277.56,-3.47,15.78,True,37.05,381.75,169.72,-15.82,89.34,270,0.19,-4.42,-4.79,11.52,70.15,26.22,False
QUESTLAB,NSE,SM,INE0TNW01017,2026-10-09,102.9,89.1,104.0,89.1,89.0,15.62,101.13,63600,6432060.0,50220.0,1.27,,89.1,97.51,15.49,5.52,False,63.06,151.65,74.1,-32.15,38.87,264,15.62,12.03,25.49,17.26,0.88,7.24,True
QUICKHEAL,NSE,EQ,INE306L01010,2026-10-09,137.75,138.0,139.8,136.9,137.03,0.53,137.95,66134,9123038.39,207796.0,0.32,,148.76,182.5,-7.4,-24.52,False,38.18,347.55,125.53,-60.37,9.73,270,0.53,-0.29,-10.23,-17.9,-13.25,-54.3,False
QUICKTOUCH,NSE,SM,INE0K4D01020,2026-10-09,14.45,14.45,14.45,14.45,15.2,-4.93,14.45,2000,28900.0,4425.0,0.45,,17.78,26.58,-18.72,-45.63,False,38.97,49.95,14.0,-71.07,3.21,240,-4.93,-5.25,-5.25,-42.89,-55.47,,True
QUINT,NSE,BE,INE641R01017,2026-10-09,53.21,53.21,53.21,53.21,56.01,-5.0,53.21,4434,235933.14,114891.0,0.04,,54.56,45.57,-2.48,16.77,True,41.44,88.8,36.18,-40.08,47.07,120,-5.0,-22.59,33.53,35.74,,,False
QUINTEGRA,NSE,EQ,INE033B01011,2026-10-09,1.69,1.69,1.69,1.69,1.61,4.97,1.69,18,30.42,21723.0,0.0,,1.41,1.68,19.46,0.67,False,73.61,1.98,1.12,-14.65,50.89,64,4.97,26.12,28.03,-11.98,,,False
QVCEL,NSE,SM,INE0KZF01015,2026-10-09,22.95,23.05,24.3,22.9,24.05,-4.57,23.26,8000,186080.0,7040.0,1.14,,24.5,26.35,-6.34,-12.9,False,43.35,35.3,21.8,-34.99,5.28,218,-4.57,-4.38,-15.31,-5.94,-17.0,,True
RACE,NSE,EQ,INE084Q01012,2026-10-09,103.4,102.24,104.33,101.6,101.06,2.32,102.86,33746,3471024.91,115214.0,0.29,,106.95,125.22,-3.32,-17.43,False,44.9,233.12,86.05,-55.65,20.16,270,2.32,-8.64,6.05,-7.1,-26.42,-53.92,False
RACLGEAR,NSE,EQ,INE704B01017,2026-10-09,1460.6,1500.1,1516.2,1439.1,1502.0,-2.76,1464.84,56124,82212666.8,118061.0,0.48,,1544.68,1346.72,-5.44,8.46,True,37.41,1852.4,958.8,-21.15,52.34,270,-2.76,-5.04,-5.17,15.25,11.17,36.49,False
RADAAN,NSE,EQ,INE874F01027,2026-10-09,2.89,2.88,2.92,2.8,2.82,2.48,2.86,13813,39443.67,65652.0,0.21,,2.97,3.09,-2.6,-6.34,False,46.09,3.86,2.5,-25.13,15.6,270,2.48,-3.02,-3.02,-2.03,-9.12,-15.25,False
RADHIKAJWE,NSE,BE,INE583V01021,2026-10-09,68.35,68.16,69.0,66.4,68.16,0.28,67.54,104863,7082832.99,420957.0,0.25,,70.31,69.76,-2.79,-2.02,True,44.45,94.28,50.54,-27.5,35.24,270,0.28,-0.91,-22.29,9.62,7.82,-23.0,False
RADIANTCMS,NSE,EQ,INE855R01021,2026-10-09,33.54,33.2,34.2,33.2,33.45,0.27,33.62,88751,2983949.78,273586.0,0.32,,36.81,41.03,-8.88,-18.25,False,34.24,56.82,32.76,-40.97,2.38,270,0.27,-6.55,-18.67,-11.9,-18.16,-36.68,False
RADICO,NSE,EQ,INE944F01028,2026-10-09,4550.0,4449.9,4579.0,4425.3,4415.0,3.06,4525.57,332390,1504254038.3,303257.0,1.1,,4391.37,3783.02,3.61,20.27,True,54.91,4732.9,2541.2,-3.86,79.05,270,3.06,7.39,1.45,11.69,64.72,57.55,False
RADIOCITY,NSE,EQ,INE919I01024,2026-10-09,5.72,5.79,5.86,5.65,5.71,0.18,5.73,11078,63457.75,64844.0,0.17,,6.17,6.44,-7.34,-11.21,False,32.52,8.5,4.62,-32.71,23.81,270,0.18,-2.72,-6.38,-4.67,-12.0,-32.86,False
RADIOWALLA,NSE,ST,INE430U01019,2026-10-09,28.05,28.05,28.05,28.05,28.6,-1.92,28.05,1600,44880.0,6480.0,0.25,,27.93,37.95,0.44,-26.08,False,51.45,72.0,22.55,-61.04,24.39,219,-1.92,-1.92,-2.77,12.88,-47.08,,True
RAILTEL,NSE,EQ,INE0DD101019,2026-10-09,248.15,250.05,252.0,246.45,248.1,0.02,248.02,697569,173007644.9,865860.0,0.81,,270.84,301.3,-8.38,-17.64,False,36.73,397.65,246.1,-37.6,0.83,270,0.02,-3.52,-6.82,-19.3,-12.79,-33.33,False
RAIN,NSE,EQ,INE855B01025,2026-10-09,215.42,212.1,218.4,211.42,211.6,1.81,215.54,2288755,493308002.47,3469695.0,0.66,,209.79,179.91,2.69,19.74,True,52.56,243.0,101.48,-11.35,112.28,270,1.81,3.31,-1.1,4.04,82.39,68.0,False
RAINBOW,NSE,EQ,INE961O01016,2026-10-09,1250.2,1240.0,1260.0,1226.7,1230.7,1.58,1241.01,85099,105608377.5,166503.0,0.51,,1397.3,1381.99,-10.53,-9.54,True,28.73,1598.6,1103.8,-21.79,13.26,270,1.58,-2.31,-13.77,-14.98,-1.64,-7.8,False
RAJESHEXPO,NSE,BZ,INE343B01030,2026-10-09,57.61,58.19,59.08,57.07,59.37,-2.96,57.81,173885,10051848.47,270447.0,0.64,,74.91,108.39,-23.1,-46.85,False,15.8,230.67,57.61,-75.02,0.0,270,-2.96,-10.03,-27.63,-38.5,-42.94,-68.23,False
RAJINDLTD,NSE,SM,INE0PCU01012,2026-10-09,63.15,63.0,63.15,63.0,65.0,-2.85,63.1,6000,378600.0,6000.0,1.0,,66.86,72.88,-5.55,-13.35,False,44.27,90.0,60.35,-29.83,4.64,245,-2.85,-1.94,0.24,-10.49,-5.75,,True
RAJMET,NSE,EQ,INE00KV01022,2026-10-09,3.08,3.08,3.12,3.06,3.06,0.65,3.09,191860,592403.48,217725.0,0.88,,3.22,3.64,-4.26,-15.31,False,43.21,4.88,2.9,-36.89,6.21,270,0.65,0.0,-5.23,-14.92,-24.51,-32.16,False
RAJOOENG,NSE,EQ,INE535F01024,2026-10-09,59.45,60.02,60.99,57.5,59.92,-0.78,58.99,939402,55418791.89,564938.0,1.66,,53.89,60.18,10.32,-1.21,False,63.54,92.65,46.68,-35.83,27.36,270,-0.78,11.73,10.71,18.21,-4.3,-27.39,False
RAJPALAYAM,NSE,EQ,INE296E01026,2026-10-09,720.0,715.0,729.0,711.1,721.0,-0.14,718.52,285,204779.45,1344.0,0.21,,779.81,798.83,-7.67,-9.87,False,34.52,848.85,720.0,-15.18,0.0,120,-0.14,-2.44,-8.28,-13.1,,,False
RAJPUTANA,NSE,SM,INE0VHU01019,2026-10-08,203.0,202.0,209.0,195.0,200.05,1.47,197.37,18500,3651400.0,7550.0,2.45,,207.7,223.86,-2.26,-9.32,False,47.7,289.5,178.8,-29.88,13.53,247,1.47,2.01,-7.71,0.0,-9.78,,True
RAJRATAN,NSE,EQ,INE451D01029,2026-10-09,450.8,450.0,456.0,442.1,444.25,1.47,450.86,46369,20905826.45,116921.0,0.4,,475.75,449.41,-5.24,0.31,True,42.12,540.05,309.0,-16.53,45.89,270,1.47,-0.61,-9.26,-6.48,15.12,42.91,False
RAJRILTD,NSE,BE,INE533D01032,2026-10-09,21.22,21.22,21.22,21.22,20.81,1.97,21.22,26954,571963.88,10944.0,2.46,,21.19,21.94,0.16,-3.3,False,54.43,27.42,19.55,-22.61,8.54,270,1.97,6.1,-0.56,-3.19,0.52,-23.67,False
RAJSREESUG,NSE,EQ,INE562B01019,2026-10-09,27.5,27.75,27.83,27.01,27.26,0.88,27.48,48462,1331523.12,101773.0,0.48,,31.95,33.35,-13.92,-17.55,False,33.04,40.58,25.64,-32.23,7.25,270,0.88,-0.83,-22.51,-12.25,-1.72,-30.03,False
RAJTV,NSE,BE,INE952H01027,2026-10-09,10.07,10.48,10.49,9.51,10.01,0.6,10.02,183957,1843095.38,74554.0,2.47,,10.51,20.4,-4.22,-50.64,False,50.85,43.42,7.82,-76.81,28.77,270,0.6,-6.76,16.55,-16.15,-51.19,-75.45,False
RAJVIR,NSE,BZ,INE011H01014,2026-09-21,5.21,5.21,5.21,5.21,5.32,-2.07,5.21,1,5.21,751.0,0.0,,7.84,8.98,-33.53,-41.96,False,3.2,9.5,5.21,-45.16,0.0,30,-2.07,-7.62,-41.13,,,,False
RALLIS,NSE,EQ,INE613A01020,2026-10-09,198.06,196.07,198.65,193.4,195.76,1.17,196.77,351681,69198604.05,504109.0,0.7,,207.99,239.98,-4.78,-17.47,False,38.26,311.7,195.76,-36.46,1.17,270,1.17,-0.82,-3.52,-13.54,-23.45,-35.03,False
RAMANEWS,NSE,EQ,INE278B01020,2026-10-09,30.49,28.31,30.97,28.31,28.59,6.65,29.68,18996,563750.5,18698.0,1.02,,30.85,30.86,-1.16,-1.19,False,48.97,39.41,27.93,-22.63,9.17,270,6.65,3.78,-9.63,4.38,0.3,-1.52,False
RAMAPHO,NSE,EQ,INE809A01032,2026-10-09,109.52,110.5,110.5,106.0,110.09,-0.52,107.96,45828,4947599.17,27247.0,1.68,,121.19,130.51,-9.63,-16.09,False,26.31,210.99,104.24,-48.09,5.07,270,-0.52,-8.77,-12.2,-12.48,-15.48,-27.15,False
RAMASTEEL,NSE,BE,INE230R01035,2026-10-09,4.07,4.1,4.1,4.07,4.15,-1.93,4.08,707401,2886498.92,2590077.0,0.27,,4.36,5.73,-6.57,-28.94,False,40.68,11.01,3.63,-63.03,12.12,270,-1.93,-8.95,-2.4,-10.75,-17.78,-58.55,False
RAMBHAJO,NSE,EQ,INE1SJO01012,2026-10-09,357.45,359.0,369.9,348.3,356.55,0.25,357.47,717341,256429438.0,867891.0,0.83,,260.65,209.24,37.14,70.83,True,72.26,360.8,167.3,-0.93,113.66,71,0.25,23.79,29.96,99.72,,,False
RAMCOCEM,NSE,EQ,INE331A01037,2026-10-09,807.55,820.45,823.8,803.0,817.9,-1.27,810.5,115818,93870924.5,211727.0,0.55,,876.11,941.6,-7.83,-14.24,False,29.58,1204.9,807.55,-32.98,0.0,270,-1.27,-2.8,-7.33,-14.28,-18.7,-18.05,False
RAMCOIND,NSE,EQ,INE614A01028,2026-10-09,291.8,290.75,296.4,286.1,290.75,0.36,290.11,107160,31087834.15,93709.0,1.14,,320.58,315.56,-8.98,-7.53,True,28.9,377.2,233.8,-22.64,24.81,270,0.36,-3.47,-9.24,-20.65,9.04,-12.52,False
RAMCOSYS,NSE,EQ,INE246B01019,2026-10-09,542.9,540.0,546.7,529.25,537.45,1.01,537.82,53401,28720315.85,54047.0,0.99,,586.52,557.77,-7.44,-2.67,True,40.96,886.15,344.05,-38.73,57.8,270,1.01,-0.61,-10.88,-32.61,28.0,9.92,False
RAMKY,NSE,EQ,INE874I01013,2026-10-09,267.5,271.65,275.25,266.1,269.8,-0.85,269.09,29949,8058867.4,53102.0,0.56,,335.76,423.96,-20.33,-36.9,False,23.94,649.5,267.5,-58.81,0.0,270,-0.85,-2.59,-20.76,-33.71,-43.96,-52.22,False
RAMRAT,NSE,EQ,INE207E01023,2026-10-09,584.25,608.0,610.65,582.2,611.15,-4.4,591.4,193889,114666611.0,334766.0,0.58,,535.51,484.93,9.1,20.48,True,54.09,646.5,278.25,-9.63,109.97,270,-4.4,-5.24,9.98,39.42,79.08,-7.0,False
RANASUG,NSE,EQ,INE625B01014,2026-10-09,13.18,13.47,13.64,13.1,13.46,-2.08,13.23,276801,3661257.87,420519.0,0.66,,13.82,13.27,-4.64,-0.67,True,39.04,15.92,10.64,-17.21,23.87,270,-2.08,0.76,-11.54,10.48,4.35,-6.92,False
RANEHOLDIN,NSE,EQ,INE384A01010,2026-10-09,1517.6,1513.1,1526.6,1492.0,1513.1,0.3,1508.22,2430,3664964.7,9308.0,0.26,,1604.21,1510.22,-5.4,0.49,True,35.06,1872.6,992.0,-18.96,52.98,270,0.3,-0.07,-10.3,-15.38,49.77,-6.21,False
RAPIDFLEET,NSE,SM,INE0QX901013,2026-10-09,200.7,200.0,200.7,200.0,194.6,3.13,200.32,6600,1322130.0,9600.0,0.69,,203.84,196.34,-1.54,2.22,True,46.29,238.2,162.0,-15.74,23.89,142,3.13,0.65,-15.21,18.06,-2.57,,True
RAPPID,NSE,SM,INE0MVO01012,2026-10-09,328.85,330.15,330.15,325.0,332.95,-1.23,327.34,3600,1178430.0,11490.0,0.31,,323.72,298.37,1.59,10.21,True,48.27,372.85,213.35,-11.8,54.14,264,-1.23,-5.23,8.26,23.26,30.24,10.72,True
RATEGAIN,NSE,EQ,INE0CLI01024,2026-10-09,853.65,830.0,874.3,828.0,830.95,2.73,856.5,300830,257660916.1,253841.0,1.19,,868.18,775.48,-1.67,10.08,True,48.17,990.05,438.15,-13.78,94.83,270,2.73,1.55,-1.05,-9.64,54.66,32.4,False
RATNA-RE,NSE,BE,INE05CZ20011,2026-09-03,9.9,9.9,9.9,9.9,16.45,-39.82,9.9,213636,2114996.4,164640.0,1.3,,16.19,16.38,-38.86,-39.58,False,,16.45,9.9,-39.82,0.0,2,-39.82,,,,,,False
RATNAMANI,NSE,EQ,INE703B01027,2026-10-09,2523.6,2519.2,2570.0,2465.0,2498.9,0.99,2514.76,26313,66170834.4,42620.0,0.62,,2622.09,2512.63,-3.76,0.44,True,41.02,3046.2,1946.4,-17.16,29.65,270,0.99,-3.66,-9.99,-6.32,9.56,4.69,False
RATNAVEER,NSE,EQ,INE05CZ01011,2026-10-09,343.6,331.0,349.1,327.3,331.35,3.7,342.8,5179011,1775367806.75,7414725.0,0.7,,286.49,211.08,19.94,62.78,True,65.76,345.45,131.3,-0.54,161.69,270,3.7,-0.54,15.38,90.88,138.12,117.48,False
RAYMOND,NSE,EQ,INE301A01014,2026-10-09,1186.6,1182.1,1209.8,1143.2,1167.1,1.67,1178.44,1248779,1471607733.0,5263756.0,0.24,,917.98,656.7,29.26,80.69,True,64.83,1300.7,321.85,-8.77,268.68,270,1.67,-0.89,38.33,87.84,222.01,106.81,False
RAYMONDLSL,NSE,EQ,INE02ID01020,2026-10-09,596.4,603.95,607.9,592.35,596.4,0.0,598.88,156244,93572018.55,299072.0,0.52,,679.87,810.89,-12.28,-26.45,False,32.36,1216.3,596.4,-50.97,0.0,270,0.0,-4.99,-14.41,-19.83,-25.98,-48.63,False
RAYMONDREL,NSE,EQ,INE1SY401010,2026-10-09,698.2,681.05,718.0,673.5,679.9,2.69,697.81,1558911,1087824735.55,2928765.0,0.53,,627.18,581.17,11.32,20.14,True,61.86,722.75,357.35,-3.4,95.38,270,2.69,7.67,19.86,-0.26,59.81,21.74,False
RBA,NSE,EQ,INE07T201019,2026-10-09,91.1,92.95,93.95,90.04,92.61,-1.63,91.19,1910175,174188626.51,2958608.0,0.65,,91.51,79.13,-0.45,15.13,True,43.47,106.45,57.26,-14.42,59.1,270,-1.63,-1.21,-4.65,23.91,46.89,18.36,False
RBLBANK,NSE,EQ,INE976G01028,2026-10-09,418.0,400.65,419.35,400.0,400.7,4.32,415.22,3772524,1566415893.15,3497547.0,1.08,,398.12,355.75,4.99,17.5,True,56.33,428.0,273.55,-2.34,52.81,270,4.32,1.6,-0.12,9.81,29.47,50.77,False
RBMINFRA,NSE,SM,INE0NA301016,2026-10-09,237.55,239.8,239.8,235.0,233.95,1.54,236.64,6200,1467150.0,21380.0,0.29,,261.93,316.86,-9.31,-25.03,False,39.9,506.05,223.15,-53.06,6.45,270,1.54,-1.84,-13.85,-11.68,-37.03,-48.19,True
RBS,NSE,SM,INE0RJH01010,2026-10-09,83.0,80.05,83.0,80.0,81.0,2.47,81.22,14400,1169640.0,10440.0,1.38,,85.33,91.75,-2.73,-9.54,False,47.23,128.0,60.9,-35.16,36.29,259,2.47,2.47,-6.21,8.14,17.56,-35.46,True
RBZJEWEL,NSE,BE,INE0PEQ01016,2026-10-09,190.63,193.98,196.0,184.29,193.98,-1.73,190.22,72988,13883447.36,107074.0,0.68,,170.51,149.07,11.8,27.88,True,55.78,207.23,102.07,-8.01,86.76,270,-1.73,-3.17,5.22,23.59,37.91,42.44,False
RCDL,NSE,SM,INE0BZQ01011,2026-10-09,15.3,14.7,15.6,14.5,15.25,0.33,14.8,189000,2797950.0,92550.0,2.04,,18.92,23.02,-19.12,-33.53,False,41.62,33.85,13.45,-54.8,13.75,217,0.33,-10.0,8.51,-41.6,-40.81,,True
RCDL-RE,NSE,ST,INE0BZQ20011,2026-09-23,4.05,3.6,4.05,3.6,3.4,19.12,4.04,486000,1963800.0,300353.0,1.62,,3.8,4.48,6.48,-9.64,False,19.66,4.8,1.75,-15.62,131.43,17,19.12,52.83,,,,,True
RCF,NSE,EQ,INE027A01015,2026-10-09,104.44,103.5,104.95,103.1,103.5,0.91,104.27,560936,58486586.1,1067723.0,0.53,,114.48,126.49,-8.77,-17.43,False,34.75,152.87,103.5,-31.68,0.91,270,0.91,-2.21,-8.17,-20.52,-16.79,-28.38,False
RCOM,NSE,BE,INE330H01018,2026-10-09,0.85,0.86,0.86,0.85,0.85,0.0,0.86,2359978,2018230.04,3337432.0,0.71,,0.87,0.96,-2.76,-11.78,False,44.18,1.47,0.76,-42.18,11.84,270,0.0,-1.16,-4.49,-2.3,-9.57,-37.5,False
READYMIX,NSE,SM,INE10QL01011,2026-10-09,63.9,66.7,66.7,61.0,59.2,7.94,63.59,14000,890250.0,24400.0,0.57,,77.93,98.57,-18.0,-35.17,False,39.87,168.1,54.35,-61.99,17.57,250,7.94,7.3,-18.29,-38.76,-24.82,,True
RECLTD,NSE,EQ,INE020B01018,2026-10-09,300.0,295.0,300.15,294.0,295.0,1.69,298.57,3107695,927871358.55,6958018.0,0.45,,319.09,342.2,-5.98,-12.33,False,43.18,385.55,287.75,-22.19,4.26,270,1.69,4.26,-5.62,-14.76,-12.45,-19.54,False
REDINGTON,NSE,EQ,INE891D01026,2026-10-09,380.0,388.1,399.45,377.95,388.0,-2.06,385.94,2893774,1116826055.05,5658527.0,0.51,,366.91,299.49,3.57,26.88,True,45.96,412.75,199.95,-7.93,90.05,270,-2.06,-4.51,1.73,35.52,74.14,34.07,False
REDTAPE,NSE,EQ,INE0LXT01019,2026-10-09,112.77,115.0,115.06,111.55,113.16,-0.34,112.46,204572,23007006.81,2185520.0,0.09,,121.04,127.39,-6.83,-11.48,False,36.56,148.49,109.76,-24.06,2.74,270,-0.34,-2.19,-2.43,-16.84,-6.98,-21.46,False
REFEX,NSE,EQ,INE056I01025,2026-10-09,254.4,258.15,259.75,251.4,258.7,-1.66,255.43,225810,57677739.4,626374.0,0.36,,282.84,291.36,-10.06,-12.69,False,33.8,374.15,189.11,-32.01,34.52,270,-1.66,-6.23,-7.78,-26.21,13.48,-28.65,False
REFRACTORY,NSE,SM,INE0TNX01015,2026-10-09,35.5,35.0,35.5,34.9,35.9,-1.11,35.13,3000,105400.0,18450.0,0.16,,31.86,36.69,11.41,-3.26,False,56.01,60.0,23.85,-40.83,48.85,248,-1.11,-12.67,45.79,17.16,8.56,,True
REGAAL,NSE,EQ,INE0MHO01029,2026-10-09,84.09,83.01,85.0,81.7,83.34,0.9,83.02,461395,38306487.06,860526.0,0.54,,86.64,84.15,-2.94,-0.07,True,43.58,99.53,58.68,-15.51,43.3,270,0.9,-2.21,-3.68,3.7,8.35,-4.64,False
REGENCERAM,NSE,EQ,INE277C01012,2026-10-09,30.83,29.65,31.4,29.65,30.86,-0.1,30.43,7411,225508.34,19001.0,0.39,,34.23,39.26,-9.95,-21.47,False,40.13,49.94,30.83,-38.27,0.0,270,-0.1,-3.6,-9.93,-21.03,-32.57,-26.58,False
RELAXO,NSE,EQ,INE131B01039,2026-10-09,286.0,283.9,289.2,281.35,281.8,1.49,284.55,70455,20047843.35,260291.0,0.27,,329.48,361.18,-13.2,-20.81,False,32.07,445.6,237.9,-35.82,20.22,270,1.49,0.23,-14.29,-27.54,2.1,-35.87,False
RELCHEMQ,NSE,EQ,INE750D01016,2026-10-09,114.19,113.59,115.0,112.12,111.33,2.57,113.48,986,111890.52,11247.0,0.09,,117.76,126.31,-3.03,-9.6,False,46.81,159.09,108.82,-28.22,4.93,270,2.57,-0.15,0.09,-12.95,-2.23,-27.59,False
RELIABLE,NSE,EQ,INE375Y01018,2026-10-09,139.8,138.0,141.89,137.21,139.76,0.03,139.23,3673,511404.42,24893.0,0.15,,141.28,140.31,-1.05,-0.36,True,46.94,168.87,110.75,-17.21,26.23,270,0.03,-0.66,-0.62,-3.64,18.3,16.95,False
RELIANCE,NSE,EQ,INE002A01018,2026-10-09,1170.3,1179.0,1179.0,1160.2,1178.0,-0.65,1170.45,12086708,14146863855.6,13098336.0,0.92,,1254.87,1329.68,-6.74,-11.99,False,35.42,1592.3,1167.7,-26.5,0.22,270,-0.65,0.22,-9.62,-10.51,-13.17,-14.2,False
RELIGARE,NSE,EQ,INE621H01010,2026-10-09,217.59,219.77,222.75,216.05,220.57,-1.35,218.5,839067,183339005.34,797185.0,1.05,,240.38,241.76,-9.48,-10.0,False,29.69,278.36,201.11,-21.83,8.19,270,-1.35,-3.12,-14.54,-19.55,-3.08,-13.35,False
RELINFRA,NSE,BE,INE036A01016,2026-10-09,59.29,56.44,59.29,55.5,56.47,4.99,58.0,1168713,67784959.37,440995.0,2.65,,58.88,122.59,0.69,-51.64,False,64.47,282.8,43.42,-79.03,36.55,191,4.99,27.56,4.02,-16.49,-57.55,,False
RELTD,NSE,EQ,INE206N01018,2026-10-09,141.49,143.1,145.39,140.29,143.81,-1.61,141.55,65280,9240443.84,163150.0,0.4,,153.44,152.07,-7.79,-6.96,True,37.34,183.08,119.75,-22.72,18.15,270,-1.61,-3.74,-8.95,-18.74,4.2,-10.82,False
RELTD-RE,NSE,BE,INE206N20018,2026-06-19,36.37,36.37,36.37,36.37,25.98,39.99,36.37,2798231,101771661.47,903840.0,3.1,,37.69,38.05,-3.51,-4.42,False,,39.4,25.98,-7.69,39.99,4,39.99,,,,,,False
REMSONSIND,NSE,EQ,INE474C01023,2026-10-09,101.46,99.14,106.5,97.11,98.95,2.54,102.73,584247,60019540.96,665650.0,0.88,,97.35,99.57,4.23,1.89,False,49.64,150.25,76.15,-32.47,33.24,270,2.54,-9.85,4.32,25.57,4.23,-14.82,False
REMUS,NSE,SM,INE0O5T01011,2026-10-09,976.35,975.0,1009.95,957.25,978.25,-0.19,982.69,10600,10416565.0,10760.0,0.99,,883.23,795.09,10.54,22.8,True,59.66,988.8,582.85,-1.26,67.51,265,-0.19,13.29,6.97,31.95,53.76,24.23,True
RENTOMOJO,NSE,EQ,INE08T701025,2026-10-09,590.35,607.5,607.5,581.6,600.45,-1.68,590.95,1778853,1051216413.75,9618523.0,0.18,,535.91,534.29,10.16,10.49,True,42.52,618.95,491.35,-4.62,20.15,16,-1.68,12.53,,,,,False
RENUKA,NSE,EQ,INE087H01022,2026-10-09,21.72,21.8,22.15,21.6,21.63,0.42,21.84,6301032,137616417.86,12210022.0,0.52,,23.08,24.69,-5.89,-12.01,False,40.7,30.78,21.34,-29.43,1.78,270,0.42,1.78,-13.78,-4.44,-21.65,-27.02,False
REPCOHOME,NSE,EQ,INE612J01015,2026-10-09,329.4,339.0,339.0,328.1,337.1,-2.28,331.62,72033,23887899.55,80896.0,0.89,,357.6,377.14,-7.89,-12.66,False,35.28,450.2,326.45,-26.83,0.9,270,-2.28,-2.47,-8.84,-19.47,-15.33,-8.85,False
REPL,NSE,EQ,INE364Z01019,2026-10-09,56.66,55.4,58.55,55.13,55.78,1.58,57.71,2870,165633.97,3797.0,0.76,,61.4,80.74,-7.72,-29.83,False,40.01,150.33,55.3,-62.31,2.46,270,1.58,-2.29,-7.11,-11.47,-34.76,-62.0,False
REPRO,NSE,EQ,INE461B01014,2026-10-09,294.0,295.25,303.4,290.1,295.95,-0.66,295.73,17682,5229177.95,54434.0,0.32,,319.4,368.18,-7.95,-20.15,False,42.29,576.75,288.25,-49.02,1.99,270,-0.66,-3.26,-7.95,-19.14,-19.18,-31.1,False
RESPONIND,NSE,EQ,INE688D01026,2026-10-09,151.72,154.0,154.89,151.1,152.99,-0.83,152.5,109847,16751574.86,780244.0,0.14,,162.98,172.65,-6.91,-12.12,False,41.18,221.39,127.01,-31.47,19.46,270,-0.83,-6.69,2.35,-19.45,8.96,-17.56,False
RETAIL,NSE,BE,INE03DD01011,2026-10-09,28.45,27.06,29.9,27.06,28.48,-0.11,28.72,107725,3093606.85,31439.0,3.43,,21.39,22.11,33.01,28.66,False,63.33,35.43,16.12,-19.7,76.49,270,-0.11,-18.55,65.12,58.67,34.01,-17.54,False
REXPIPES,NSE,SM,INE00D001018,2026-08-24,160.65,160.65,160.65,160.65,169.1,-5.0,160.65,5000,803250.0,4700.0,1.06,,182.25,169.79,-11.85,-5.38,True,35.96,208.0,135.4,-22.76,18.65,117,-5.0,-7.8,-18.04,14.83,,,True
REXPRO,NSE,SM,INE113601012,2026-10-08,33.6,33.65,33.65,33.6,33.6,0.0,33.63,3000,100900.0,4900.0,0.61,,37.6,49.08,-10.63,-31.54,False,40.57,87.0,33.3,-61.38,0.9,222,0.0,0.15,-11.46,-13.85,-39.89,,True
RFBL,NSE,ST,INE0V2V01015,2026-10-08,97.0,97.0,97.0,97.0,101.5,-4.43,97.0,3000,291000.0,80700.0,0.04,,90.62,72.86,7.04,33.13,True,51.91,112.4,55.1,-13.7,76.04,82,-4.43,-4.9,1.62,24.2,,,True
RGL,NSE,EQ,INE722H01024,2026-10-09,160.74,157.0,163.0,153.11,155.63,3.28,158.79,484036,76862149.4,960142.0,0.5,,146.09,125.54,10.03,28.04,True,54.52,170.48,86.18,-5.71,86.52,270,3.28,-1.08,7.16,34.92,50.65,40.64,False
RHETAN,NSE,EQ,INE0KKN01029,2026-10-09,17.4,17.35,18.25,17.35,18.26,-4.71,17.59,5129784,90232286.31,8575174.0,0.6,,21.45,24.46,-18.87,-28.86,False,42.27,33.76,15.17,-48.46,14.7,255,-4.71,4.57,-37.86,-34.78,-31.23,-19.18,False
RHFL,NSE,BZ,INE217K01011,2026-10-09,1.56,1.55,1.58,1.53,1.54,1.3,1.55,367810,570651.95,650335.0,0.57,,1.77,2.41,-11.69,-35.15,False,28.52,4.81,1.54,-67.57,1.3,246,1.3,-1.89,-13.81,-23.53,-27.1,,False
RHIM,NSE,EQ,INE743M01012,2026-10-09,369.1,371.55,376.2,363.05,367.1,0.54,370.19,250788,92838575.1,1112413.0,0.23,,379.97,401.55,-2.86,-8.08,False,42.86,492.05,334.1,-24.99,10.48,270,0.54,-4.09,-0.7,-12.19,-4.42,-16.28,False
RHL,NSE,EQ,INE508K01013,2026-10-09,162.05,161.0,164.49,161.0,161.29,0.47,161.25,3239,522286.94,4153.0,0.78,,169.65,186.85,-4.48,-13.27,False,40.72,251.95,161.29,-35.68,0.47,270,0.47,-0.53,-2.77,-9.28,-10.63,-35.41,False
RICHA,NSE,SM,INE0J1P01015,2026-10-09,83.2,83.2,83.2,83.2,83.25,-0.06,83.2,1000,83200.0,1800.0,0.56,,83.03,75.29,0.2,10.51,True,52.8,95.0,51.95,-12.42,60.15,214,-0.06,6.67,-6.52,-7.56,22.44,,True
RICOAUTO,NSE,EQ,INE209B01025,2026-10-09,115.18,119.49,119.7,114.3,117.88,-2.29,116.0,793747,92071878.81,783388.0,1.01,,128.66,124.13,-10.48,-7.21,True,32.83,155.81,80.36,-26.08,43.33,270,-2.29,-5.3,-12.99,-13.36,-0.43,24.8,False
RIIL,NSE,EQ,INE046A01015,2026-10-09,683.4,684.95,688.85,670.05,682.6,0.12,681.11,46663,31782717.55,64109.0,0.73,,721.13,766.17,-5.23,-10.8,False,41.73,933.7,624.4,-26.81,9.45,270,0.12,2.48,-6.35,-13.84,-3.74,-20.55,False
RILINFRA,NSE,SM,INE02OY01016,2026-10-09,32.0,32.1,33.2,31.5,32.65,-1.99,32.01,8000,256055.0,13525.0,0.59,,34.46,35.61,-7.13,-10.13,False,40.63,44.6,29.05,-28.25,10.15,270,-1.99,0.63,0.79,-20.2,-1.99,-7.11,True
RIR,NSE,EQ,INE302D01024,2026-10-09,174.12,175.2,177.5,170.64,173.34,0.45,173.81,361155,62770999.39,3437453.0,0.11,,175.34,167.7,-0.7,3.83,True,44.92,198.93,155.23,-12.47,12.17,60,0.45,-1.61,-5.29,,,,False
RISHABH,NSE,EQ,INE0N2P01017,2026-10-09,677.9,642.3,692.25,621.2,644.9,5.12,661.89,752424,498020916.2,195205.0,3.85,,697.04,579.09,-2.75,17.06,True,42.43,829.6,319.8,-18.29,111.98,270,5.12,-2.99,-16.13,2.39,55.96,69.88,False
RITCO,NSE,EQ,INE01EG01016,2026-10-09,272.55,272.35,279.0,269.45,272.5,0.02,271.99,23328,6344959.35,64754.0,0.36,,289.54,269.84,-5.87,1.0,True,36.35,322.7,177.41,-15.54,53.63,270,0.02,-1.5,-14.41,6.09,40.12,5.82,False
RITES,NSE,EQ,INE320J01015,2026-10-09,198.66,195.0,200.96,193.1,195.85,1.43,197.55,588514,116260976.59,4004026.0,0.15,,209.46,218.7,-5.16,-9.16,False,41.09,256.62,175.63,-22.59,13.11,270,1.43,-5.17,-6.72,-12.34,-0.87,-19.26,False
RITEZONE,NSE,SM,INE0MRA01019,2026-10-08,17.9,16.6,18.3,16.6,17.45,2.58,17.29,8000,138320.0,4880.0,1.64,,19.42,21.58,-7.81,-17.06,False,44.47,34.45,13.8,-48.04,29.71,142,2.58,1.7,-1.92,-27.09,-42.26,,True
RKDL,NSE,EQ,INE722J01012,2026-10-09,16.68,16.49,16.89,16.1,16.2,2.96,16.51,17606,290686.33,14848.0,1.19,,18.25,20.22,-8.62,-17.52,False,35.39,27.46,16.2,-39.26,2.96,270,2.96,-3.25,-9.15,-11.56,-20.38,-38.38,False
RKEC,NSE,BE,INE786W01010,2026-10-09,19.87,20.39,20.39,19.51,20.47,-2.93,19.94,20322,405142.16,100101.0,0.2,,22.57,34.2,-11.97,-41.9,False,42.27,73.86,18.13,-73.1,9.6,270,-2.93,-9.43,-2.84,-29.16,-47.06,-72.74,False
RKFORGE,NSE,EQ,INE399G01023,2026-10-09,685.45,696.0,705.4,678.55,700.75,-2.18,689.98,644453,444661754.15,577786.0,1.12,,694.84,620.66,-1.35,10.44,True,42.91,755.0,462.7,-9.21,48.14,270,-2.18,-1.44,-2.26,21.25,28.24,27.01,False
RKSWAMY,NSE,EQ,INE0NQ801033,2026-10-09,87.22,87.9,88.98,86.0,87.4,-0.21,87.35,10809,944161.86,22962.0,0.47,,92.64,102.34,-5.85,-14.77,False,40.89,148.95,69.02,-41.44,26.37,270,-0.21,0.88,-7.55,-15.47,-0.89,-40.27,False
RMC,NSE,EQ,INE655V01019,2026-10-09,184.33,189.99,192.34,182.56,186.46,-1.14,185.88,32159,5977846.37,53986.0,0.6,,237.4,312.61,-22.36,-41.04,False,29.88,521.2,184.33,-64.63,0.0,131,-1.14,-9.0,-18.51,-38.86,-54.75,,False
RMDRIP,NSE,BE,INE219Y01026,2026-10-09,21.68,20.71,22.35,20.55,21.62,0.28,21.07,186619,3932937.41,377575.0,0.49,,21.83,89.04,-0.67,-75.65,False,43.08,122.43,15.49,-82.29,39.96,270,0.28,-7.71,-5.37,11.93,-54.33,-71.42,False
RML,NSE,EQ,INE050H01012,2026-10-09,1285.2,1275.0,1314.0,1255.1,1279.6,0.44,1288.6,24853,32025615.8,63105.0,0.39,,1249.04,1040.06,2.9,23.57,True,47.93,1408.9,620.0,-8.78,107.29,270,0.44,-4.32,-7.54,-1.11,80.85,57.93,False
RNBDENIMS,NSE,BE,INE012Q01039,2026-10-09,8.69,8.52,8.94,8.4,8.69,0.0,8.57,103579,887964.49,122382.0,0.85,,10.0,41.23,-13.12,-78.93,False,38.52,199.21,7.73,-95.64,12.42,270,0.0,-3.77,-13.88,-14.3,-52.62,-92.68,False
RNFI,NSE,SM,INE0SA001017,2026-10-09,328.75,314.4,332.0,314.4,314.4,4.56,327.31,18600,6087960.0,24060.0,0.77,,302.54,291.34,8.66,12.84,True,58.31,387.15,219.4,-15.08,49.84,270,4.56,8.37,1.92,32.77,10.78,-4.28,True
RNPL,NSE,SM,INE0VZX01015,2026-10-09,78.95,72.0,79.5,72.0,75.75,4.22,76.55,36000,2755680.0,12180.0,2.96,,73.57,94.94,7.31,-16.84,False,62.13,154.0,52.6,-48.73,50.1,256,4.22,14.5,5.2,-6.01,-42.48,11.59,True
ROCK-RE,NSE,ST,INE0PTR20012,2025-11-12,12.95,15.0,17.5,12.95,16.15,-19.81,13.28,234750,3116600.0,73125.0,3.21,,40.96,43.1,-68.38,-69.95,False,,43.85,12.95,-70.47,0.0,4,-19.81,,,,,,True
ROCKINGDCE,NSE,SM,INE0PTR01012,2026-10-09,220.0,220.0,220.0,220.0,220.0,0.0,220.0,250,55000.0,4550.0,0.05,,211.46,202.56,4.04,8.61,True,51.51,273.4,126.5,-19.53,73.91,253,0.0,1.9,-6.08,27.94,46.67,1.99,True
ROHLTD,NSE,EQ,INE283H01019,2026-10-09,287.55,294.9,295.0,286.0,294.9,-2.49,289.2,54284,15699137.55,16799.0,3.23,,305.59,346.75,-5.9,-17.07,False,37.61,535.35,271.3,-46.29,5.99,270,-2.49,-3.72,-6.64,-11.98,-14.16,-45.24,False
ROLEXRINGS,NSE,EQ,INE645S01024,2026-10-09,169.14,171.0,172.04,165.87,170.14,-0.59,168.59,1460918,246293594.55,2441387.0,0.6,,173.3,262.99,-2.4,-35.69,False,40.71,1385.4,100.44,-87.79,68.4,270,-0.59,-13.86,-3.63,19.9,32.32,-86.93,False
ROLLT,NSE,BE,INE927A01040,2026-10-09,5.33,5.14,5.46,4.94,5.2,2.5,5.1,533641,2723334.51,624452.0,0.85,,4.46,2.82,19.48,88.73,True,55.88,6.41,1.09,-16.85,388.99,270,2.5,12.45,11.04,128.76,326.4,336.89,False
ROLTA,NSE,BZ,INE293A01013,2025-12-17,1.62,1.62,1.62,1.62,1.67,-2.99,1.62,16450,26649.0,73217.0,0.22,,1.81,1.92,-10.56,-15.77,False,34.77,2.06,1.62,-21.36,0.0,71,-2.99,-4.71,-12.43,-19.0,,,False
ROML,NSE,EQ,INE294G01026,2026-10-09,41.02,41.16,41.99,41.0,41.16,-0.34,41.15,2509,103256.05,1959.0,1.28,,42.95,44.83,-4.48,-8.51,False,40.3,61.04,36.32,-32.8,12.94,270,-0.34,-5.35,-2.93,-9.55,-2.66,-15.42,False
ROSSARI,NSE,EQ,INE02A801020,2026-10-09,409.8,412.2,416.5,407.2,409.8,0.0,411.23,77278,31779346.95,63961.0,1.21,,461.14,507.92,-11.13,-19.32,False,28.15,672.55,378.6,-39.07,8.24,270,0.0,-4.15,-9.85,-21.82,-9.38,-33.73,False
ROSSELLIND,NSE,EQ,INE847C01020,2026-10-09,52.75,50.99,53.0,50.6,51.25,2.93,51.92,7794,404661.18,33082.0,0.24,,54.44,55.22,-3.11,-4.47,False,47.77,64.7,41.17,-18.47,28.13,270,2.93,5.04,-6.65,-6.22,8.56,-17.11,False
ROSSTECH,NSE,EQ,INE0OJW01016,2026-10-09,1574.8,1565.0,1613.9,1529.2,1570.1,0.3,1574.6,176795,278382021.5,526311.0,0.34,,1285.06,1006.94,22.55,56.39,True,71.94,1622.4,573.85,-2.93,174.43,270,0.3,3.45,29.29,55.69,97.29,121.9,False
ROTO,NSE,EQ,INE535D01037,2026-10-09,60.09,61.12,61.5,58.9,60.73,-1.05,60.12,468363,28157645.62,420810.0,1.11,,64.0,65.09,-6.11,-7.69,False,35.43,76.98,48.07,-21.94,25.01,270,-1.05,-4.1,-8.18,-13.2,7.28,-22.13,False
ROUTE,NSE,EQ,INE450U01017,2026-10-09,416.7,415.7,426.2,414.25,414.8,0.46,419.28,149228,62568872.25,244919.0,0.61,,482.87,553.76,-13.7,-24.75,False,23.12,797.95,414.8,-47.78,0.46,270,0.46,-4.51,-17.08,-23.72,-14.69,-47.36,False
ROXHITECH,NSE,ST,INE0PDJ01013,2026-10-09,63.7,68.55,68.55,63.05,65.35,-2.52,64.18,33600,2156480.0,79440.0,0.42,,49.76,43.28,28.03,47.18,True,67.01,70.55,24.75,-9.71,157.37,266,-2.52,22.38,33.96,70.55,138.58,31.34,True
ROYALARC,NSE,SM,INE0EO401019,2026-10-09,158.0,148.5,158.0,148.5,149.0,6.04,151.67,3600,546000.0,5100.0,0.71,,159.9,155.01,-1.19,1.93,True,48.45,182.0,136.0,-13.19,16.18,152,6.04,5.33,-10.73,0.67,1.94,,True
RPEL,NSE,EQ,INE912T01018,2026-10-09,1734.1,1710.1,1769.0,1710.1,1717.2,0.98,1745.33,35411,61803761.8,120176.0,0.29,,1614.85,1199.0,7.38,44.63,True,52.06,1885.2,566.4,-8.02,206.16,270,0.98,-4.66,2.45,33.94,157.48,169.75,False
RPGLIFE,NSE,EQ,INE105J01010,2026-10-09,2719.2,2811.7,2862.3,2671.1,2811.7,-3.29,2735.8,32707,89479972.3,39834.0,0.82,,2766.74,2482.76,-1.72,9.52,True,43.9,3089.2,1744.0,-11.98,55.92,270,-3.29,-7.22,-2.98,-4.82,45.21,21.71,False
RPOWER,NSE,EQ,INE614G01033,2026-10-09,20.01,19.75,20.13,19.59,19.8,1.06,19.89,18108205,360261370.97,21479580.0,0.84,,21.81,27.09,-8.26,-26.13,False,38.29,48.58,19.41,-58.81,3.09,270,1.06,3.09,-7.83,-20.34,-19.18,-54.89,False
RPPINFRA,NSE,EQ,INE324L01013,2026-10-09,51.62,52.3,53.99,51.25,53.44,-3.41,52.14,29302,1527891.3,68176.0,0.43,,56.24,73.57,-8.22,-29.84,False,42.67,128.14,50.8,-59.72,1.61,270,-3.41,-1.86,-3.84,-18.35,-31.13,-59.17,False
RPPL,NSE,BE,INE760W01023,2026-10-09,18.49,18.65,18.68,17.82,18.66,-0.91,18.32,46550,852883.96,49767.0,0.94,,20.78,19.95,-11.03,-7.31,True,37.55,26.11,15.0,-29.18,23.27,270,-0.91,-5.66,-17.9,-18.87,14.99,-7.6,False
RPSGVENT,NSE,EQ,INE425Y01011,2026-10-09,891.3,856.95,899.65,840.05,844.65,5.52,878.65,82123,72157316.9,34258.0,2.4,,858.31,853.34,3.84,4.45,True,61.02,1116.45,559.85,-20.17,59.2,270,5.52,7.4,8.82,-0.24,-13.13,7.09,False
RPTECH,NSE,EQ,INE0J1F01024,2026-10-09,889.7,902.0,916.7,869.9,898.8,-1.01,889.5,236367,210249303.9,373240.0,0.63,,844.04,638.75,5.41,39.29,True,52.2,958.25,315.15,-7.15,182.31,270,-1.01,-6.66,8.77,13.62,136.81,174.6,False
RRECL,NSE,EQ,INE0AK901016,2026-10-09,132.05,131.0,133.96,120.2,133.96,-1.43,132.83,195,25902.52,597.0,0.33,,136.09,141.82,-2.97,-6.89,False,43.84,151.66,119.32,-12.93,10.67,37,-1.43,0.45,1.57,,,,False
RRIL,NSE,EQ,INE951M01037,2026-10-09,15.76,15.64,16.2,15.51,15.97,-1.31,15.89,22900,363781.52,22628.0,1.01,,16.46,16.74,-4.24,-5.87,False,45.53,20.94,15.11,-24.74,4.3,120,-1.31,4.3,-2.23,-9.94,,,False
RRKABEL,NSE,EQ,INE777K01022,2026-10-09,2705.6,2700.0,2733.3,2659.0,2696.4,0.34,2701.05,252367,681655171.8,355192.0,0.71,,2557.3,2104.34,5.8,28.57,True,59.15,2928.4,1245.5,-7.61,117.23,270,0.34,7.44,10.5,21.56,93.28,114.49,False
RSDFIN,NSE,BE,INE616F01022,2026-10-09,86.78,85.5,86.78,85.5,90.0,-3.58,86.22,380,32765.2,542.0,0.7,,95.47,90.7,-9.1,-4.32,True,40.31,160.46,75.05,-45.92,15.63,111,-3.58,-0.25,-10.3,3.31,,,False
RSL,NSE,EQ,INE313L01016,2026-10-09,172.04,172.87,174.8,170.29,171.94,0.06,172.29,180215,31048813.35,504198.0,0.36,,168.93,142.11,1.84,21.06,True,46.5,197.88,102.4,-13.06,68.01,138,0.06,-1.37,-9.55,33.21,38.01,,False
RSSOFTWARE,NSE,EQ,INE165B01029,2026-10-09,28.53,28.51,29.2,28.01,28.66,-0.45,28.45,12846,365499.53,19000.0,0.68,,30.71,37.71,-7.09,-24.35,False,39.3,72.14,21.93,-60.45,30.1,270,-0.45,-5.03,-1.93,-16.51,2.04,-60.66,False
RSWM,NSE,EQ,INE611A01016,2026-10-09,195.63,197.79,197.85,192.01,195.79,-0.08,194.82,18729,3648771.36,66480.0,0.28,,207.81,185.01,-5.86,5.74,True,37.63,235.26,120.73,-16.85,62.04,270,-0.08,-3.25,-13.32,-1.84,41.39,33.1,False
RSYSTEMS,NSE,EQ,INE411H01032,2026-10-09,274.3,245.8,284.6,245.55,242.85,12.95,273.21,33296077,9096883759.3,9324819.0,3.57,,251.64,288.53,9.01,-4.93,False,58.35,431.85,220.16,-36.48,24.59,270,12.95,4.06,11.55,13.41,-2.76,-31.56,False
RTL,NSE,SM,INE14W901010,2026-10-09,84.5,82.4,86.9,82.2,82.45,2.49,83.76,58000,4857800.0,19700.0,2.94,,81.2,77.36,4.06,9.23,True,55.21,97.25,57.5,-13.11,46.96,195,2.49,6.69,1.44,-2.87,31.01,,True
RTNINDIA,NSE,EQ,INE834M01019,2026-10-09,24.95,25.3,25.68,23.89,25.03,-0.32,24.95,2145403,53529741.21,1639838.0,1.31,,28.33,34.57,-11.92,-27.82,False,32.19,53.43,24.82,-53.3,0.52,270,-0.32,-1.46,-11.05,-25.68,-21.22,-51.18,False
RTNPOWER,NSE,EQ,INE399K01017,2026-10-09,6.54,6.35,6.59,6.35,6.43,1.71,6.49,10757944,69786068.86,14838216.0,0.73,,7.48,8.78,-12.57,-25.51,False,25.71,11.66,6.43,-43.91,1.71,270,1.71,-2.97,-10.16,-27.25,-25.17,-41.71,False
RTSPOWR,NSE,BE,INE005C01017,2026-10-09,119.33,114.05,119.33,114.05,113.65,5.0,118.94,11265,1339836.2,26060.0,0.43,,98.11,95.34,21.62,25.17,True,65.66,125.5,83.72,-4.92,42.53,38,5.0,4.58,35.34,,,,False
RUBFILA,NSE,EQ,INE642C01025,2026-10-09,62.01,63.75,64.69,61.94,63.72,-2.68,62.56,69201,4329077.7,49951.0,1.39,,67.04,71.37,-7.5,-13.11,False,38.39,84.15,57.97,-26.31,6.97,270,-2.68,-1.96,-11.64,-18.14,-5.93,-25.85,False
RUBICON,NSE,EQ,INE506V01022,2026-10-09,1548.5,1535.4,1559.4,1503.5,1535.4,0.85,1529.14,147742,225918152.9,259617.0,0.57,,1635.88,1259.02,-5.34,22.99,True,34.23,1860.6,577.25,-16.77,168.25,242,0.85,-5.05,-16.77,8.18,93.93,,False
RUBYMILLS,NSE,EQ,INE301D01026,2026-10-09,479.0,488.5,496.25,465.75,485.05,-1.25,484.47,30978,15007796.5,32506.0,0.95,,438.36,332.71,9.27,43.97,True,53.73,512.8,169.9,-6.59,181.93,270,-1.25,-4.13,6.37,24.82,116.73,117.69,False
RUCHINFRA,NSE,EQ,INE413B01023,2026-10-09,4.72,4.72,4.98,4.61,4.79,-1.46,4.8,65109,312785.12,77328.0,0.84,,5.4,5.98,-12.66,-21.1,False,31.44,7.6,4.13,-37.89,14.29,270,-1.46,-2.48,-16.16,-18.76,-27.72,-36.98,False
RUCHIRA,NSE,EQ,INE803H01014,2026-10-09,102.06,100.21,103.0,100.21,100.35,1.7,101.73,9984,1015646.91,25851.0,0.39,,105.7,113.73,-3.45,-10.26,False,43.22,146.71,96.0,-30.43,6.31,270,1.7,0.74,-9.01,-3.51,-7.29,-28.97,False
RUDRA,NSE,EQ,INE027T01023,2026-10-09,19.28,19.0,19.6,19.0,19.38,-0.52,19.38,10004,193922.38,66174.0,0.15,,19.43,20.43,-0.78,-5.62,False,49.0,27.47,14.8,-29.81,30.27,198,-0.52,5.76,-2.48,11.45,4.5,,False
RULKA,NSE,SM,INE0R7301013,2026-10-09,102.9,102.9,102.9,102.9,101.85,1.03,102.9,300,30870.0,6675.0,0.04,,105.91,105.53,-2.84,-2.49,True,43.84,133.8,75.0,-23.09,37.2,262,1.03,-4.1,-6.45,5.21,30.09,-20.63,True
RUNWALENTR,NSE,EQ,INE804W01029,2026-10-09,262.55,267.0,273.4,258.85,263.2,-0.25,263.52,427686,112705619.8,3362407.0,0.13,,297.3,300.36,-11.69,-12.59,False,,301.45,262.55,-12.9,0.0,5,-0.25,,,,,,False
RUPA,NSE,EQ,INE895B01021,2026-10-09,124.74,125.0,126.48,122.0,124.14,0.48,123.84,139385,17261451.38,134552.0,1.04,,141.8,154.28,-12.03,-19.15,False,25.06,207.71,110.68,-39.95,12.7,270,0.48,-4.47,-12.27,-26.51,-7.33,-39.48,False
RUSHIL,NSE,EQ,INE573K01025,2026-10-09,15.62,15.4,16.0,14.71,14.94,4.55,15.34,344516,5284321.88,490801.0,0.7,,16.25,18.14,-3.86,-13.88,False,45.3,29.39,12.83,-46.85,21.75,270,4.55,-1.76,-2.8,-3.1,-4.11,-45.5,False
RUSTOMJEE,NSE,EQ,INE263M01029,2026-10-09,361.2,359.0,366.0,355.55,359.0,0.61,361.71,43140,15603980.6,102376.0,0.42,,371.43,422.24,-2.75,-14.46,False,47.25,623.8,338.35,-42.1,6.75,270,0.61,-0.01,1.02,-14.82,-10.44,-38.85,False
RVHL,NSE,EQ,INE09E501017,2026-10-09,38.0,38.09,38.4,36.9,37.31,1.85,37.83,4798,181513.45,7721.0,0.62,,40.13,43.14,-5.32,-11.91,False,41.59,60.47,29.38,-37.16,29.34,270,1.85,2.07,-4.98,-15.61,-5.12,-30.71,False
RVNL,NSE,EQ,INE415G01027,2026-10-09,190.65,188.25,191.84,187.6,187.2,1.84,190.05,3974632,755380412.71,5069652.0,0.78,,211.86,254.37,-10.01,-25.05,False,35.36,387.95,187.2,-50.86,1.84,270,1.84,-3.22,-8.12,-18.06,-30.66,-43.84,False
RVTH,NSE,EQ,INE0DAB01012,2026-10-09,737.4,729.65,747.0,710.0,728.55,1.21,722.56,628,453769.05,3351.0,0.19,,711.2,718.15,3.68,2.68,False,54.43,1089.4,518.05,-32.31,42.34,270,1.21,-5.06,-2.0,2.08,17.03,-31.74,False
S&SPOWER,NSE,EQ,INE902B01017,2026-10-09,277.7,284.6,284.6,267.5,275.2,0.91,274.42,10769,2955194.25,4847.0,2.22,,318.51,338.02,-12.81,-17.85,False,32.53,423.8,204.18,-34.47,36.01,270,0.91,-5.58,-20.82,-24.64,-13.1,-29.62,False
SAAKSHI,NSE,ST,INE0PSK01027,2026-10-09,358.0,358.0,358.05,358.0,365.0,-1.92,358.03,3000,1074090.0,15150.0,0.2,,332.61,264.83,7.63,35.18,True,55.09,380.75,151.7,-5.98,135.99,268,-1.92,-1.92,7.25,21.34,86.99,99.94,True
SAATVIKGL,NSE,EQ,INE13B501022,2026-10-09,395.95,397.0,399.4,389.8,397.25,-0.33,393.94,61157,24092431.95,171938.0,0.36,,420.27,429.47,-5.79,-7.8,False,38.93,551.7,333.65,-28.23,18.67,255,-0.33,-2.37,-4.81,-11.85,-5.17,-9.64,False
SAB,NSE,EQ,INE137M01017,2026-10-08,171.0,170.0,171.0,170.0,170.0,0.59,170.84,31,5296.0,166.0,0.19,,172.87,171.04,-1.08,-0.02,True,44.6,192.6,170.0,-11.21,0.59,25,0.59,-1.81,0.4,,,,False
SABAR,NSE,ST,INE0DZ101013,2026-09-04,9.5,9.5,9.5,9.5,9.05,4.97,9.5,55000,522500.0,33250.0,1.65,,6.56,6.28,44.72,51.36,True,81.57,9.5,4.15,0.0,128.92,158,4.97,25.83,55.74,100.0,62.39,,True
SABEVENTS,NSE,EQ,INE860T01019,2026-08-04,6.63,6.63,6.63,6.63,6.32,4.91,6.63,329,2181.27,24177.0,0.01,,8.21,8.93,-19.24,-25.76,False,37.98,17.97,5.73,-63.11,15.71,198,4.91,-4.33,-20.41,-36.62,-21.26,,False
SABTNL,NSE,BE,INE416A01044,2026-02-10,1985.6,1899.0,1985.6,1796.6,1891.1,5.0,1945.01,53530,104116451.9,41248.0,1.3,,1695.14,1295.58,17.13,53.26,True,58.51,2188.7,769.75,-9.28,157.95,107,5.0,15.27,6.93,145.97,,,False
SACHEEROME,NSE,SM,INE1ARD01016,2026-10-09,480.05,490.0,490.0,476.0,489.35,-1.9,482.21,16800,8101080.0,23775.0,0.71,,470.75,391.29,1.98,22.68,True,48.31,536.85,203.0,-10.58,136.48,269,-1.9,-3.92,-6.48,22.62,35.99,129.09,True
SADBHAV,NSE,EQ,INE226H01026,2026-10-09,6.72,6.83,6.85,6.36,6.72,0.0,6.7,104477,700464.02,190438.0,0.55,,7.79,9.03,-13.72,-25.59,False,32.77,14.19,6.1,-52.64,10.16,270,0.0,-1.18,-15.89,-19.52,-27.74,-42.91,False
SADBHIN,NSE,EQ,INE764L01010,2026-10-09,2.63,2.56,2.72,2.48,2.67,-1.5,2.62,125986,330321.8,111027.0,1.13,,2.61,2.94,0.81,-10.56,False,53.12,4.31,2.14,-38.98,22.9,270,-1.5,0.38,1.15,-4.01,5.2,-32.91,False
SADHAV,NSE,SM,INE0K5H01010,2026-10-09,117.7,109.0,119.0,108.0,108.5,8.48,115.54,34200,3951630.0,16740.0,2.04,,112.65,111.84,4.48,5.24,True,58.48,124.8,93.8,-5.69,25.48,267,8.48,0.47,4.67,-1.05,5.89,4.21,True
SADHNA-RE,NSE,BE,INE888C20024,2026-03-05,0.2,0.2,0.2,0.2,0.24,-16.67,0.2,6120435,1224087.0,5182092.0,1.18,,0.6,0.63,-66.59,-68.22,False,,0.64,0.2,-68.75,0.0,4,-16.67,,,,,,False
SADHNANIQ,NSE,BE,INE888C01040,2026-10-09,2.62,2.5,2.65,2.44,2.55,2.75,2.5,1735135,4344500.37,1628906.0,1.07,,2.75,3.75,-4.84,-30.1,False,44.48,10.29,1.33,-74.54,96.99,270,2.75,6.07,-7.09,-4.38,51.45,-71.74,False
SAFARI,NSE,EQ,INE429E01023,2026-10-09,1319.6,1290.0,1326.0,1283.8,1289.3,2.35,1305.01,20759,27090671.7,42135.0,0.49,,1473.36,1656.66,-10.44,-20.35,False,28.02,2492.6,1289.3,-47.06,2.35,270,2.35,-4.29,-13.96,-19.1,-14.77,-39.7,False
SAFEENTP,NSE,SM,INE17D601016,2026-10-09,239.6,249.05,252.95,238.3,251.45,-4.71,243.02,51500,12515550.0,43825.0,1.18,,253.98,249.14,-5.66,-3.83,True,42.19,308.45,184.05,-22.32,30.18,270,-4.71,-3.09,-9.16,-14.41,2.46,30.29,True
SAGARDEEP,NSE,EQ,INE976T01013,2026-10-09,23.23,22.79,23.8,22.0,22.4,3.71,23.22,9179,213135.25,6670.0,1.38,,23.61,24.54,-1.62,-5.35,False,49.39,30.41,22.02,-23.61,5.5,270,3.71,3.15,-3.13,-5.07,0.52,-12.04,False
SAGCEM,NSE,EQ,INE229C01021,2026-10-09,142.51,144.37,145.51,141.15,144.37,-1.29,143.4,36522,5237350.62,43512.0,0.84,,157.05,183.35,-9.26,-22.27,False,29.63,254.8,142.51,-44.07,0.0,270,-1.29,-5.0,-6.13,-21.08,-22.26,-42.43,False
SAGILITY,NSE,EQ,INE0W2G01015,2026-10-09,44.0,43.5,44.63,43.4,43.35,1.5,44.14,15687806,692490244.33,13464299.0,1.17,,43.92,43.66,0.19,0.78,True,49.28,54.58,36.35,-19.38,21.05,270,1.5,1.92,-3.72,3.46,2.71,3.14,False
SAHAJSOLAR,NSE,SM,INE0P4701011,2026-10-09,88.8,85.0,94.8,85.0,85.1,4.35,88.67,20000,1773400.0,15980.0,1.25,,99.49,133.29,-10.75,-33.38,False,41.65,231.9,85.1,-61.71,4.35,270,4.35,2.6,-5.83,-28.33,-30.92,-62.04,True
SAHANA,NSE,SM,INE0LEX01011,2026-10-09,882.9,885.15,894.85,856.1,884.65,-0.2,877.73,18900,16589182.5,30352.0,0.62,,869.91,908.09,1.49,-2.77,False,52.65,1198.75,706.25,-26.35,25.01,270,-0.2,11.12,-0.56,3.61,-5.28,-17.94,True
SAHASRA,NSE,SM,INE0RBQ01018,2026-10-09,473.15,471.0,480.0,460.0,472.7,0.1,468.96,42000,19696320.0,123000.0,0.34,,369.36,320.48,28.1,47.64,True,68.8,500.9,194.1,-5.54,143.77,270,0.1,-0.82,54.75,59.18,108.16,61.37,True
SAHLIBHFI,NSE,EQ,INE861D01011,2026-10-09,77.12,78.8,79.0,76.15,77.91,-1.01,77.03,4141,318995.45,18852.0,0.22,,78.15,79.78,-1.31,-3.34,False,47.31,89.52,70.0,-13.85,10.17,125,-1.01,-2.06,-9.22,-2.86,,,False
SAHYADRI,NSE,EQ,INE280H01015,2026-10-09,327.35,335.05,339.95,325.0,338.9,-3.41,330.97,10196,3374537.7,9034.0,1.13,,347.28,303.67,-5.74,7.8,True,36.36,394.55,203.55,-17.03,60.82,270,-3.41,-7.96,-14.97,17.94,34.13,26.75,False
SAICAPI,NSE,EQ,INE531X01018,2026-10-09,150.98,145.89,156.0,145.89,143.05,5.54,149.43,107,15988.78,369.0,0.29,,151.09,150.34,-0.08,0.43,True,50.7,158.99,140.0,-5.04,7.84,37,5.54,-2.59,-0.09,,,,False
SAIFL,NSE,SM,INE0PZA01015,2026-10-09,4.15,4.15,4.15,4.1,4.15,0.0,4.13,72000,297200.0,144200.0,0.5,,4.67,8.23,-11.08,-49.54,False,37.35,19.3,4.1,-78.5,1.22,265,0.0,1.22,-8.79,-19.42,-68.2,-72.7,True
SAIL,NSE,EQ,INE114A01011,2026-10-09,171.55,168.0,175.84,167.72,166.25,3.19,172.92,42339535,7321318468.12,16172741.0,2.62,,178.63,168.64,-3.96,1.73,True,42.16,206.06,125.91,-16.75,36.25,270,3.19,-1.69,-7.82,2.14,4.34,27.57,False
SAILIFE,NSE,EQ,INE570L01029,2026-10-09,1487.9,1509.8,1518.9,1470.6,1505.6,-1.18,1489.39,429336,639450659.0,526982.0,0.81,,1489.64,1231.75,-0.12,20.8,True,42.27,1675.4,795.0,-11.19,87.16,270,-1.18,-3.46,-9.67,17.62,52.83,72.87,False
SAIPARENT,NSE,EQ,INE0H9F01037,2026-10-09,493.9,500.0,508.0,485.0,500.45,-1.31,498.41,145255,72397083.2,101091.0,1.44,,523.47,495.39,-5.65,-0.3,True,41.04,623.8,405.7,-20.82,21.74,130,-1.31,-5.68,-6.76,-16.02,17.11,,False
SAJHOTELS,NSE,ST,INE00MT01022,2026-10-09,27.5,28.5,28.5,27.5,28.5,-3.51,28.25,12000,339000.0,17000.0,0.71,,35.01,44.99,-21.45,-38.88,False,29.32,76.45,26.55,-64.03,3.58,213,-3.51,-4.35,-35.37,-23.61,-36.05,,True
SAKAR,NSE,EQ,INE732S01012,2026-10-09,1011.5,1002.0,1030.3,941.9,1002.4,0.91,975.38,243394,237402444.9,120903.0,2.01,,1009.78,766.04,0.17,32.04,True,44.37,1188.4,351.5,-14.89,187.77,270,0.91,-5.91,-12.64,22.68,87.18,182.27,False
SAKHTISUG,NSE,EQ,INE623A01011,2026-10-09,18.11,18.15,18.39,17.91,17.88,1.29,18.1,57881,1047757.59,165555.0,0.35,,18.56,18.45,-2.44,-1.84,True,45.89,22.4,13.83,-19.15,30.95,270,1.29,3.01,-9.13,8.05,11.24,-14.54,False
SAKSOFT,NSE,EQ,INE667G01023,2026-10-09,138.79,132.05,145.0,132.05,132.8,4.51,140.27,1913238,268373406.18,333135.0,5.74,,150.09,160.92,-7.53,-13.75,False,41.31,219.36,109.69,-36.73,26.53,270,4.51,-0.39,-7.46,-18.86,0.62,-29.95,False
SAKUMA,NSE,EQ,INE190H01024,2026-10-09,1.52,1.49,1.53,1.48,1.49,2.01,1.5,523298,785684.25,1065281.0,0.49,,1.61,1.84,-5.44,-17.21,False,42.94,2.97,1.11,-48.82,36.94,270,2.01,-1.3,-6.75,-11.63,-27.96,-38.21,False
SALASAR,NSE,EQ,INE170V01027,2026-10-09,4.08,4.09,4.13,3.99,4.09,-0.24,4.07,3446934,14033164.75,5846239.0,0.59,,5.13,6.53,-20.52,-37.56,False,24.85,10.79,4.04,-62.19,0.99,270,-0.24,-1.21,-20.62,-33.98,-42.86,-54.0,False
SALONA,NSE,EQ,INE498E01010,2026-10-09,269.55,272.0,278.0,266.05,277.0,-2.69,271.57,219,59474.0,745.0,0.29,,265.0,262.79,1.72,2.57,True,51.91,304.1,227.05,-11.36,18.72,270,-2.69,5.98,3.95,6.69,-0.52,6.77,False
SALSTEEL,NSE,EQ,INE658G01014,2026-10-09,85.89,87.51,91.1,85.33,88.93,-3.42,88.03,1108442,97576011.63,766793.0,1.45,,78.92,59.55,8.83,44.23,True,51.38,99.06,26.65,-13.29,222.29,270,-3.42,-13.17,7.86,52.83,106.02,204.57,False
SALZERELEC,NSE,EQ,INE457F01013,2026-10-09,497.25,510.3,511.0,492.05,510.3,-2.56,497.12,59710,29682785.55,42264.0,1.41,,553.65,618.27,-10.19,-19.57,False,22.86,916.9,491.1,-45.77,1.25,270,-2.56,-6.34,-9.68,-18.94,-13.79,-33.99,False
SAMAY,NSE,ST,INE124101010,2026-10-07,44.25,44.25,44.25,44.25,45.4,-2.53,44.25,4000,177000.0,11200.0,0.36,,44.86,41.53,-1.35,6.54,True,45.33,52.5,28.5,-15.71,55.26,182,-2.53,-3.8,2.08,13.32,-2.1,,True
SAMBANDAM,NSE,EQ,INE304D01012,2026-10-07,105.25,105.25,105.25,105.25,102.15,3.03,105.25,101,10630.25,532.0,0.19,,109.99,107.47,-4.31,-2.06,True,65.95,151.2,100.0,-30.39,5.25,32,3.03,-0.93,-8.04,,,,False
SAMBHAAV,NSE,EQ,INE699B01027,2026-10-09,5.68,6.14,6.15,5.16,5.61,1.25,5.76,100892,581084.79,54651.0,1.85,,5.96,6.6,-4.71,-13.97,False,47.18,11.02,5.1,-48.46,11.37,270,1.25,4.8,-4.7,-10.41,-8.53,-8.53,False
SAMBHV,NSE,EQ,INE12NJ01018,2026-10-09,160.41,158.0,163.59,154.65,157.31,1.97,159.95,2597526,415468477.22,7662692.0,0.34,,139.36,120.55,15.11,33.06,True,62.15,164.9,82.3,-2.72,94.91,270,1.97,-0.64,24.67,35.2,40.4,47.22,False
SAMHI,NSE,EQ,INE08U801020,2026-10-09,141.9,143.93,145.0,140.91,143.89,-1.38,142.44,783713,111630852.65,1757928.0,0.45,,157.66,168.06,-10.0,-15.57,False,32.12,206.85,128.15,-31.4,10.73,270,-1.38,-8.08,-8.81,-18.01,-10.92,-27.61,False
SAMMAANCAP,NSE,EQ,INE148I01020,2026-10-09,126.44,128.8,128.94,125.66,127.82,-1.08,126.92,4678834,593857773.65,4247298.0,1.1,,146.31,152.28,-13.58,-16.97,False,23.14,189.93,126.44,-33.43,0.0,270,-1.08,-4.56,-17.36,-24.04,-17.2,-21.4,False
SAMPANN,NSE,EQ,INE735M01018,2026-10-09,23.62,24.29,24.29,23.22,23.78,-0.67,23.56,7720,181878.28,16609.0,0.46,,25.11,27.57,-5.92,-14.32,False,38.29,42.78,23.62,-44.79,0.0,270,-0.67,-1.62,-3.0,-15.34,-19.71,-15.91,False
SANATHAN,NSE,EQ,INE0JPD01013,2026-10-09,503.2,505.15,514.45,500.45,502.65,0.11,504.03,24539,12368507.45,140341.0,0.17,,481.53,459.31,4.5,9.56,True,53.61,529.25,365.9,-4.92,37.52,270,0.11,-0.23,6.95,13.07,14.55,1.04,False
SANCO,NSE,BZ,INE782L01012,2026-06-04,2.9,3.04,3.04,2.9,3.05,-4.92,2.94,14555,42720.62,17949.0,0.81,,2.96,2.59,-2.1,11.94,True,41.6,4.05,1.69,-28.4,71.6,162,-4.92,-15.45,-3.01,26.64,53.44,,False
SANDESH,NSE,EQ,INE583B01015,2026-10-09,1014.55,1008.0,1016.0,991.0,990.35,2.44,1007.31,368,370691.75,593.0,0.62,,1022.36,1034.66,-0.76,-1.94,False,48.07,1195.6,821.8,-15.14,23.45,270,2.44,2.47,-3.48,3.44,9.94,-13.77,False
SANDHAR,NSE,EQ,INE278H01035,2026-10-09,530.3,537.7,540.3,525.1,534.15,-0.72,532.9,109550,58379241.0,121490.0,0.9,,603.01,582.77,-12.06,-9.0,True,26.2,734.65,437.0,-27.82,21.35,270,-0.72,-5.95,-15.33,-21.14,9.03,19.21,False
SANDUMA,NSE,EQ,INE149K01016,2026-10-09,177.68,177.2,180.0,175.01,179.15,-0.82,176.65,519668,91797041.65,511347.0,1.02,,192.0,222.58,-7.46,-20.17,False,37.4,264.71,168.54,-32.88,5.42,270,-0.82,0.01,-9.61,-12.61,-8.53,5.23,False
SANGAMIND,NSE,EQ,INE495C01010,2026-10-09,604.8,611.2,615.0,599.65,602.95,0.31,605.66,12875,7797847.35,53979.0,0.24,,593.21,530.27,1.95,14.05,True,50.7,645.55,396.15,-6.31,52.67,270,0.31,-4.69,4.28,8.24,33.94,38.75,False
SANGANI,NSE,SM,INE0OVI01010,2026-10-09,57.7,53.1,57.7,53.1,55.0,4.91,55.4,3000,166200.0,11775.0,0.25,,52.05,54.7,10.85,5.49,False,59.75,77.0,38.75,-25.06,48.9,191,4.91,6.56,10.96,28.94,7.15,,True
SANGHIIND,NSE,EQ,INE999B01013,2026-04-02,49.88,49.75,50.4,48.02,50.17,-0.58,49.17,674866,33184654.43,859804.0,0.78,,56.47,61.48,-11.68,-18.87,False,38.45,67.26,47.51,-25.84,4.99,141,-0.58,2.0,-16.41,-21.61,-24.06,,False
SANGHVIMOV,NSE,EQ,INE989A01032,2026-10-09,392.6,390.9,398.15,379.55,389.2,0.87,388.13,327756,127213081.5,319515.0,1.03,,435.61,390.37,-9.87,0.57,True,35.15,520.75,226.45,-24.61,73.37,270,0.87,-8.59,-11.02,-14.51,35.21,8.86,False
SANGINITA,NSE,BE,INE753W01010,2026-09-24,73.89,76.89,76.89,73.89,75.39,-1.99,76.37,296633,22653102.31,254740.0,1.16,,59.42,37.69,24.36,96.07,True,73.25,75.39,9.71,-1.99,660.97,260,-1.99,6.06,45.11,77.75,334.39,632.31,False
SANOFI,NSE,EQ,INE058A01010,2026-10-09,2945.4,2967.1,2992.1,2914.1,2979.7,-1.15,2947.26,12385,36501756.3,18746.0,0.66,,3151.73,3546.0,-6.55,-16.94,False,29.11,4807.1,2945.4,-38.73,0.0,270,-1.15,-3.03,-5.44,-13.42,-13.86,-36.66,False
SANOFICONR,NSE,EQ,INE0UOS01011,2026-10-09,3581.7,3600.5,3619.0,3540.0,3600.5,-0.52,3564.37,5792,20644845.7,6699.0,0.86,,4094.17,4438.12,-12.52,-19.3,False,15.76,5026.8,3581.7,-28.75,0.0,270,-0.52,-5.43,-12.12,-21.57,-20.04,-24.12,False
SANSERA,NSE,EQ,INE953O01021,2026-10-09,4124.7,4095.0,4190.0,4000.0,4129.4,-0.11,4105.88,263202,1080675423.4,333651.0,0.79,,3984.88,3023.57,3.51,36.42,True,47.48,4662.4,1398.7,-11.53,194.9,270,-0.11,-3.55,2.26,24.84,83.47,200.59,False
SANSTAR,NSE,EQ,INE08NE01025,2026-10-09,101.9,97.25,102.5,97.25,97.42,4.6,100.72,196520,19792684.48,145226.0,1.35,,108.43,103.01,-6.02,-1.08,True,39.81,127.43,75.78,-20.03,34.47,270,4.6,-1.07,-7.04,-10.0,25.82,7.18,False
SANWARIA,NSE,BZ,INE890C01046,2026-10-09,0.18,0.18,0.19,0.18,0.18,0.0,0.19,342280,64108.95,606583.0,0.56,,0.19,0.23,-6.43,-22.58,False,36.33,0.38,0.18,-52.63,0.0,248,0.0,-5.26,-5.26,-5.26,-14.29,,False
SAPPHIRE,NSE,EQ,INE806T01020,2026-10-09,207.08,204.5,208.91,203.0,205.11,0.96,206.17,690049,142269466.15,814616.0,0.85,,217.39,216.21,-4.74,-4.22,True,37.14,301.4,150.42,-31.29,37.67,270,0.96,-1.31,-8.62,13.38,24.15,-29.52,False
SAPPL,NSE,EQ,INE185C01017,2026-10-09,319.25,334.0,334.0,304.05,328.4,-2.79,317.12,998,316485.55,3077.0,0.32,,291.91,286.13,9.36,11.57,True,62.01,328.4,257.75,-2.79,23.86,119,-2.79,3.48,12.93,5.9,,,False
SARDAEN,NSE,EQ,INE385C01021,2026-10-09,481.15,490.0,495.0,480.0,491.9,-2.19,486.97,267382,130207483.6,318275.0,0.84,,505.79,521.46,-4.87,-7.73,False,36.31,612.7,462.4,-21.47,4.05,270,-2.19,-2.75,-7.44,-3.95,-11.15,-10.8,False
SAREGAMA,NSE,EQ,INE979A01025,2026-10-09,485.6,482.95,490.65,481.55,481.85,0.78,485.46,184810,89718008.3,355789.0,0.52,,494.83,452.42,-1.87,7.33,True,44.53,557.25,311.1,-12.86,56.09,270,0.78,-1.85,-2.31,1.34,51.3,3.51,False
SARLAPOLY,NSE,EQ,INE453D01025,2026-10-09,96.89,94.11,97.0,93.91,93.69,3.42,96.15,48070,4621956.11,46096.0,1.04,,98.39,95.94,-1.53,1.0,True,48.23,107.08,69.68,-9.52,39.05,270,3.42,5.29,-4.51,-5.69,15.68,2.43,False
SAROJA,NSE,SM,INE0PCL01011,2026-09-30,40.8,40.8,40.8,40.8,38.9,4.88,40.8,1600,65280.0,6000.0,0.27,,36.1,41.33,13.01,-1.28,False,59.95,51.75,28.0,-21.16,45.71,109,4.88,2.51,45.71,21.79,,,True
SARTELE,NSE,SM,INE0PUC01020,2026-10-09,89.35,88.9,91.7,87.45,87.45,2.17,89.01,49000,4361700.0,112475.0,0.44,,97.97,137.75,-8.8,-35.13,False,47.85,259.85,73.4,-65.61,21.73,270,2.17,-7.74,2.47,-31.35,-47.96,-50.22,True
SARVES-RE,NSE,BE,INE324X20018,2025-09-11,0.22,0.25,0.26,0.22,0.25,-12.0,0.23,14848606,3469188.96,13076740.0,1.14,,0.39,0.41,-43.96,-45.74,False,,0.41,0.22,-46.34,0.0,5,-12.0,,,,,,False
SARVESHWAR,NSE,EQ,INE324X01026,2026-10-09,3.66,3.58,3.75,3.55,3.57,2.52,3.64,2194604,7997012.25,2137389.0,1.03,,3.58,4.02,2.31,-8.99,False,54.63,6.28,2.51,-41.72,45.82,270,2.52,6.4,-9.18,2.23,-7.34,-38.49,False
SASKEN,NSE,EQ,INE231F01020,2026-10-09,1566.1,1616.5,1616.5,1551.0,1598.1,-2.0,1581.18,18939,29946016.4,25766.0,0.74,,1789.29,1698.11,-12.47,-7.77,True,30.69,2647.9,1003.4,-40.86,56.08,270,-2.0,-8.97,-17.33,-23.82,26.29,13.71,False
SASTASUNDR,NSE,EQ,INE019J01013,2026-04-29,282.6,272.5,298.4,272.5,272.1,3.86,288.72,63781,18414960.2,14248.0,4.48,,278.43,287.62,1.5,-1.74,False,60.43,329.95,256.95,-14.35,9.98,158,3.86,4.43,1.82,-4.8,-7.83,,False
SATECH,NSE,SM,INE0BSN01013,2026-10-09,35.65,36.2,36.95,33.95,36.2,-1.52,35.57,38000,1351800.0,11750.0,3.23,,37.19,41.22,-4.13,-13.52,False,44.93,58.05,31.9,-38.59,11.76,266,-1.52,-2.06,-10.99,5.32,-5.69,-36.34,True
SATIA,NSE,EQ,INE170E01023,2026-10-09,68.06,67.65,68.44,67.5,67.64,0.62,67.9,61491,4175266.71,108407.0,0.57,,64.58,64.52,5.38,5.48,True,56.78,83.12,51.16,-18.12,33.03,270,0.62,-0.41,0.34,22.79,6.26,-15.11,False
SATIN,NSE,EQ,INE836B01017,2026-10-09,223.87,217.72,224.89,216.41,217.39,2.98,221.22,167402,37032957.83,559086.0,0.3,,226.44,204.81,-1.13,9.31,True,49.06,268.87,137.25,-16.74,63.11,270,2.98,-1.58,2.93,-12.78,43.52,54.25,False
SATIPOLY,NSE,SM,INE0RPM01017,2026-10-09,33.5,33.5,33.5,33.5,33.5,0.0,33.5,500,16750.0,1775.0,0.28,,37.06,45.55,-9.61,-26.45,False,41.49,80.85,28.2,-58.57,18.79,232,0.0,3.08,-16.15,-1.18,-36.91,,True
SATKARTAR,NSE,SM,INE0NB801022,2026-10-09,136.6,141.15,141.55,136.6,143.75,-4.97,137.9,147200,20298880.0,98760.0,1.49,,148.15,153.53,-7.8,-11.03,False,40.82,205.0,116.05,-33.37,17.71,268,-4.97,-25.8,16.75,1.86,-23.34,-8.38,True
SATTVAENGG,NSE,SM,INE14DW01018,2026-10-09,57.05,60.65,60.65,57.05,58.95,-3.22,57.77,16000,924320.0,34480.0,0.46,,63.86,68.95,-10.66,-17.26,False,42.0,105.75,43.5,-46.05,31.15,265,-3.22,3.63,-6.55,-22.96,9.08,-46.58,True
SAURASHCEM,NSE,EQ,INE626A01014,2026-10-09,49.25,49.35,50.05,48.2,49.68,-0.87,49.24,96274,4740424.03,97358.0,0.99,,55.17,65.76,-10.73,-25.11,False,33.2,111.13,48.22,-55.68,2.14,270,-0.87,-7.72,-12.23,-10.78,-15.97,-52.82,False
SAVY,NSE,SM,INE0UCN01017,2026-10-09,135.25,131.0,135.25,130.1,129.6,4.36,132.9,4800,637920.0,9000.0,0.53,,134.15,137.29,0.82,-1.49,False,50.12,183.6,114.25,-26.33,18.38,252,4.36,-0.62,-0.66,8.85,7.6,,True
SAWALIYA,NSE,SM,INE10VS01016,2026-10-09,189.05,194.0,194.0,188.25,193.1,-2.1,190.61,4200,800550.0,59520.0,0.07,,206.2,256.94,-8.32,-26.42,False,52.7,338.1,143.25,-44.08,31.97,270,-2.1,6.21,11.21,-37.32,-38.22,-17.68,True
SAYAJIHOTL,NSE,EQ,INE318C01014,2026-10-08,306.6,309.0,309.0,305.0,309.0,-0.78,307.04,14,4298.5,132.0,0.11,,312.59,294.98,-1.92,3.94,True,44.91,339.35,271.05,-9.65,13.12,98,-0.78,-5.94,-2.97,2.89,,,False
SAYAJIIND,NSE,EQ,INE327G01032,2026-10-09,115.0,115.98,118.5,115.0,115.41,-0.36,116.8,998,116563.71,1250.0,0.8,,116.73,115.48,-1.48,-0.41,True,35.53,122.0,109.7,-5.74,4.83,38,-0.36,-3.77,-0.87,,,,False
SBC,NSE,EQ,INE04AK01028,2026-10-09,62.43,63.2,63.35,61.55,63.21,-1.23,62.51,17654008,1103562399.81,16473812.0,1.07,,48.93,38.67,27.6,61.46,True,84.49,63.21,22.15,-1.23,181.85,270,-1.23,6.65,33.48,47.31,97.13,190.64,False
SBCL,NSE,EQ,INE386D01027,2026-10-09,1041.6,1040.0,1060.0,1026.0,1050.6,-0.86,1045.55,116992,122320460.7,236066.0,0.5,,1019.89,765.6,2.13,36.05,True,44.71,1156.0,375.25,-9.9,177.57,270,-0.86,-2.33,-5.75,39.43,123.02,108.32,False
SBFC,NSE,EQ,INE423Y01016,2026-10-09,84.4,81.28,84.73,81.25,81.28,3.84,83.5,1798045,150128264.53,1408794.0,1.28,,90.96,94.79,-7.22,-10.96,False,36.93,118.5,80.95,-28.78,4.26,270,3.84,0.25,-13.3,-8.22,-4.57,-20.37,False
SBGLP,NSE,EQ,INE05ST01028,2026-10-09,22.2,22.49,22.94,22.05,22.5,-1.33,22.33,38949,869791.56,223343.0,0.17,,23.76,26.77,-6.56,-17.08,False,43.32,39.49,18.54,-43.78,19.74,270,-1.33,-2.42,-6.76,-11.8,-15.46,-34.59,False
SBIBPB,NSE,EQ,INF200KB1712,2026-10-09,47.29,46.86,47.41,46.54,46.59,1.5,47.24,47375,2238064.84,60022.0,0.79,,48.26,48.34,-2.02,-2.16,False,44.64,57.07,43.76,-17.14,8.07,270,1.5,1.98,-3.23,-3.31,-6.76,8.22,False
SBICARD,NSE,EQ,INE018E01016,2026-10-09,562.0,552.95,565.8,552.85,547.65,2.62,561.27,790400,443629508.0,1209718.0,0.65,,618.5,675.54,-9.14,-16.81,False,33.54,937.95,547.65,-40.08,2.62,270,2.62,-0.21,-15.87,-8.12,-16.28,-35.91,False
SBIETFCON,NSE,EQ,INF200KA1X17,2026-10-09,112.54,112.67,113.15,111.92,111.17,1.23,112.76,3473,391607.74,5800.0,0.6,,118.44,120.17,-4.98,-6.35,False,33.11,130.14,106.49,-13.52,5.68,270,1.23,0.35,-6.12,-6.91,-1.44,-9.35,False
SBIETFIT,NSE,EQ,INF200KA1S14,2026-10-09,316.22,312.48,319.09,307.0,308.48,2.51,315.83,8660,2735086.33,7547.0,1.15,,323.39,339.85,-2.22,-6.95,False,46.16,432.65,285.57,-26.91,10.73,270,2.51,0.94,-4.64,1.99,-8.98,-13.84,False
SBIETFPB,NSE,EQ,INF200KA1S22,2026-10-09,278.4,277.53,279.96,275.75,275.45,1.07,278.04,1254,348660.74,149598.0,0.01,,278.82,278.72,-0.15,-0.11,True,51.19,296.53,245.57,-6.11,13.37,270,1.07,0.05,-1.27,-2.75,2.18,3.38,False
SBIETFQLTY,NSE,EQ,INF200KA1WX6,2026-10-09,206.77,204.96,207.23,204.09,204.35,1.18,205.65,3700,760918.0,7072.0,0.52,,215.94,219.69,-4.25,-5.88,False,33.27,234.95,196.22,-11.99,5.38,270,1.18,-1.09,-5.81,-5.01,-2.53,-6.24,False
SBIFUNDS,NSE,EQ,INE640G01020,2026-10-09,500.0,499.95,503.15,494.0,499.95,0.01,497.9,1052906,524241146.65,1066118.0,0.99,,546.06,583.69,-8.44,-14.34,False,28.4,609.75,495.4,-18.0,0.93,57,0.01,-0.07,-10.02,,,,False
SBILIFE,NSE,EQ,INE123W01016,2026-10-09,1684.6,1677.7,1708.0,1672.4,1682.5,0.12,1692.06,1204479,2038053724.8,1292608.0,0.93,,1753.2,1828.51,-3.91,-7.87,False,41.7,2109.6,1654.1,-20.15,1.84,270,0.12,-2.15,-0.71,-9.57,-11.69,-5.92,False
SBILIQETF,NSE,EQ,INF200KB1969,2026-10-09,1059.62,1059.62,1059.64,1059.62,1059.18,0.04,1059.62,120203,127370093.87,217842.0,0.55,,1054.49,1040.65,0.49,1.82,True,100.0,1059.62,1007.78,0.0,5.14,269,0.04,0.1,0.44,1.2,2.49,5.16,False
SBIMIDMOM,NSE,EQ,INF200KB1AJ0,2026-10-09,60.72,60.1,60.95,59.6,60.02,1.17,60.6,12256,742680.41,65964.0,0.19,,62.57,61.84,-2.96,-1.81,True,40.36,65.0,54.47,-6.58,11.47,147,1.17,0.76,-5.26,-3.88,2.22,,False
SBIN,NSE,EQ,INE062A01020,2026-10-09,959.1,942.0,959.9,938.1,940.0,2.03,953.54,6050801,5769707422.6,8625435.0,0.7,,1000.62,1005.77,-4.15,-4.64,False,39.87,1227.8,858.25,-21.88,11.75,270,2.03,0.52,-4.85,-7.42,-9.64,9.93,False
SBINEQWETF,NSE,EQ,INF200KB1282,2026-10-09,31.09,30.72,31.12,30.67,30.67,1.37,30.98,13167,407856.47,49196.0,0.27,,32.54,32.8,-4.47,-5.21,False,36.97,34.54,29.96,-9.99,3.77,270,1.37,-1.02,-5.44,-6.5,-2.66,-2.54,False
SBINMID150,NSE,EQ,INF200KB1AK8,2026-10-09,21.69,21.61,21.73,21.42,21.52,0.79,21.59,3753,81042.66,97462.0,0.04,,22.69,22.08,-4.4,-1.76,True,33.67,23.69,20.15,-8.44,7.64,129,0.79,0.0,-6.39,-6.59,2.6,,False
SBISILVER,NSE,EQ,INF200KB1217,2026-10-09,215.06,213.14,215.5,213.14,211.15,1.85,214.71,567807,121916067.19,982037.0,0.58,,222.56,218.13,-3.37,-1.41,True,43.13,358.24,136.58,-39.97,57.46,270,1.85,0.43,-5.17,0.44,-8.95,52.58,False
SBISMLETF,NSE,EQ,INF200KB1AY9,2026-10-09,17.61,17.64,17.97,17.38,17.56,0.28,17.55,48728,855226.04,62135.0,0.78,,18.08,17.62,-2.62,-0.03,True,36.11,18.57,16.6,-5.17,6.08,96,0.28,-2.22,-5.17,-2.71,,,False
SBIVALETF,NSE,EQ,INF200KB1AX1,2026-10-09,13.68,13.39,13.83,13.39,13.6,0.59,13.7,32572,446243.35,1677574.0,0.02,,14.5,15.1,-5.66,-9.38,False,30.43,16.65,13.6,-17.84,0.59,96,0.59,-3.8,-6.11,-8.43,,,False
SCANSTL,NSE,BE,INE099G01011,2026-10-09,48.92,50.6,50.6,48.56,48.68,0.49,49.8,9167,456497.29,33527.0,0.27,,52.92,44.96,-7.56,8.81,True,39.4,65.54,33.49,-25.36,46.07,120,0.49,1.51,-16.25,3.1,,,False
SCHAEFFLER,NSE,EQ,INE513A01022,2026-10-09,3667.6,3736.7,3756.0,3621.2,3736.7,-1.85,3670.39,61956,227402502.7,51160.0,1.21,,3977.06,4004.61,-7.78,-8.42,False,27.12,4357.2,3563.3,-15.83,2.93,270,-1.85,-5.61,-7.26,-10.22,-5.59,-12.86,False
SCHAND,NSE,EQ,INE807K01035,2026-10-09,140.88,141.01,143.8,139.21,141.85,-0.68,141.02,25930,3656772.31,29385.0,0.88,,141.03,152.62,-0.11,-7.69,False,50.82,191.92,131.37,-26.59,7.24,270,-0.68,-1.87,3.1,-5.48,-8.28,-25.0,False
SCHNEIDER,NSE,EQ,INE839M01018,2026-10-09,1176.9,1192.6,1208.9,1154.9,1191.4,-1.22,1174.25,205311,241086948.3,287461.0,0.71,,1240.38,1138.72,-5.12,3.35,True,42.24,1501.0,579.2,-21.59,103.19,270,-1.22,-7.72,-4.29,-16.78,20.86,43.42,False
SCI,NSE,EQ,INE109A01011,2026-10-09,277.25,279.85,281.3,274.65,280.75,-1.25,277.84,1184879,329211508.45,2860660.0,0.41,,284.08,273.8,-2.4,1.26,True,46.54,344.7,201.74,-19.57,37.43,270,-1.25,3.82,-3.98,-2.69,16.7,24.5,False
SCILAL,NSE,EQ,INE0PB301013,2026-10-09,37.03,36.98,37.4,36.7,36.95,0.22,36.99,128953,4770535.95,291305.0,0.44,,39.09,43.11,-5.26,-14.11,False,40.6,52.94,34.92,-30.05,6.04,270,0.22,1.04,-4.49,-13.34,-11.96,-24.2,False
SCML,NSE,SM,INE460Q01014,2026-10-09,101.0,100.0,102.0,100.0,101.95,-0.93,100.07,27000,2702000.0,28600.0,0.94,,85.29,99.85,18.42,1.15,False,66.51,153.3,72.75,-34.12,38.83,259,-0.93,20.96,25.23,29.57,-27.08,27.44,True
SCODATUBES,NSE,EQ,INE090501011,2026-10-09,120.24,120.99,121.2,118.11,119.69,0.46,119.39,132010,15761016.9,394086.0,0.33,,131.08,141.46,-8.27,-15.0,False,37.26,177.4,116.68,-32.22,3.05,270,0.46,-2.24,-7.4,-19.36,-13.14,-31.97,False
SCPL,NSE,BE,INE501Y01019,2026-10-09,616.8,605.8,639.25,600.0,608.85,1.31,626.56,4871,3051966.1,7962.0,0.61,,615.81,481.44,0.16,28.12,True,44.59,682.75,194.1,-9.66,217.77,270,1.31,-0.59,-6.86,24.9,92.12,168.55,False
SDBL,NSE,EQ,INE480C01038,2026-10-09,71.2,70.82,72.49,70.0,70.48,1.02,71.27,458328,32665048.67,2669672.0,0.17,,72.57,83.58,-1.88,-14.81,False,47.02,133.16,62.31,-46.53,14.27,270,1.02,-4.99,-1.64,5.72,-6.88,-42.7,False
SDL26BEES,NSE,EQ,INF204KC1022,2026-04-27,136.94,137.17,138.4,136.0,137.58,-0.47,137.54,19549,2688678.62,102787.0,0.19,,136.99,135.39,-0.04,1.15,True,45.23,138.6,132.71,-1.2,3.19,156,-0.47,-0.44,-0.54,1.38,2.65,,False
SDREAMS,NSE,SM,INE0X6F01017,2026-10-09,81.05,81.05,81.05,81.05,83.5,-2.93,81.05,1000,81050.0,8000.0,0.12,,84.9,92.49,-4.54,-12.37,False,43.92,130.0,68.9,-37.65,17.63,237,-2.93,0.06,-10.04,-10.93,-4.65,,True
SEAMECLTD,NSE,EQ,INE497B01018,2026-10-09,1571.2,1578.0,1590.9,1520.0,1572.7,-0.1,1562.17,68637,107222778.5,54644.0,1.26,,1631.16,1444.09,-3.68,8.8,True,36.41,1793.6,790.7,-12.4,98.71,270,-0.1,-1.47,-11.86,10.27,3.97,71.55,False
SECL,NSE,ST,INE00Y701026,2026-06-22,3.0,3.0,3.0,3.0,3.15,-4.76,3.0,6250,18750.0,33333.0,0.19,,4.95,5.62,-39.41,-46.59,False,0.0,5.9,3.0,-49.15,0.0,18,-4.76,-16.67,,,,,True
SECLEDBETA,NSE,EQ,INF789F1AH42,2026-10-09,13.8,13.97,13.97,13.65,14.12,-2.27,13.76,9511,130830.44,279329.0,0.03,,14.17,14.23,-2.6,-3.01,False,55.7,14.92,13.66,-7.51,1.02,15,-2.27,1.02,,,,,False
SECMARK,NSE,EQ,INE0BTM01013,2026-10-09,149.52,141.95,159.2,138.01,139.8,6.95,149.23,16554,2470282.83,3525.0,4.7,,136.98,128.07,9.16,16.75,True,60.65,163.27,97.53,-8.42,53.31,269,6.95,8.76,7.31,19.41,36.06,27.16,False
SECURKLOUD,NSE,EQ,INE650K01021,2026-10-09,15.12,15.45,15.45,14.91,15.17,-0.33,15.31,39336,602420.28,25323.0,1.55,,17.21,19.85,-12.17,-23.81,False,25.2,31.08,15.12,-51.35,0.0,270,-0.33,-9.84,-11.01,-19.75,-38.21,-33.42,False
SEDEMAC,NSE,EQ,INE00XB01019,2026-10-09,3229.8,3246.2,3317.1,3210.2,3232.1,-0.07,3272.13,206643,676162922.6,271413.0,0.76,,3081.04,2414.41,4.83,33.77,True,51.07,3547.8,1441.3,-8.96,124.09,144,-0.07,-5.91,12.63,17.64,97.65,,False
SEIL,NSE,EQ,INE440T01028,2026-10-09,178.68,178.17,181.49,176.82,178.12,0.31,178.98,124912,22357108.12,217196.0,0.58,,195.67,193.72,-8.68,-7.76,True,32.89,234.87,178.12,-23.92,0.31,120,0.31,-4.29,-10.03,-18.88,,,False
SEJALLTD,NSE,EQ,INE955I01044,2026-10-09,670.3,678.6,689.0,650.15,678.55,-1.22,672.43,9204,6189029.45,24446.0,0.38,,682.98,693.55,-1.86,-3.35,False,49.16,987.35,401.05,-32.11,67.14,270,-1.22,2.1,2.91,-11.2,31.26,-12.66,False
SEKURITIND,NSE,EQ,INE068B01017,2026-10-09,106.98,107.5,108.8,105.21,107.41,-0.4,107.3,18684,2004732.42,24173.0,0.77,,113.06,116.09,-5.38,-7.84,False,47.72,121.66,106.86,-12.07,0.11,38,-0.4,-2.02,-5.49,,,,False
SEL,NSE,SM,INE0O3O01017,2026-10-09,320.0,320.0,320.0,320.0,320.0,0.0,320.0,600,192000.0,2980.0,0.2,,305.44,248.45,4.77,28.8,True,47.52,372.15,120.0,-14.01,166.67,249,0.0,-1.54,0.64,72.04,91.62,,True
SELAN,NSE,EQ,INE818A01017,2025-09-19,567.9,575.0,579.65,565.7,579.8,-2.05,571.49,22992,13139601.35,26326.0,0.87,,564.2,564.33,0.66,0.63,False,,585.9,549.85,-3.07,3.28,11,-2.05,2.96,,,,,False
SELECTIPO,NSE,EQ,INF769K01ON4,2026-10-09,45.57,45.35,45.7,45.0,45.21,0.8,45.38,38512,1747748.94,67331.0,0.57,,47.18,46.08,-3.42,-1.12,True,36.66,49.9,38.16,-8.68,19.42,270,0.8,0.2,-6.77,-3.15,10.96,-4.9,False
SELLOWRAP,NSE,SM,INE0IJF01013,2026-10-09,60.0,60.55,64.1,60.0,62.0,-3.23,61.82,68800,4253200.0,14880.0,4.62,,66.61,76.43,-9.92,-21.5,False,38.04,112.1,58.35,-46.48,2.83,205,-3.23,-3.23,-15.49,-18.81,-17.47,,True
SELMC,NSE,BE,INE105I01020,2026-10-05,23.84,24.02,24.97,23.84,25.09,-4.98,23.88,24005,573149.03,32169.0,0.75,,27.76,29.32,-14.11,-18.69,False,30.71,43.36,23.84,-45.02,0.0,254,-4.98,-17.25,-12.39,-19.57,-19.68,-21.96,False
SEMAC,NSE,EQ,INE617A01013,2026-10-09,230.16,218.9,232.98,218.9,217.81,5.67,225.28,1206,271688.0,1093.0,1.1,,274.82,316.41,-16.25,-27.26,False,34.37,508.95,209.77,-54.78,9.72,268,5.67,-4.89,-19.51,-29.18,-4.5,-53.12,False
SENCO,NSE,EQ,INE602W01027,2026-10-09,334.75,335.85,338.05,323.85,337.1,-0.7,331.11,5075919,1680693505.8,3375903.0,1.5,,344.11,344.83,-2.72,-2.92,False,48.63,418.65,278.85,-20.04,20.05,270,-0.7,5.47,-7.49,-7.57,0.22,-2.53,False
SENORES,NSE,EQ,INE0RB801010,2026-10-09,1320.0,1328.8,1344.4,1306.3,1325.6,-0.42,1321.33,141415,186855961.7,238831.0,0.59,,1387.19,1158.64,-4.84,13.93,True,39.71,1550.9,709.0,-14.89,86.18,270,-0.42,-2.19,-12.57,-6.9,68.53,91.83,False
SENSEXADD,NSE,EQ,INF740KA1SZ6,2026-10-09,75.01,74.01,75.3,74.01,74.01,1.35,74.96,1830,137170.34,3261.0,0.56,,77.48,79.72,-3.19,-5.91,False,36.48,87.94,73.88,-14.7,1.53,270,1.35,-0.2,-4.21,-6.3,-6.53,-8.72,False
SENSEXAXIS,NSE,EQ,INF846K010Q0,2026-10-09,75.2,74.33,75.56,74.33,74.33,1.17,75.11,6386,479671.19,12503.0,0.51,,77.98,79.9,-3.56,-5.89,False,37.15,81.82,74.33,-8.09,1.17,69,1.17,0.6,-4.5,-6.55,,,False
SENSEXBETA,NSE,EQ,INF789FB1X58,2026-10-09,800.77,796.0,811.79,793.34,793.67,0.89,800.88,1769,1416750.52,14340.0,0.12,,831.91,861.43,-3.74,-7.04,False,35.62,941.29,791.43,-14.93,1.18,195,0.89,0.43,-4.82,-6.45,-6.25,,False
SENSEXETF,NSE,EQ,INF769K01KT9,2026-10-09,75.01,73.9,75.1,72.44,73.92,1.47,74.72,42572,3181187.67,44275.0,0.96,,77.46,79.76,-3.16,-5.96,False,38.63,87.86,73.91,-14.63,1.49,270,1.47,0.78,-4.07,-6.16,-5.65,-8.78,False
SENSEXIETF,NSE,EQ,INF346A01034,2026-10-09,833.07,826.58,836.98,826.46,822.46,1.29,832.43,8733,7269622.4,33056.0,0.26,,863.31,889.03,-3.5,-6.29,False,35.99,979.95,822.46,-14.99,1.29,270,1.29,0.43,-4.47,-6.35,-6.09,-9.06,False
SEPC,NSE,EQ,INE964H01014,2026-10-09,5.28,4.96,5.47,4.86,4.93,7.1,5.29,77230352,408818259.1,11025126.0,7.0,,5.5,7.06,-4.03,-25.24,False,51.55,12.16,4.65,-56.58,13.55,270,7.1,3.94,-1.12,-19.51,-24.79,-55.85,False
SEQUENT,NSE,EQ,INE807F01027,2026-01-22,201.17,195.0,202.0,195.0,193.98,3.71,199.21,364240,72559016.73,643258.0,0.57,,206.54,198.96,-2.6,1.11,True,47.65,252.0,181.42,-20.17,10.89,95,3.71,4.47,-7.86,-2.19,,,False
SERVICE,NSE,SM,INE0P1Q01015,2026-10-06,69.15,71.3,71.3,68.8,69.2,-0.07,69.23,18000,1246200.0,19900.0,0.9,,64.39,56.85,7.39,21.64,True,60.58,72.0,40.45,-3.96,70.95,189,-0.07,4.22,2.67,44.67,68.66,,True
SERVOTECH,NSE,EQ,INE782X01033,2026-10-09,69.05,68.23,69.88,67.51,68.56,0.71,68.93,376203,25933009.18,486010.0,0.77,,78.02,88.21,-11.49,-21.72,False,33.71,132.71,58.84,-47.97,17.35,270,0.71,-0.22,-12.66,-30.19,-10.51,-44.22,False
SESHAPAPER,NSE,EQ,INE630A01024,2026-10-09,222.49,230.2,232.31,219.99,229.99,-3.26,224.71,102155,22955290.47,61430.0,1.66,,236.51,241.42,-5.93,-7.84,False,29.19,279.35,213.86,-20.35,4.04,270,-3.26,-5.86,-8.81,-0.92,-14.46,-11.8,False
SETCO,NSE,BE,INE878E01021,2026-10-09,17.86,18.64,18.64,17.51,18.11,-1.38,17.95,23895,428966.96,50569.0,0.47,,17.85,18.16,0.06,-1.65,False,50.8,28.62,12.03,-37.6,48.46,270,-1.38,-1.49,4.57,-7.37,-25.52,6.82,False
SETF10GILT,NSE,EQ,INF200KA1JT1,2026-10-09,260.8,261.0,261.0,258.95,260.51,0.11,260.87,483,125998.26,3688.0,0.13,,262.86,261.53,-0.78,-0.28,True,41.2,267.1,253.86,-2.36,2.73,270,0.11,-0.08,-1.59,-1.76,1.21,1.32,False
SETFGOLD,NSE,EQ,INF200KA16D8,2026-10-09,126.61,126.12,126.89,125.81,124.77,1.47,126.54,3098688,392119578.14,5225583.0,0.59,,127.58,123.46,-0.76,2.55,True,47.19,151.15,99.56,-16.24,27.17,270,1.47,1.01,-2.49,3.9,-1.25,27.71,False
SETFNIF50,NSE,EQ,INF200KA1FS1,2026-10-09,243.23,239.71,243.49,239.05,239.71,1.47,242.4,529474,128344068.51,1019415.0,0.52,,252.58,258.91,-3.7,-6.06,False,35.55,281.21,239.35,-13.51,1.62,270,1.47,0.38,-4.75,-6.46,-5.41,-7.4,False
SETFNIFBK,NSE,EQ,INF200KA1580,2026-10-09,568.75,562.0,569.6,562.0,559.43,1.67,567.15,108046,61278396.57,104652.0,1.03,,577.86,580.36,-1.58,-2.0,False,45.14,630.36,515.85,-9.77,10.25,270,1.67,1.41,-2.65,-4.5,-0.3,1.77,False
SETFNN50,NSE,EQ,INF200KA1598,2026-10-09,731.64,729.0,734.49,723.22,728.39,0.45,729.66,26226,19136118.31,36942.0,0.71,,767.93,755.15,-4.73,-3.11,True,30.54,803.25,642.67,-8.92,13.84,270,0.45,-1.46,-6.37,-5.49,3.57,1.23,False
SETL,NSE,EQ,INE0M4D01010,2026-10-09,387.95,401.0,408.0,387.95,408.35,-5.0,389.41,1281256,498939306.2,846015.0,1.51,,368.08,246.97,5.4,57.08,True,45.73,468.15,105.65,-17.13,267.2,179,-5.0,-6.96,-4.09,33.45,189.34,,False
SETUINFRA,NSE,BZ,INE023M01027,2026-10-09,0.46,0.48,0.48,0.46,0.47,-2.13,0.46,14767,6808.78,40732.0,0.36,,0.51,0.5,-10.23,-8.7,True,29.11,0.73,0.38,-36.99,21.05,235,-2.13,-9.8,-24.59,6.98,12.2,,False
SEYAIND,NSE,BE,INE573R01012,2026-10-09,12.5,12.87,12.87,12.5,12.75,-1.96,12.54,4300,53917.96,9674.0,0.44,,12.89,13.76,-3.02,-9.15,False,41.15,23.99,8.71,-47.89,43.51,238,-1.96,-5.23,2.21,-3.85,18.82,,False
SFL,NSE,EQ,INE916U01025,2026-10-09,603.65,606.0,613.1,595.5,606.05,-0.4,603.04,94248,56835522.9,148525.0,0.63,,658.17,650.79,-8.28,-7.24,True,30.6,808.95,465.05,-25.38,29.8,270,-0.4,-2.11,-10.7,-21.12,15.43,-9.02,False
SFML,NSE,SM,INE0U6N01014,2026-10-09,19.0,19.0,19.0,19.0,20.4,-6.86,19.0,1600,30400.0,6800.0,0.24,,21.65,26.04,-12.25,-27.05,False,36.35,41.55,17.7,-54.27,7.34,239,-6.86,-5.24,-12.24,-19.15,-25.49,,True
SGFIN,NSE,EQ,INE618R01015,2026-10-09,676.05,651.1,688.8,639.3,645.9,4.67,670.03,844383,565759018.75,436570.0,1.93,,646.73,563.82,4.53,19.91,True,58.3,709.85,334.75,-4.76,101.96,270,4.67,7.0,-0.01,5.98,49.8,89.61,False
SGIL,NSE,EQ,INE00QT01015,2026-10-09,616.2,618.65,638.2,605.0,606.35,1.62,612.3,3629,2222035.3,12961.0,0.28,,604.02,569.37,2.02,8.23,True,51.01,668.5,458.65,-7.82,34.35,270,1.62,0.38,4.71,2.05,22.07,16.07,False
SGL,NSE,EQ,INE353H01010,2026-10-09,9.49,9.3,9.64,9.03,9.14,3.83,9.47,19327,182940.15,20854.0,0.93,,9.62,10.92,-1.36,-13.07,False,51.92,15.54,8.5,-38.93,11.65,270,3.83,11.65,-3.85,-7.59,-23.9,-38.05,False
SGLRES,NSE,EQ,INE967B01028,2026-10-09,2.42,2.27,2.48,2.24,2.26,7.08,2.37,78323,185636.29,61532.0,1.27,,2.42,2.53,-0.07,-4.25,False,47.38,2.59,2.18,-6.56,11.01,38,7.08,6.61,-3.97,,,,False
SGLTL,NSE,EQ,INE0M4D01010,2026-01-16,137.32,135.98,138.66,135.78,135.98,0.99,137.06,114262,15660904.24,260038.0,0.44,,153.54,171.62,-10.56,-19.98,False,34.09,197.14,135.98,-30.34,0.99,91,0.99,-1.75,-10.46,-22.44,,,False
SGMART,NSE,EQ,INE385F01024,2026-10-09,775.6,744.0,779.85,736.0,743.45,4.32,764.59,305426,233524841.5,251484.0,1.21,,737.84,604.24,5.12,28.36,True,57.49,842.3,319.35,-7.92,142.87,265,4.32,4.5,-4.19,17.79,47.79,115.15,False
SGRL,NSE,EQ,INE414Y01015,2026-10-09,678.65,719.85,719.85,671.35,706.25,-3.91,691.13,18591,12848743.3,22506.0,0.83,,636.16,571.81,6.68,18.68,True,49.79,735.55,501.05,-7.74,35.45,38,-3.91,-2.25,-2.49,,,,False
SHADOWFAX,NSE,EQ,INE12UN01015,2026-10-09,294.85,288.0,301.25,286.15,286.1,3.06,293.37,5710244,1675218141.85,4769050.0,1.2,,259.15,199.21,13.77,48.01,True,64.57,294.85,100.85,0.0,192.36,173,3.06,7.94,18.06,29.25,137.25,,False
SHAH,NSE,EQ,INE482J01021,2026-10-09,2.96,2.95,3.02,2.92,2.95,0.34,2.97,310751,923891.23,1161796.0,0.27,,3.54,4.19,-16.3,-29.33,False,32.03,5.78,2.95,-48.79,0.34,270,0.34,-2.31,-11.9,-36.34,-40.32,-18.9,False
SHAH-RE1,NSE,BE,INE482J20021,2026-06-19,0.06,0.08,0.08,0.06,0.07,-14.29,0.07,9404841,614085.21,1677841.0,5.61,,0.03,0.02,122.77,174.52,True,,0.07,0.02,-14.29,200.0,7,-14.29,100.0,,,,,False
SHAHALLOYS,NSE,BE,INE640C01011,2026-10-09,78.62,80.5,81.88,77.71,80.0,-1.72,79.24,1595,126393.28,27278.0,0.06,,84.88,74.9,-7.37,4.96,True,33.72,113.0,56.75,-30.42,38.54,270,-1.72,-7.91,-21.45,6.82,19.9,17.15,False
SHAHINVEST,NSE,BE,INE029N01014,2026-10-09,151.19,150.56,155.31,150.56,158.48,-4.6,150.86,254452,38387585.04,828534.0,0.31,,172.07,173.35,-12.14,-12.78,False,,173.79,151.19,-13.0,0.0,4,-4.6,,,,,,False
SHAILY,NSE,EQ,INE151G01028,2026-10-09,3063.4,3063.0,3078.5,3011.0,3053.0,0.34,3042.05,58708,178592565.5,145778.0,0.4,,3129.02,2774.99,-2.1,10.39,True,44.11,3457.9,1821.6,-11.41,68.17,270,0.34,1.8,-10.11,10.7,52.87,40.72,False
SHAIVAL,NSE,ST,INE262S01010,2026-09-17,33.0,33.0,33.0,33.0,33.0,0.0,33.0,7200,237600.0,37200.0,0.19,,32.08,32.02,2.88,3.06,True,,33.0,32.0,0.0,3.12,3,0.0,,,,,,True
SHAKTIPUMP,NSE,EQ,INE908D01010,2026-10-09,419.0,427.3,430.5,416.05,426.65,-1.79,420.2,577981,242868628.65,1179311.0,0.49,,481.09,557.95,-12.91,-24.9,False,26.67,823.55,419.0,-49.12,0.0,270,-1.79,-7.73,-11.42,-27.67,-18.96,-48.71,False
SHALBY,NSE,EQ,INE597J01018,2026-10-09,131.84,131.0,132.89,129.9,130.42,1.09,131.09,51038,6690768.93,137018.0,0.37,,147.31,166.45,-10.5,-20.79,False,34.8,266.25,126.8,-50.48,3.97,270,1.09,-1.28,-12.0,-23.15,-13.38,-50.16,False
SHALPAINTS,NSE,BE,INE849C01026,2026-10-09,76.3,75.92,77.99,75.0,76.16,0.18,76.38,72649,5548692.15,103293.0,0.7,,76.72,67.3,-0.55,13.37,True,45.07,91.45,36.08,-16.57,111.47,270,0.18,-2.6,-9.3,49.87,56.83,-11.48,False
SHANKARA,NSE,EQ,INE274V01019,2026-10-09,117.57,116.01,121.82,113.01,115.3,1.97,115.71,127411,14742886.98,110446.0,1.15,,135.76,197.19,-13.4,-40.38,False,28.59,187.53,99.97,-37.31,17.61,270,1.97,-5.49,-20.74,-10.07,-3.5,-40.44,False
SHANKESH,NSE,EQ,INE1WFC01025,2026-10-09,93.03,92.19,93.94,90.11,91.84,1.3,91.96,1980739,182145660.7,5811446.0,0.34,,93.41,94.4,-0.41,-1.45,False,48.26,102.37,87.93,-9.12,5.8,32,1.3,5.8,-1.96,,,,False
SHANTHALA,NSE,SM,INE0Q9Q01017,2026-10-09,13.8,14.0,14.0,13.8,14.2,-2.82,13.85,4800,66480.0,6600.0,0.73,,18.42,26.96,-25.1,-48.82,False,35.05,42.1,13.5,-67.22,2.22,184,-2.82,-1.78,-20.0,-44.8,-56.6,,True
SHANTI,NSE,EQ,INE933X01016,2026-10-09,5.68,5.68,5.69,5.5,5.56,2.16,5.64,30037,169384.43,43772.0,0.69,,6.07,6.98,-6.4,-18.68,False,43.91,11.79,5.15,-51.82,10.29,270,2.16,3.27,-12.07,-15.1,-19.89,-43.82,False
SHANTI-RE,NSE,BE,INE06ZD20017,2026-08-18,28.49,44.0,44.0,25.65,32.92,-13.46,31.85,178506,5685860.7,181797.0,0.98,,24.07,23.66,18.37,20.4,True,,32.92,23.52,-13.46,21.13,3,-13.46,,,,,,False
SHANTIGEAR,NSE,EQ,INE631A01022,2026-10-09,562.4,557.0,566.8,532.15,557.0,0.97,553.1,72990,40370859.85,96819.0,0.75,,567.35,502.29,-0.87,11.97,True,41.38,725.45,386.65,-22.48,45.45,270,0.97,-1.96,-20.11,27.07,22.59,8.3,False
SHANTIGOLD,NSE,EQ,INE06ZD01017,2026-10-09,380.55,356.0,389.9,351.0,350.65,8.53,375.58,10493143,3941005191.05,5339499.0,1.97,,273.18,234.34,39.3,62.4,True,79.64,380.55,156.63,0.0,142.96,270,8.53,25.37,44.01,79.43,106.3,77.92,False
SHANTIINOR,NSE,SM,INE1ZEE01019,2026-10-09,199.35,203.0,208.55,198.0,202.45,-1.53,202.42,75200,15222320.0,207760.0,0.36,,176.3,168.94,13.08,18.0,True,51.84,205.4,159.85,-2.95,24.71,23,-1.53,15.26,24.71,,,,True
SHARDACROP,NSE,EQ,INE221J01015,2026-10-09,723.9,725.0,733.0,720.1,725.8,-0.26,728.0,40201,29266181.4,97476.0,0.41,,777.01,874.66,-6.84,-17.24,False,39.98,1256.0,709.2,-42.36,2.07,270,-0.26,2.07,-9.05,-20.86,-31.21,-11.91,False
SHARDAMOTR,NSE,EQ,INE597I01028,2026-10-09,872.3,888.85,894.15,869.1,884.4,-1.37,880.99,48253,42510308.6,82245.0,0.59,,912.45,904.39,-4.4,-3.55,True,36.84,1174.4,708.0,-25.72,23.21,270,-1.37,-6.08,-2.07,0.54,8.74,-16.61,False
SHARDUL,NSE,BE,INE037B01020,2026-10-09,58.2,58.0,58.2,55.43,57.02,2.07,57.56,1988,114437.23,21914.0,0.09,,52.09,39.52,11.74,47.28,True,66.68,59.39,26.57,-2.0,119.04,120,2.07,0.38,7.72,73.21,,,False
SHAREINDIA,NSE,EQ,INE932X01026,2026-10-09,182.71,187.28,191.39,181.0,185.9,-1.72,187.01,1540477,288086747.7,7792612.0,0.2,,189.41,165.28,-3.54,10.55,True,37.96,228.15,117.38,-19.92,55.66,270,-1.72,-10.91,6.9,1.88,30.86,42.83,False
SHARIABEES,NSE,EQ,INF732E01128,2026-10-09,422.16,416.86,423.47,416.73,415.89,1.51,420.41,9293,3906832.07,9260.0,1.0,,443.02,464.49,-4.71,-9.11,False,33.89,522.78,415.89,-19.25,1.51,270,1.51,-0.26,-5.39,-6.62,-9.72,-12.58,False
SHBAJRG,NSE,EQ,INE402H01015,2026-10-09,166.63,161.0,167.79,158.5,161.66,3.07,164.19,2770,454799.12,7341.0,0.38,,167.33,174.6,-0.42,-4.56,False,52.11,203.95,151.35,-18.3,10.1,120,3.07,-3.31,6.89,-9.76,,,False
SHEEL,NSE,SM,INE0YJV01017,2026-10-09,62.0,62.7,63.0,57.0,60.0,3.33,59.97,74000,4437600.0,12300.0,6.02,,61.88,64.95,0.19,-4.54,False,50.29,95.55,39.0,-35.11,58.97,216,3.33,2.99,4.11,25.38,2.9,,True
SHEETAL,NSE,SM,INE04VX01019,2026-10-09,343.5,343.05,349.95,340.0,353.5,-2.83,344.99,3500,1207475.0,6400.0,0.55,,339.29,276.98,1.24,24.02,True,44.27,359.0,140.4,-4.32,144.66,270,-2.83,-4.32,-1.86,16.42,39.1,141.48,True
SHEKHAWATI,NSE,BE,INE268L01046,2026-10-09,23.31,23.31,23.31,23.31,24.53,-4.97,23.31,20787,484544.97,83675.0,0.25,,21.01,17.51,10.95,33.11,True,49.03,31.68,9.35,-26.42,149.3,270,-4.97,-22.56,38.67,69.53,100.95,11.37,False
SHEMAROO,NSE,EQ,INE363M01019,2026-10-09,101.86,102.95,105.78,98.51,102.95,-1.06,101.47,6223,631469.27,10347.0,0.6,,119.08,114.54,-14.46,-11.07,True,25.15,138.09,74.21,-26.24,37.26,270,-1.06,-11.59,-18.71,-20.89,5.45,-9.06,False
SHERA,NSE,SM,INE0MM001019,2026-10-09,195.0,195.85,196.5,195.0,194.65,0.18,195.15,58000,11318800.0,69550.0,0.83,,181.0,157.85,7.74,23.53,True,57.64,198.5,100.15,-1.76,94.71,268,0.18,2.63,4.84,24.2,61.83,55.75,True
SHERVANI,NSE,EQ,INE011D01013,2026-10-08,315.0,315.4,315.4,315.0,321.05,-1.88,315.4,101,31855.0,273.0,0.37,,332.52,342.1,-5.27,-7.92,False,36.06,352.5,304.0,-10.64,3.62,34,-1.88,-3.08,-0.02,,,,False
SHETHJI,NSE,SM,INE1FL101016,2026-10-09,185.0,185.0,185.0,184.5,183.5,0.82,184.78,7000,1293450.0,28200.0,0.25,,178.84,149.96,3.45,23.36,True,50.81,213.3,97.75,-13.27,89.26,225,0.82,0.46,-13.27,22.07,51.52,,True
SHIGAN,NSE,SM,INE03KJ01013,2026-10-09,64.1,63.0,64.1,63.0,63.0,1.75,63.55,3000,190650.0,11850.0,0.25,,65.36,65.67,-1.93,-2.39,False,49.3,88.0,41.25,-27.16,55.39,230,1.75,9.95,-9.72,-15.55,9.95,,True
SHILCTECH,NSE,EQ,INE024F01011,2026-10-09,3925.3,3947.0,3994.0,3902.2,3944.0,-0.47,3933.79,6613,26014173.0,14936.0,0.44,,4109.06,4156.13,-4.47,-5.55,False,41.06,5311.6,2923.4,-26.1,34.27,217,-0.47,-2.67,-6.82,-12.47,-8.45,,False
SHILGRAVQ,NSE,EQ,INE960A01017,2026-10-09,142.42,144.0,147.0,140.9,141.99,0.3,143.43,2187,313685.51,10886.0,0.2,,152.73,156.6,-6.75,-9.06,False,46.14,170.07,139.35,-16.26,2.2,38,0.3,2.2,-5.19,,,,False
SHILPAMED,NSE,EQ,INE790G01031,2026-10-09,1021.7,1025.4,1048.2,991.4,1025.3,-0.35,1017.32,397778,404667935.5,868823.0,0.46,,908.8,669.82,12.42,52.53,True,55.63,1073.7,267.0,-4.84,282.66,270,-0.35,-3.98,6.44,62.91,153.08,35.65,False
SHINDL,NSE,EQ,INE220Z01013,2026-10-09,155.8,157.8,157.8,155.0,158.39,-1.64,156.53,98028,15344013.52,193586.0,0.51,,160.21,155.43,-2.75,0.24,True,35.05,165.38,144.05,-5.79,8.16,120,-1.64,-2.09,-3.02,-1.67,,,False
SHIPROCKET,NSE,EQ,INE0FOO01011,2026-10-09,130.18,129.9,133.11,126.69,129.1,0.84,130.33,2934274,382418273.69,3982722.0,0.74,,131.61,139.13,-1.09,-6.43,False,50.38,143.45,119.98,-9.25,8.5,36,0.84,8.5,-3.41,,,,False
SHIVAAGRO,NSE,EQ,INE960E01019,2026-10-09,40.0,39.2,40.0,38.5,39.03,2.49,39.09,687,26857.23,2766.0,0.25,,39.7,38.94,0.77,2.73,True,58.06,42.96,37.9,-6.89,5.54,38,2.49,1.99,-6.89,,,,False
SHIVACEM,NSE,EQ,INE555C01029,2026-10-09,12.79,12.9,13.19,12.57,12.95,-1.24,12.79,86117,1101396.72,121334.0,0.71,,15.48,16.63,-17.4,-23.11,False,19.07,17.21,12.7,-25.68,0.71,38,-1.24,-4.12,-20.66,,,,False
SHIVALIK,NSE,EQ,INE788J01021,2026-10-09,349.45,351.95,353.9,343.4,351.95,-0.71,348.88,35157,12265417.4,126002.0,0.28,,336.63,311.35,3.81,12.24,True,45.46,462.35,209.5,-24.42,66.8,270,-0.71,-11.32,8.95,58.87,28.0,-20.13,False
SHIVAMAUTO,NSE,EQ,INE637H01024,2026-10-09,18.0,17.76,18.38,16.9,16.84,6.89,17.89,202603,3624753.14,107508.0,1.88,,17.23,19.36,4.44,-7.03,False,57.43,31.73,13.34,-43.27,34.93,270,6.89,5.45,5.7,-6.44,-1.8,-43.07,False
SHIVAMILLS,NSE,EQ,INE644Y01017,2026-10-09,59.58,60.09,60.09,58.0,60.11,-0.88,59.12,321,18977.75,1181.0,0.27,,60.43,61.29,-1.4,-2.79,False,48.9,71.93,44.99,-17.17,32.43,269,-0.88,5.28,-4.87,0.9,22.02,-16.07,False
SHIVASHRIT,NSE,SM,INE1DLF01018,2026-10-09,116.1,116.45,118.35,114.0,115.15,0.83,115.74,41000,4745450.0,56350.0,0.73,,118.27,123.59,-1.83,-6.06,False,48.73,140.95,105.0,-17.63,10.57,261,0.83,2.07,-0.56,-5.49,5.59,-14.88,True
SHIVATEX,NSE,EQ,INE705C01020,2026-10-09,165.1,165.03,168.51,165.02,165.29,-0.11,167.91,842,141381.44,3900.0,0.22,,168.15,165.58,-1.82,-0.29,True,43.48,193.62,127.07,-14.73,29.93,270,-0.11,-4.35,-7.09,7.77,13.07,-10.98,False
SHIVAUM,NSE,EQ,INE719F01016,2026-10-09,552.75,551.5,555.0,551.5,551.5,0.23,553.45,1567,867248.7,92997.0,0.02,,479.57,391.53,15.26,41.18,True,79.76,558.95,275.0,-1.11,101.0,211,0.23,-0.33,19.85,30.06,59.02,,False
SHK,NSE,EQ,INE500L01026,2026-10-09,136.61,135.11,139.0,135.11,136.13,0.35,136.88,182502,24980299.19,347842.0,0.52,,144.28,156.25,-5.31,-12.57,False,41.63,240.19,112.34,-43.12,21.6,270,0.35,-0.91,-6.17,4.35,1.9,-40.82,False
SHKSIL,NSE,SM,INE0NON01025,2026-10-09,31.3,31.15,31.3,31.15,32.5,-3.69,31.22,4000,124900.0,8400.0,0.48,,35.14,46.09,-10.92,-32.08,False,41.76,76.5,30.45,-59.08,2.79,211,-3.69,-2.19,-7.94,-14.83,-28.13,,True
SHOPERSTOP,NSE,EQ,INE498B01024,2026-10-09,385.1,381.0,392.45,377.1,384.7,0.1,382.18,19629,7501893.1,402290.0,0.05,,393.73,391.44,-2.19,-1.62,True,43.48,532.45,287.15,-27.67,34.11,270,0.1,-4.84,1.13,5.43,29.36,-25.81,False
SHRADDHA,NSE,EQ,INE311M01018,2026-10-09,161.45,161.99,163.89,160.1,158.87,1.62,161.88,13979,2262953.99,13946.0,1.0,,153.7,151.8,5.04,6.36,True,61.24,166.72,144.78,-3.16,11.51,38,1.62,4.09,4.33,,,,False
SHRADHA,NSE,EQ,INE715Y01031,2026-10-09,29.53,30.59,30.59,29.1,30.03,-1.67,29.56,2251,66537.9,15264.0,0.15,,31.59,36.43,-6.52,-18.94,False,41.72,49.97,27.05,-40.9,9.17,270,-1.67,-1.2,-3.65,-9.05,-15.31,-33.63,False
SHRADHA-RE,NSE,BE,INE715Y20015,2025-09-29,4.12,3.6,4.84,2.55,3.63,13.5,3.23,256499,829297.0,330071.0,0.78,,4.45,4.49,-7.42,-8.33,False,,4.51,3.63,-8.65,13.5,4,13.5,,,,,,False
SHREDIGCEM,NSE,EQ,INE232A01011,2026-10-09,62.68,62.4,63.48,60.61,62.4,0.45,62.26,71101,4426740.1,73632.0,0.97,,69.33,74.27,-9.59,-15.6,False,31.71,92.21,55.48,-32.02,12.98,270,0.45,-6.01,-13.66,-15.96,-9.74,-29.86,False
SHREECEM,NSE,EQ,INE070A01015,2026-10-09,22080.0,21610.0,22200.0,21560.0,21600.0,2.22,21943.43,22022,483238255.0,46257.0,0.48,,23376.76,25211.77,-5.55,-12.42,False,42.9,30010.0,21600.0,-26.42,2.22,270,2.22,0.82,-4.66,-17.04,-9.36,-24.55,False
SHREEDHAR,NSE,ST,INE0K3301012,2026-10-09,162.0,162.0,162.0,162.0,160.0,1.25,162.0,2000,324000.0,30900.0,0.06,,130.3,87.66,24.33,84.81,True,62.58,177.5,57.1,-8.73,183.71,68,1.25,3.09,40.93,170.0,,,True
SHREEJISPG,NSE,EQ,INE1B6101010,2026-10-09,811.8,810.0,812.0,804.15,800.75,1.38,809.92,1365619,1106039330.15,1103577.0,1.24,,691.15,521.8,17.46,55.58,True,82.75,811.8,223.44,0.0,263.32,270,1.38,4.7,16.27,47.13,131.41,241.16,False
SHREEKARNI,NSE,SM,INE0S4Y01010,2026-10-09,394.0,375.0,394.0,375.0,376.65,4.61,384.2,1800,691560.0,2970.0,0.61,,384.57,422.24,2.45,-6.69,False,57.57,677.55,322.05,-41.85,22.34,259,4.61,4.23,-0.98,-7.08,15.71,-25.45,True
SHREEOSFM,NSE,SM,INE02S501018,2026-10-09,56.95,56.85,56.95,56.85,56.35,1.06,56.9,2000,113800.0,10050.0,0.2,,56.16,69.16,1.4,-17.66,False,54.4,121.0,49.05,-52.93,16.11,260,1.06,3.36,6.45,-3.47,-23.81,-51.12,True
SHREEPUSHK,NSE,EQ,INE712K01011,2026-10-09,491.0,484.1,497.25,482.6,488.2,0.57,488.85,52864,25842424.8,79634.0,0.66,,466.39,406.3,5.28,20.85,True,51.63,517.5,275.7,-5.12,78.09,270,0.57,-0.1,-3.73,15.0,41.05,10.51,False
SHREERAMA,NSE,EQ,INE879A01019,2026-10-09,42.56,42.19,43.47,41.22,41.34,2.95,42.07,36494,1535148.63,62428.0,0.58,,43.29,47.29,-1.69,-10.0,False,46.52,69.23,37.91,-38.52,12.27,270,2.95,-1.39,0.69,-1.55,-16.35,-30.14,False
SHRENIK,NSE,BZ,INE632X01030,2026-10-09,0.26,0.27,0.28,0.26,0.27,-3.7,0.27,1264936,336449.25,431526.0,2.93,,0.3,0.37,-13.05,-29.57,False,20.83,0.62,0.26,-58.06,0.0,270,-3.7,-7.14,-10.34,-27.78,-33.33,-52.73,False
SHREYANIND,NSE,EQ,INE231C01019,2026-10-09,129.0,128.8,129.95,128.8,129.02,-0.02,129.04,6617,853848.25,5774.0,1.15,,131.63,152.14,-2.0,-15.21,False,48.2,228.71,122.49,-43.6,5.31,270,-0.02,2.15,-3.01,-7.32,-16.19,-42.09,False
SHRIAHIMSA,NSE,SM,INE0DM401012,2026-10-09,421.95,415.05,421.95,415.0,422.25,-0.07,418.6,7800,3265050.0,16080.0,0.49,,431.54,350.49,-2.22,20.39,True,41.56,493.75,216.5,-14.54,94.9,270,-0.07,-0.13,-10.94,5.22,69.8,89.22,True
SHRIKANHA,NSE,SM,INE1V4601019,2026-10-09,22.65,22.65,22.65,22.65,23.8,-4.83,22.65,4800,108720.0,11120.0,0.43,,22.89,33.55,-1.04,-32.48,False,49.78,83.6,15.85,-72.91,42.9,189,-4.83,3.19,3.66,-6.21,2.95,,True
SHRIKRISH,NSE,EQ,INE997I01012,2026-10-09,32.75,34.82,35.0,32.75,35.0,-6.43,32.9,465,15300.58,1049.0,0.44,,37.43,40.58,-12.51,-19.29,False,40.12,47.9,32.75,-31.63,0.0,114,-6.43,-3.36,-16.5,-25.55,,,False
SHRINGARMS,NSE,EQ,INE1B3L01017,2026-10-09,221.13,219.01,222.83,216.51,218.59,1.16,220.56,514016,113373694.63,546813.0,0.94,,218.69,214.56,1.11,3.06,True,54.41,261.86,166.89,-15.55,32.5,262,1.16,-0.08,1.7,-3.42,13.58,23.42,False
SHRIPISTON,NSE,EQ,INE526E01018,2026-10-09,4284.5,4290.0,4317.8,4227.3,4270.4,0.33,4270.12,60286,257428195.5,89460.0,0.67,,4414.16,3800.46,-2.94,12.74,True,40.27,4749.2,2595.9,-9.78,65.05,270,0.33,-4.59,-3.46,2.27,36.85,58.96,False
SHRIRAMFIN,NSE,EQ,INE721A01047,2026-10-09,940.45,923.85,944.9,921.1,917.25,2.53,936.09,4965497,4648127293.5,4659456.0,1.07,,1016.27,970.02,-7.46,-3.05,True,36.88,1141.0,645.8,-17.58,45.63,270,2.53,-0.48,-8.61,-9.93,-8.09,52.65,False
SHRIRAMPPS,NSE,EQ,INE217L01019,2026-10-09,66.83,65.98,67.8,65.05,65.8,1.57,66.09,256825,16972975.3,277632.0,0.93,,74.61,81.04,-10.43,-17.53,False,32.87,96.89,61.13,-31.02,9.32,270,1.57,-0.79,-10.45,-25.71,-11.34,-23.68,False
SHRITECH,NSE,SM,INE0OMF01015,2026-10-06,61.3,60.0,62.0,60.0,58.8,4.25,60.71,14000,849900.0,7400.0,1.89,,61.5,64.79,-0.32,-5.39,False,51.28,76.5,51.35,-19.87,19.38,166,4.25,2.08,3.72,4.43,-1.53,,True
SHRJAGP,NSE,EQ,INE564J01026,2026-10-09,648.9,643.95,650.0,639.0,650.5,-0.25,643.84,321,206673.45,429.0,0.75,,670.55,705.8,-3.23,-8.06,False,39.01,728.5,615.55,-10.93,5.42,38,-0.25,-3.58,1.69,,,,False
SHUBHLAXMI,NSE,SM,INE01Z401013,2026-10-09,17.0,17.0,17.0,17.0,17.05,-0.29,17.0,1000,17000.0,5400.0,0.19,,19.77,22.06,-14.01,-22.92,False,38.7,39.9,13.95,-57.39,21.86,211,-0.29,-1.45,-10.76,-26.41,-46.03,,True
SHUBHSHREE,NSE,SM,INE0UL701015,2026-10-09,330.0,330.0,330.0,330.0,340.0,-2.94,330.0,2100,693000.0,3030.0,0.69,,340.6,349.66,-3.11,-5.62,False,43.94,460.95,282.0,-28.41,17.02,229,-2.94,-1.2,-4.35,0.92,5.43,,True
SHUKRAPHAR,NSE,EQ,INE551C01044,2026-10-09,66.94,67.7,69.45,66.74,66.78,0.24,67.54,4237781,286206094.17,8249956.0,0.51,,53.66,45.54,24.76,46.98,True,68.52,72.58,41.42,-7.77,61.61,39,0.24,8.32,23.71,,,,False
SHYAMCENT,NSE,EQ,INE979R01011,2026-10-09,4.86,4.8,5.0,4.8,4.92,-1.22,4.9,57125,279627.2,93067.0,0.61,,5.04,5.47,-3.52,-11.14,False,38.67,7.02,3.68,-30.77,32.07,270,-1.22,-2.8,-1.62,-15.77,5.88,-30.67,False
SHYAMDHANI,NSE,SM,INE1CRP01016,2026-10-09,52.0,50.45,52.3,50.45,51.95,0.1,51.6,10000,516000.0,14300.0,0.7,,55.62,75.7,-6.5,-31.3,False,43.19,139.65,48.0,-62.76,8.33,179,0.1,-0.57,0.78,-16.6,-18.75,,True
SHYAMMETL,NSE,EQ,INE810G01011,2026-10-09,1060.1,1062.6,1072.0,1051.4,1066.8,-0.63,1061.81,160796,170734496.0,568531.0,0.28,,1047.38,964.66,1.21,9.89,True,49.36,1105.8,761.45,-4.13,39.22,270,-0.63,1.17,-2.01,8.72,26.44,16.07,False
SHYAMTEL,NSE,EQ,INE635A01023,2026-10-09,10.64,11.0,11.24,10.28,11.14,-4.49,10.91,3493,38100.24,4467.0,0.78,,12.6,14.03,-15.53,-24.18,False,39.06,25.05,7.92,-57.52,34.34,270,-4.49,3.1,-7.24,-37.96,15.65,-23.34,False
SICAGEN,NSE,EQ,INE176J01011,2026-10-09,50.45,50.6,51.55,47.9,49.82,1.26,50.33,6115,307739.87,11916.0,0.51,,53.61,54.2,-5.9,-6.92,False,40.13,74.06,49.26,-31.88,2.42,120,1.26,-1.0,-12.78,-4.27,,,False
SICAL-RE,NSE,BE,INE075B20012,2026-03-05,0.26,0.27,0.39,0.26,0.42,-38.1,0.27,156234,41413.55,209250.0,0.75,,0.92,0.97,-71.81,-73.06,False,,1.06,0.26,-75.47,0.0,5,-38.1,,,,,,False
SICALLOG,NSE,BE,INE075B01020,2026-10-09,85.8,85.57,86.43,82.2,85.57,0.27,84.97,28637,2433286.16,31877.0,0.9,,94.89,89.19,-9.58,-3.8,True,35.26,117.4,63.0,-26.92,36.19,245,0.27,-1.47,-15.76,-5.29,36.17,,False
SIDDHICOTS,NSE,SM,INE0SVO01019,2026-10-09,26.1,25.9,26.1,25.25,26.9,-2.97,25.68,7200,184920.0,6000.0,1.2,,27.32,33.75,-4.47,-22.66,False,42.32,82.1,25.9,-68.21,0.77,244,-2.97,-1.14,-2.43,-10.0,-9.22,,True
SIDDHIKA,NSE,SM,INE0A1E01018,2026-10-09,204.05,202.0,204.05,202.0,201.0,1.52,203.76,3500,713150.0,4825.0,0.73,,215.49,212.87,-5.31,-4.15,True,41.86,248.0,186.2,-17.72,9.59,199,1.52,-4.76,-8.5,-3.29,3.74,,True
SIEL,NSE,EQ,INE843L01012,2026-10-08,29.95,31.5,31.5,29.95,31.5,-4.92,30.51,404,12327.46,247.0,1.64,,32.36,34.19,-7.43,-12.4,False,57.69,42.42,29.01,-29.4,3.24,35,-4.92,3.24,-3.04,,,,False
SIEMENS,NSE,EQ,INE003A01024,2026-10-09,3595.0,3668.0,3668.0,3502.0,3639.0,-1.21,3579.35,353854,1266566672.0,249269.0,1.42,,3824.43,3597.78,-6.0,-0.08,True,37.01,4114.0,2848.6,-12.62,26.2,270,-1.21,-5.49,-9.02,2.82,11.43,14.89,False
SIGACHI,NSE,EQ,INE0D0K01022,2026-10-09,28.52,28.65,29.78,28.3,28.57,-0.18,28.56,1020518,29147907.86,5750573.0,0.18,,29.41,27.21,-3.04,4.82,True,42.61,40.12,16.92,-28.91,68.56,270,-0.18,0.64,-17.81,25.81,36.0,-26.3,False
SIGIND,NSE,BE,INE529F01035,2026-10-09,61.05,56.31,61.06,55.31,58.16,4.97,58.97,14582,859873.94,18290.0,0.8,,64.77,57.02,-5.74,7.06,True,37.55,73.29,41.49,-16.7,47.14,270,4.97,-9.45,-12.64,28.99,25.62,19.89,False
SIGMA,NSE,EQ,INE0A0S01028,2026-10-09,44.17,45.44,46.0,43.52,44.48,-0.7,44.21,72429,3202328.78,94558.0,0.77,,45.06,77.21,-1.97,-42.79,False,44.46,579.55,36.33,-92.38,21.58,270,-0.7,-1.65,-6.44,15.21,5.24,-91.38,False
SIGMAADV,NSE,BE,INE933B01012,2026-10-09,1008.8,985.3,1035.0,985.3,1037.1,-2.73,996.49,462853,461227138.4,357081.0,1.3,,828.24,518.33,21.8,94.63,True,60.64,1130.6,144.28,-10.77,599.2,165,-2.73,-6.32,29.81,73.14,494.32,,False
SIGNATURE,NSE,EQ,INE903U01023,2026-10-09,710.05,714.8,718.2,706.05,711.25,-0.17,713.61,215154,153536696.3,388093.0,0.55,,769.35,851.81,-7.71,-16.64,False,31.14,1146.5,710.05,-38.07,0.0,270,-0.17,-3.72,-9.57,-16.35,-14.37,-32.63,False
SIGNORIA,NSE,ST,INE0RDE01010,2026-10-09,141.0,141.0,141.0,141.0,148.0,-4.73,141.0,1000,141000.0,6400.0,0.16,,137.69,106.95,2.4,31.83,True,42.32,171.05,53.25,-17.57,164.79,155,-4.73,-6.62,-13.28,135.59,50.8,,True
SIGNPOST,NSE,EQ,INE0KGZ01021,2026-10-09,260.3,262.9,264.45,254.6,260.75,-0.17,258.89,21861,5659608.75,46794.0,0.47,,267.9,265.18,-2.84,-1.84,True,45.87,326.9,198.57,-20.37,31.09,270,-0.17,0.35,-1.61,-18.04,9.98,-0.95,False
SIKA,NSE,EQ,INE438E01032,2026-10-09,1020.4,1028.7,1041.3,1010.7,1028.7,-0.81,1022.51,14567,14894925.6,64189.0,0.23,,1042.05,1018.37,-2.08,0.2,True,47.0,1254.7,884.1,-18.67,15.42,120,-0.81,0.22,0.52,-15.45,,,False
SIKKO,NSE,BE,INE112X01025,2026-10-09,5.99,6.0,6.04,5.73,6.01,-0.33,5.85,441389,2581732.45,694823.0,0.64,,5.66,13.94,5.89,-57.03,False,52.27,124.21,3.63,-95.18,65.01,270,-0.33,-3.7,8.51,48.27,21.26,-91.87,False
SIL,NSE,EQ,INE173A01025,2026-10-09,15.54,15.81,16.4,15.46,15.81,-1.71,15.72,49013,770652.96,58509.0,0.84,,17.14,16.77,-9.36,-7.35,True,35.1,20.91,11.8,-25.68,31.69,270,-1.71,-1.83,-18.64,-5.59,9.36,-17.16,False
SILGO,NSE,EQ,INE01II01013,2026-10-09,70.42,69.75,70.99,69.44,69.75,0.96,70.1,54031,3787478.44,56762.0,0.95,,71.14,72.07,-1.01,-2.29,False,49.85,84.67,63.01,-16.83,11.76,270,0.96,0.36,-1.5,-5.86,-7.82,5.93,False
SILGO-RE1,NSE,BE,INE01II20021,2026-02-09,8.97,8.02,9.49,7.5,8.02,11.85,7.73,53256,411405.2,36499.0,1.46,,6.89,6.73,30.13,33.31,True,28.54,10.3,3.89,-12.91,130.59,17,11.85,32.69,,,,,False
SILINV,NSE,EQ,INE923A01015,2026-10-09,469.45,460.05,473.8,454.55,462.1,1.59,468.6,3167,1484065.8,2134.0,1.48,,449.6,462.58,4.41,1.49,False,58.75,716.6,381.55,-34.49,23.04,268,1.59,10.58,1.52,11.76,9.94,-21.61,False
SILKFLEX,NSE,SM,INE0STN01015,2026-10-09,260.0,273.0,273.0,255.15,261.15,-0.44,263.74,23000,6066100.0,23000.0,1.0,,254.72,189.83,2.07,36.97,True,45.94,301.4,79.0,-13.74,229.11,217,-0.44,-9.33,-11.14,22.64,151.45,,True
SILKY,NSE,SM,INE0SN801015,2026-10-09,67.1,70.75,70.75,64.9,67.85,-1.11,67.32,8000,538600.0,11840.0,0.68,,76.67,105.76,-12.48,-36.56,False,44.99,157.5,65.0,-57.4,3.23,195,-1.11,2.44,-4.07,-38.58,-52.41,,True
SILLYMONKS,NSE,EQ,INE203Y01012,2026-09-09,16.0,15.96,16.49,15.96,16.29,-1.78,16.1,31902,513683.33,18512.0,1.72,,16.12,17.0,-0.74,-5.87,False,49.6,26.4,15.0,-39.39,6.67,250,-1.78,0.06,-0.99,-12.76,-8.1,,False
SILVER,NSE,EQ,INF209KB19F6,2026-10-09,218.97,217.5,219.49,217.5,215.21,1.75,218.69,630552,137898084.6,765011.0,0.82,,226.79,222.28,-3.45,-1.49,True,42.74,367.12,137.46,-40.35,59.3,270,1.75,0.47,-5.25,0.36,-8.9,53.44,False
SILVER001,NSE,EQ,INF966L01EI5,2026-10-09,22.2,22.02,22.21,22.02,21.8,1.83,22.11,9055,200220.09,120804.0,0.07,,23.23,23.88,-4.42,-7.04,False,46.31,24.47,21.8,-9.28,1.83,32,1.83,0.95,-4.64,,,,False
SILVER1,NSE,EQ,INF174KA1ZD3,2026-10-09,21.24,21.1,21.33,21.1,20.89,1.68,21.24,5970219,126820003.98,9408163.0,0.63,,22.55,57.35,-5.8,-62.96,False,42.57,357.72,19.41,-94.06,9.43,270,1.68,0.28,-5.43,0.19,-9.5,-84.59,False
SILVER360,NSE,EQ,INF579M01BC3,2026-10-09,215.52,215.33,216.12,214.66,212.39,1.47,215.39,9599,2067556.76,13550.0,0.71,,223.53,219.07,-3.58,-1.62,True,41.7,356.89,139.0,-39.61,55.05,270,1.47,0.32,-5.17,0.03,-8.69,52.98,False
SILVERADD,NSE,EQ,INF740KA1ZQ0,2026-10-09,21.12,21.12,21.19,21.02,20.74,1.83,21.1,3505037,73956796.99,3789529.0,0.92,,84.76,165.09,-75.08,-87.21,False,12.7,351.92,20.74,-94.0,1.83,270,1.83,0.48,-5.29,-89.97,-90.92,-84.57,False
SILVERAG,NSE,EQ,INF769K01KG6,2026-10-09,213.56,212.25,214.1,212.25,209.82,1.78,213.51,223235,47662637.08,256019.0,0.87,,221.17,217.16,-3.44,-1.66,True,42.85,362.27,136.94,-41.05,55.95,264,1.78,0.35,-5.18,0.34,-9.07,52.87,False
SILVERAXIS,NSE,EQ,INF846K011K1,2026-10-09,217.9,216.15,218.61,216.15,214.62,1.53,217.86,113447,24715256.26,575283.0,0.2,,225.12,227.57,-3.21,-4.25,False,42.21,241.78,213.14,-9.88,2.23,69,1.53,0.39,-5.24,0.28,,,False
SILVERBEES,NSE,EQ,INF204KC1402,2026-10-09,209.68,208.12,210.2,208.12,205.87,1.85,209.43,14496035,3035921211.26,17250438.0,0.84,,217.15,212.92,-3.44,-1.52,True,42.98,351.91,133.81,-40.42,56.7,270,1.85,0.46,-5.2,0.41,-9.06,54.1,False
SILVERBETA,NSE,EQ,INF789F1AYK6,2026-10-09,211.7,210.9,212.25,210.59,207.81,1.87,211.48,217578,46014122.95,562336.0,0.39,,219.24,225.3,-3.44,-6.04,False,42.97,355.03,192.8,-40.37,9.8,195,1.87,0.37,-5.24,0.32,-9.17,,False
SILVERBND,NSE,EQ,INF194KB1KI9,2026-10-09,219.92,219.02,220.96,218.72,215.97,1.83,220.16,11772,2591754.29,15304.0,0.77,,227.79,230.23,-3.46,-4.48,False,43.02,380.24,191.82,-42.16,14.65,203,1.83,0.33,-5.17,0.41,-8.71,,False
SILVERCASE,NSE,EQ,INF0R8F01091,2026-10-09,22.18,22.01,22.25,22.01,21.81,1.7,22.18,3762734,83443013.25,6241413.0,0.6,,23.02,22.59,-3.63,-1.8,True,42.35,37.8,14.18,-41.32,56.42,270,1.7,0.27,-5.42,0.09,-9.17,52.44,False
SILVERETF,NSE,EQ,INF789F1AYK6,2025-12-23,203.98,203.6,205.43,203.6,202.54,0.71,204.27,2430878,496564314.9,2299386.0,1.06,,164.75,139.47,23.81,46.25,True,84.76,203.98,120.91,0.0,68.7,75,0.71,9.13,36.98,57.03,,,False
SILVERIETF,NSE,EQ,INF109KC1Y56,2026-10-09,218.78,217.31,219.36,217.31,214.97,1.77,218.61,3099986,677695022.2,2880779.0,1.08,,226.73,222.21,-3.51,-1.54,True,42.62,367.25,139.49,-40.43,56.84,270,1.77,0.38,-5.24,0.33,-8.97,54.15,False
SILVERTUC,NSE,EQ,INE625X01026,2026-10-09,131.18,127.0,142.17,127.0,125.98,4.13,134.51,1137975,153064592.77,540314.0,2.11,,164.18,352.27,-20.1,-62.76,False,29.24,1667.0,103.8,-92.13,26.38,270,4.13,-5.41,-18.57,-26.79,2.36,-81.5,False
SILVRETF,NSE,EQ,INF769K01KG6,2025-09-12,125.74,125.49,127.66,124.43,121.89,3.16,125.62,663019,83288007.74,434911.0,1.52,,121.45,121.19,3.53,3.75,True,,125.74,121.1,0.0,3.83,6,3.16,3.83,,,,,False
SIMBHALS,NSE,BZ,INE748T01016,2026-10-09,8.02,8.55,8.55,7.75,8.15,-1.6,8.16,74465,607787.48,12942.0,5.75,,7.24,8.53,10.82,-6.03,False,66.22,14.9,6.19,-46.17,29.56,251,-1.6,19.35,6.93,13.12,-5.54,,False
SIMCA,NSE,ST,INE1K4J01018,2026-10-09,354.9,354.9,354.9,354.9,338.0,5.0,354.9,12600,4471740.0,35970.0,0.35,,264.65,206.43,34.1,71.92,True,92.92,354.9,133.45,0.0,165.94,102,5.0,22.36,36.37,86.25,,,True
SIMPLEXINF,NSE,EQ,INE059B01024,2026-10-09,246.13,241.25,252.18,241.25,243.35,1.14,246.4,79056,19479458.97,150086.0,0.53,,251.52,248.17,-2.14,-0.82,True,45.84,310.15,140.3,-20.64,75.43,270,1.14,0.46,-4.38,-9.43,34.78,-12.49,False
SIMPLXREA,NSE,EQ,INE167H01014,2026-10-09,131.65,131.67,131.67,131.0,125.4,4.98,131.64,234,30803.21,171.0,1.37,,128.3,129.63,2.61,1.56,False,54.21,142.99,113.75,-7.93,15.74,35,4.98,6.6,-7.09,,,,False
SINCLAIR,NSE,EQ,INE985A01022,2026-10-09,74.46,74.5,74.99,73.6,74.83,-0.49,74.51,9699,722679.89,24240.0,0.4,,78.03,80.54,-4.58,-7.55,False,36.02,99.17,70.53,-24.92,5.57,270,-0.49,-2.93,-11.39,-1.75,-4.45,-25.06,False
SINDHUTRAD,NSE,EQ,INE325D01025,2026-10-09,20.86,20.9,21.59,20.61,21.01,-0.71,21.04,221223,4655090.51,1030875.0,0.21,,23.66,24.06,-11.85,-13.3,False,26.12,28.22,17.92,-26.08,16.41,270,-0.71,-6.16,-16.56,-20.53,-8.19,-26.16,False
SINGERIND,NSE,EQ,INE638A01035,2026-10-09,75.19,76.3,77.69,75.1,75.8,-0.8,76.19,75664,5764805.5,85165.0,0.89,,75.31,72.45,-0.16,3.78,True,46.94,91.3,60.92,-17.65,23.42,138,-0.8,0.71,-0.74,10.48,5.26,,False
SINTERCOM,NSE,EQ,INE129Z01016,2026-10-09,74.87,77.0,77.0,73.03,73.41,1.99,75.41,719,54222.59,9376.0,0.08,,78.33,85.32,-4.41,-12.24,False,44.51,123.89,69.67,-39.57,7.46,270,1.99,-1.32,-5.47,-3.94,-6.73,-37.61,False
SIRCA,NSE,EQ,INE792Z01011,2026-10-09,402.7,402.25,405.0,398.9,402.2,0.12,402.46,66070,26590737.1,185126.0,0.36,,417.34,433.17,-3.51,-7.03,False,40.33,534.6,391.0,-24.67,2.99,270,0.12,0.29,-7.3,2.3,-3.28,-15.5,False
SIS,NSE,EQ,INE285J01028,2026-10-09,416.3,410.0,418.0,409.1,411.4,1.19,416.3,89348,37195745.05,320008.0,0.28,,419.65,390.34,-0.8,6.65,True,48.35,441.5,263.75,-5.71,57.84,270,1.19,0.84,-2.68,-4.41,41.7,19.18,False
SITINET,NSE,BZ,INE965H01011,2026-10-09,0.23,0.23,0.24,0.22,0.23,0.0,0.24,775648,182686.97,632890.0,1.23,,0.28,0.33,-18.03,-31.08,False,16.32,0.48,0.23,-52.08,0.0,270,0.0,-14.81,-17.86,-30.3,-28.12,-50.0,False
SIYSIL,NSE,EQ,INE076B01028,2026-10-09,539.65,544.0,558.0,536.2,542.55,-0.53,542.68,14353,7789133.05,25221.0,0.57,,563.97,593.37,-4.31,-9.05,False,45.1,826.35,435.8,-34.69,23.83,270,-0.53,1.52,-2.6,-16.33,0.44,-17.13,False
SJLOGISTIC,NSE,SM,INE0F3301020,2026-10-09,309.0,302.0,313.55,296.5,300.35,2.88,306.16,19500,5970087.5,23288.0,0.84,,318.82,329.69,-3.08,-6.28,False,44.62,449.65,230.4,-31.28,34.11,270,2.88,-0.8,-3.03,-8.2,0.0,-19.81,True
SJS,NSE,EQ,INE284S01014,2026-10-09,1994.8,1972.0,2010.7,1918.0,1980.3,0.73,1967.59,210176,413539276.6,202368.0,1.04,,2264.57,2044.38,-11.91,-2.43,True,30.68,2561.7,1467.1,-22.13,35.97,270,0.73,-7.64,-12.77,-8.64,15.74,37.35,False
SJVN,NSE,EQ,INE002L01015,2026-10-09,55.27,54.22,55.7,53.66,54.24,1.9,54.7,4370936,239087940.27,2933824.0,1.49,,63.66,71.51,-13.18,-22.71,False,20.66,91.47,54.24,-39.58,1.9,270,1.9,-4.56,-16.09,-22.02,-21.66,-38.81,False
SKFINDIA,NSE,EQ,INE640A01023,2026-10-09,1398.8,1419.2,1419.2,1393.2,1407.7,-0.63,1403.79,32285,45321335.7,58441.0,0.55,,1522.87,1897.0,-8.15,-26.26,False,28.0,5008.4,1398.8,-72.07,0.0,270,-0.63,-3.54,-8.86,-11.01,-11.27,-70.34,False
SKFINDUS,NSE,EQ,INE2J8701016,2026-10-09,2655.9,2610.0,2683.8,2580.0,2622.6,1.27,2649.98,25704,68115036.3,114284.0,0.22,,2799.34,2638.31,-5.12,0.67,True,37.97,3062.8,2038.2,-13.29,30.31,208,1.27,-2.86,-10.09,-6.17,17.24,,False
SKIL,NSE,BZ,INE429F01012,2026-10-05,1.01,1.01,1.01,1.01,0.97,4.12,1.01,41651,42067.51,68909.0,0.6,,1.07,1.42,-5.25,-28.76,False,54.19,1.69,0.82,-40.24,23.17,57,4.12,21.69,1.0,,,,False
SKIPPER,NSE,EQ,INE439E01022,2026-10-09,530.25,517.5,536.15,512.0,517.5,2.46,525.81,738256,388182114.05,788207.0,0.94,,544.48,509.27,-2.61,4.12,True,44.92,604.7,330.4,-12.31,60.49,270,2.46,-2.02,-12.31,-2.97,40.59,2.95,False
SKMEGGPROD,NSE,EQ,INE411D01023,2026-10-09,206.97,207.14,210.24,204.12,207.1,-0.06,206.88,102032,21108714.21,162765.0,0.63,,237.98,255.22,-13.03,-18.91,False,36.37,441.95,146.04,-53.17,41.72,270,-0.06,0.82,-18.31,-35.59,17.69,-33.76,False
SKP,NSE,SM,INE0KZA01016,2026-10-09,165.2,166.0,170.0,165.2,166.65,-0.87,166.81,23000,3836550.0,27500.0,0.84,,161.23,168.06,2.46,-1.7,False,52.27,235.0,140.0,-29.7,18.0,255,-0.87,1.35,-1.26,10.1,10.24,-27.86,True
SKYGOLD,NSE,EQ,INE01IU01018,2026-10-09,921.0,888.0,936.0,868.1,884.5,4.13,908.63,2291187,2081849571.6,1154584.0,1.98,,776.29,575.79,18.64,59.96,True,75.44,921.0,276.7,0.0,232.85,270,4.13,13.61,12.32,47.63,141.51,249.86,False
SKYTECH,NSE,SM,INE0VFE01017,2026-10-09,34.45,34.45,34.45,34.45,36.25,-4.97,34.45,4800,165360.0,63600.0,0.08,,45.52,61.2,-24.31,-43.71,False,33.77,70.3,24.0,-51.0,43.54,34,-4.97,-11.44,6.16,,,,True
SKYWAYS,NSE,EQ,INE0PX301025,2026-10-09,109.47,111.9,112.9,108.98,111.14,-1.5,110.14,1237806,136335382.93,9345555.0,0.13,,120.34,123.85,-9.03,-11.61,False,48.28,131.0,109.47,-16.44,0.0,27,-1.5,-0.74,-0.68,,,,False
SLONE,NSE,SM,INE0SMA01017,2026-10-09,132.1,140.0,147.15,129.55,141.85,-6.87,138.86,12400,1721840.0,5160.0,2.4,,159.29,184.26,-17.07,-28.31,False,24.53,360.0,114.7,-63.31,15.17,251,-6.87,-17.95,-30.14,13.44,-22.82,,True
SMALL250,NSE,EQ,INF769K01PQ4,2026-10-09,17.62,17.97,18.0,17.42,17.54,0.46,17.61,486031,8558529.8,523924.0,0.93,,18.07,17.4,-2.51,1.28,True,37.61,18.58,14.24,-5.17,23.74,224,0.46,-0.06,-5.17,-3.08,13.53,,False
SMALLADD,NSE,EQ,INF740KA1WX3,2026-10-09,17.9,17.59,18.35,17.5,17.59,1.76,17.8,48092,855930.89,46860.0,1.03,,18.14,17.33,-1.3,3.27,True,44.77,18.8,14.21,-4.79,25.97,199,1.76,0.96,-3.87,-1.81,15.71,,False
SMALLCAP,NSE,EQ,INF769K01LC3,2026-10-09,47.26,47.59,47.59,46.76,47.21,0.11,47.24,824153,38929039.45,1870820.0,0.44,,48.04,46.04,-1.62,2.65,True,40.76,49.45,37.55,-4.43,25.86,270,0.11,-0.36,-4.43,-0.25,14.82,6.01,False
SMALLGROWW,NSE,EQ,INF666M01PG9,2026-10-09,47.54,48.17,48.17,46.95,48.2,-1.37,47.21,6354,299983.05,9762.0,0.65,,48.32,47.37,-1.61,0.36,True,42.88,50.52,45.98,-5.9,3.39,79,-1.37,-1.39,-4.06,0.08,,,False
SMALLIETF,NSE,EQ,INF109K1A476,2026-10-09,17.76,17.67,18.08,17.4,17.56,1.14,17.61,36687,646159.25,63664.0,0.58,,18.13,17.96,-2.01,-1.12,True,42.91,18.59,17.55,-4.46,1.2,75,1.14,0.4,-4.46,-2.2,,,False
SMARTEN,NSE,SM,INE14GK01016,2026-10-09,53.85,55.3,55.3,52.0,54.8,-1.73,53.1,34800,1847760.0,26940.0,1.29,,56.37,61.04,-4.47,-11.78,False,42.9,96.8,43.0,-44.37,25.23,268,-1.73,-7.08,-4.1,-13.7,-15.13,-40.95,True
SMARTLINK,NSE,BE,INE178C01020,2026-10-09,226.93,226.79,226.95,224.0,217.11,4.52,225.44,3674,828281.07,7025.0,0.52,,213.27,178.38,6.4,27.21,True,55.97,233.41,104.52,-2.78,117.12,270,4.52,6.99,9.47,21.48,88.31,59.07,False
SMARTWORKS,NSE,EQ,INE0NAZ01010,2026-10-09,474.3,490.0,490.0,473.0,482.35,-1.67,478.67,65158,31189147.9,89112.0,0.73,,509.58,486.03,-6.92,-2.41,True,31.68,606.65,372.45,-21.82,27.35,270,-1.67,-7.12,-14.18,1.85,17.05,-15.57,False
SMCGLOBAL,NSE,EQ,INE103C01036,2026-10-09,115.95,107.83,124.0,106.9,107.83,7.53,118.65,82142124,9746468653.32,16152813.0,5.09,,87.86,84.34,31.97,37.48,True,74.47,143.22,55.59,-19.04,108.58,270,7.53,17.05,35.92,54.44,83.41,-17.04,False
SML100CASE,NSE,EQ,INF0R8F01141,2026-10-09,10.88,11.03,11.03,10.71,10.81,0.65,10.85,1093322,11865487.62,1934895.0,0.57,,11.09,10.57,-1.86,2.96,True,41.67,11.46,8.56,-5.06,27.1,265,0.65,0.46,-5.06,-1.27,16.24,9.79,False
SMLISUZU,NSE,EQ,INE294B01019,2025-11-07,3142.2,3125.0,3184.8,3060.1,3135.1,0.23,3132.16,42529,133207546.6,72637.0,0.59,,3277.76,3583.09,-4.14,-12.3,False,47.65,3802.6,2806.7,-17.37,11.95,43,0.23,3.66,1.87,,,,False
SMLMAH,NSE,EQ,INE294B01019,2026-10-09,5811.5,5960.0,6026.0,5775.0,5850.5,-0.67,5900.88,46289,273145815.5,57368.0,0.81,,5770.84,4626.0,0.7,25.63,True,43.24,6825.5,2765.3,-14.86,110.16,227,-0.67,-7.03,-7.95,39.87,34.55,,False
SMLT,NSE,EQ,INE017W01010,2026-10-09,77.36,77.79,80.75,75.0,76.26,1.44,78.37,85832,6726652.7,47506.0,1.81,,67.04,73.72,15.4,4.94,False,69.29,111.49,57.41,-30.61,34.75,270,1.44,4.29,24.43,13.76,11.79,-25.61,False
SMSLIFE,NSE,EQ,INE320X01016,2025-11-25,1380.1,1384.0,1430.0,1338.0,1353.5,1.97,1369.29,3713,5084176.2,3116.0,1.19,,1212.62,1149.12,13.81,20.1,True,66.52,1437.9,1111.4,-4.02,24.18,55,1.97,3.5,22.96,,,,False
SMSPHARMA,NSE,EQ,INE812G01025,2026-10-09,444.65,448.05,452.1,435.55,446.75,-0.47,444.76,296160,131720051.25,1408232.0,0.21,,422.5,376.91,5.24,17.97,True,51.14,483.35,257.97,-8.01,72.37,270,-0.47,-5.65,11.4,10.42,11.39,81.0,False
SMVD,NSE,SM,INE702Y01013,2026-10-08,13.85,13.85,13.85,13.85,14.55,-4.81,13.85,4040,55954.0,7878.0,0.51,,11.55,8.57,19.92,61.61,True,52.74,17.0,5.65,-18.53,145.13,48,-4.81,-14.24,23.66,,,,True
SNEHAA,NSE,SM,INE1OIC01018,2026-10-09,44.0,44.0,44.0,44.0,43.45,1.27,44.0,9000,396000.0,5350.0,1.68,,44.86,54.6,-1.92,-19.42,False,48.95,111.2,38.45,-60.43,14.43,253,1.27,-0.79,-4.35,-1.12,-3.4,-62.04,True
SNOWMAN,NSE,EQ,INE734N01019,2026-10-09,34.16,34.99,34.99,33.77,34.35,-0.55,34.25,70296,2407334.77,125124.0,0.56,,35.97,39.17,-5.04,-12.79,False,37.03,54.56,30.7,-37.39,11.27,270,-0.55,0.15,-7.25,-5.79,-10.69,-34.48,False
SNXT30BEES,NSE,EQ,INF204KC1EZ3,2026-10-09,39.52,39.07,39.52,38.88,38.88,1.65,39.28,4507,177043.64,10058.0,0.45,,41.75,41.41,-5.33,-4.56,True,29.77,43.99,37.31,-10.16,5.92,270,1.65,-1.45,-6.46,-6.42,-0.35,2.38,False
SNXT50BETA,NSE,EQ,INF789F1AUU3,2026-10-09,88.49,87.8,88.9,87.8,87.67,0.94,88.64,1853,164247.96,2603.0,0.71,,92.64,92.47,-4.48,-4.3,True,35.07,96.85,80.28,-8.63,10.23,195,0.94,-1.34,-6.22,-5.9,2.43,,False
SOBHA,NSE,EQ,INE671H01015,2026-10-09,1161.7,1197.0,1207.5,1154.1,1183.9,-1.88,1169.73,177353,207454662.0,109286.0,1.62,,1260.07,1353.66,-7.81,-14.18,False,29.84,1701.2,1156.8,-31.71,0.42,270,-1.88,-4.24,-7.48,-23.13,-10.12,-24.64,False
SOCL,NSE,SM,INE0CTB01014,2026-10-09,27.5,28.0,28.0,26.85,28.2,-2.48,27.24,20800,566560.0,19680.0,1.06,,28.52,35.22,-3.57,-21.91,False,43.28,65.4,24.15,-57.95,13.87,180,-2.48,-3.85,-5.82,3.38,-5.66,,True
SOFTTECH,NSE,EQ,INE728Z01015,2026-10-09,448.3,452.2,457.8,443.0,450.8,-0.55,451.33,9244,4172089.4,8982.0,1.03,,451.81,402.6,-0.78,11.35,True,42.96,525.7,218.65,-14.72,105.03,270,-0.55,-5.48,2.35,3.29,46.98,23.94,False
SOLARA,NSE,EQ,INE624Z01016,2026-10-09,644.35,654.0,666.25,640.1,654.9,-1.61,651.46,199638,130055712.45,441807.0,0.45,,654.33,587.7,-1.53,9.64,True,39.75,753.25,425.55,-14.46,51.42,270,-1.61,-9.86,-8.19,13.26,33.35,6.87,False
SOLARINDS,NSE,EQ,INE343H01029,2026-10-09,20000.0,19890.0,20060.0,19787.0,19870.0,0.65,19939.64,93913,1872591260.0,259734.0,0.36,,19626.49,17305.04,1.9,15.57,True,51.67,22455.0,11772.0,-10.93,69.89,270,0.65,3.09,-10.93,9.67,46.39,50.08,False
SOLARWORLD,NSE,EQ,INE0TY101024,2026-10-09,129.06,125.72,130.0,125.0,124.91,3.32,128.37,154935,19888926.13,286528.0,0.54,,148.05,195.32,-12.83,-33.92,False,39.68,338.4,123.94,-61.86,4.13,253,3.32,2.8,-12.79,-38.52,-27.76,-60.11,False
SOLEX,NSE,EQ,INE880Y01017,2026-10-09,643.65,654.0,654.25,638.2,653.15,-1.45,644.79,29893,19274745.95,103063.0,0.29,,768.33,1013.54,-16.23,-36.49,False,32.39,1918.0,643.65,-66.44,0.0,270,-1.45,-4.07,-11.23,-35.51,-41.76,-61.7,False
SOMANYCERA,NSE,EQ,INE355A01028,2026-10-09,591.45,596.05,605.95,578.3,600.6,-1.52,589.01,71425,42070291.05,116514.0,0.61,,566.38,501.63,4.43,17.91,True,51.91,625.0,338.5,-5.37,74.73,270,-1.52,-3.7,5.12,13.83,43.31,32.46,False
SOMATEX,NSE,EQ,INE314C01013,2026-10-09,75.55,74.25,78.9,74.25,76.71,-1.51,75.63,3551,268549.19,5989.0,0.59,,85.31,95.84,-11.44,-21.17,False,38.17,153.58,68.89,-50.81,9.67,270,-1.51,-0.28,-11.4,-35.29,-22.95,3.68,False
SOMICONVEY,NSE,EQ,INE323J01019,2026-10-09,82.42,84.0,84.0,81.91,82.84,-0.51,82.51,3867,319076.21,21876.0,0.18,,91.1,104.06,-9.53,-20.8,False,29.98,159.45,82.42,-48.31,0.0,270,-0.51,-1.56,-10.06,-16.51,-21.35,-37.12,False
SONA,NSE,EQ,INE0LLZ01011,2026-10-09,97.88,99.76,102.0,95.41,99.77,-1.89,98.08,151326,14842083.14,462991.0,0.33,,103.94,106.42,-5.83,-8.02,False,,107.42,92.47,-8.88,5.85,11,-1.89,5.85,,,,,False
SONACOMS,NSE,EQ,INE073K01018,2026-10-09,783.3,792.8,795.25,774.5,793.0,-1.22,782.47,2197655,1719592515.65,2502663.0,0.88,,783.05,654.86,0.03,19.61,True,44.88,833.0,405.25,-5.97,93.29,270,-1.22,-2.7,-2.57,17.16,46.77,90.24,False
SONAL,NSE,EQ,INE321M01017,2026-10-09,81.49,80.0,85.0,77.0,85.0,-4.13,77.42,163,12619.98,262.0,0.62,,88.25,94.06,-7.66,-13.36,False,42.23,104.75,80.46,-22.21,1.28,86,-4.13,-11.15,-6.19,-7.4,,,False
SONAMAC,NSE,SM,INE0Q6H01012,2026-10-09,31.45,29.85,31.45,29.8,30.2,4.14,30.37,3000,91100.0,5450.0,0.55,,32.73,40.11,-3.93,-21.59,False,47.81,79.0,27.4,-60.19,14.78,262,4.14,5.36,-4.7,-4.84,2.44,-58.34,True
SONAMLTD,NSE,BE,INE00LM01029,2026-10-09,70.97,70.0,70.98,69.25,69.97,1.43,70.5,39594,2791266.76,64960.0,0.61,,66.04,56.64,7.47,25.29,True,56.19,77.82,38.25,-8.8,85.54,270,1.43,2.93,-2.11,30.6,33.75,60.42,False
SONATSOFTW,NSE,EQ,INE269A01021,2026-10-09,239.15,241.1,253.2,238.0,240.9,-0.73,244.69,2319197,567484742.15,1287678.0,1.8,,278.61,294.71,-14.16,-18.85,False,28.0,392.8,209.6,-39.12,14.1,270,-0.73,-5.86,-12.8,-16.19,-2.76,-30.9,False
SONUINFRA,NSE,SM,INE0JZA01018,2026-10-08,41.0,40.95,41.0,40.95,41.0,0.0,41.0,16500,676425.0,45375.0,0.36,,43.77,57.95,-6.32,-29.25,False,42.73,110.05,34.75,-62.74,17.99,234,0.0,-10.48,-7.76,-17.42,-17.92,,True
SOTAC,NSE,SM,INE0O2D01012,2026-10-01,90.05,90.05,90.05,90.05,90.05,0.0,90.05,1200,108060.0,10260.0,0.12,,106.15,117.36,-15.17,-23.27,False,31.05,139.65,87.4,-35.52,3.03,90,0.0,-5.31,-15.05,-26.52,,,True
SOTL,NSE,EQ,INE035D01020,2026-10-09,764.8,771.65,774.7,755.45,764.2,0.08,765.3,189615,145112150.4,391219.0,0.48,,695.78,549.52,9.92,39.18,True,58.95,803.8,288.1,-4.85,165.46,270,0.08,4.84,12.25,25.9,126.64,87.57,False
SOUTHBANK,NSE,EQ,INE683A01023,2026-10-09,47.91,46.15,48.24,46.15,46.39,3.28,47.43,12917963,612724595.56,14440472.0,0.89,,46.61,42.7,2.79,12.2,True,53.8,49.95,29.37,-4.08,63.13,270,3.28,0.99,2.33,4.58,24.99,65.49,False
SOUTHWEST,NSE,EQ,INE980Y01015,2026-10-09,189.24,186.05,193.49,186.05,187.46,0.95,188.85,39193,7401469.45,158354.0,0.25,,206.58,208.88,-8.4,-9.4,False,42.69,269.13,122.29,-29.68,54.75,270,0.95,4.15,-17.86,-16.5,-14.93,42.35,False
SPAL,NSE,EQ,INE212I01016,2026-10-09,913.6,927.0,932.1,905.0,922.8,-1.0,913.48,27703,25306042.55,35500.0,0.78,,976.47,888.93,-6.44,2.77,True,38.12,1178.6,608.85,-22.48,50.05,270,-1.0,-2.35,-12.9,-21.22,18.56,26.25,False
SPANDANA,NSE,EQ,INE572J01011,2026-10-09,211.08,210.5,215.3,209.18,209.1,0.95,211.24,66403,14027050.21,118525.0,0.56,,235.81,248.18,-10.49,-14.95,False,32.18,310.55,184.15,-32.03,14.62,270,0.95,-2.43,-11.95,-30.99,-2.01,-15.76,False
SPARC,NSE,EQ,INE232I01014,2026-10-09,185.6,188.75,192.06,184.05,187.74,-1.14,186.82,828265,154732659.87,1024389.0,0.81,,200.96,183.92,-7.64,0.91,True,39.33,277.57,108.71,-33.13,70.73,270,-1.14,-4.39,-8.69,-29.86,36.31,43.3,False
SPCENET,NSE,EQ,INE970N01027,2026-10-09,3.28,3.27,3.31,3.21,3.27,0.31,3.27,128235,419549.45,550750.0,0.23,,3.38,4.33,-3.06,-24.34,False,47.88,10.96,3.02,-70.07,8.61,270,0.31,1.23,-9.14,-18.0,-9.14,-54.7,False
SPCL,NSE,SM,INE0T7B01010,2026-10-09,63.7,60.0,65.65,60.0,60.15,5.9,64.15,25800,1655160.0,16170.0,1.6,,64.53,74.49,-1.29,-14.49,False,50.68,119.7,59.8,-46.78,6.52,270,5.9,2.82,0.55,-7.55,-18.54,-36.93,True
SPCON,NSE,SM,INE0TPJ01019,2026-10-09,201.5,190.0,202.0,190.0,190.0,6.05,197.25,4800,946800.0,10860.0,0.44,,157.16,130.66,28.21,54.22,True,72.06,201.5,100.0,0.0,101.5,104,6.05,18.53,31.7,40.96,,,True
SPEB,NSE,SM,INE1CW901027,2026-10-01,86.0,86.0,86.0,86.0,88.4,-2.71,86.0,2000,172000.0,4800.0,0.42,,87.81,73.35,-2.06,17.24,True,42.18,97.0,49.85,-11.34,72.52,146,-2.71,-5.49,-1.88,-10.09,52.89,,True
SPECIALITY,NSE,BE,INE247M01014,2026-10-09,145.2,147.1,148.0,144.2,146.68,-1.01,146.07,4355,636153.64,23496.0,0.19,,142.75,126.95,1.72,14.37,True,47.38,158.6,84.0,-8.45,72.86,270,-1.01,-5.41,8.54,18.65,42.39,7.47,False
SPECTRAA,NSE,SM,INE0GAN01010,2026-10-09,261.85,282.8,282.8,250.0,266.75,-1.84,260.69,182400,47549040.0,362291.0,0.5,,241.94,237.23,8.23,10.38,True,,272.55,235.4,-3.93,11.24,11,-1.84,8.61,,,,,True
SPECTRUM,NSE,BE,INE01EO01010,2026-10-09,3777.0,3787.0,3787.0,3625.0,3810.6,-0.88,3691.18,5761,21264911.4,14595.0,0.39,,2923.64,2046.1,29.19,84.6,True,73.43,3915.9,1057.2,-3.55,257.26,270,-0.88,-1.98,44.65,96.55,192.27,173.89,False
SPECTSTM,NSE,SM,INE0OL001018,2026-10-09,61.05,60.5,61.7,60.5,60.5,0.91,61.04,5600,341840.0,11280.0,0.5,,60.51,69.74,0.9,-12.47,False,52.55,112.0,51.5,-45.49,18.54,240,0.91,1.92,1.75,5.53,-13.4,,True
SPELS,NSE,BE,INE252A01019,2026-10-05,118.65,118.65,118.65,118.65,124.89,-5.0,118.65,13971,1657659.15,40113.0,0.35,,146.11,149.37,-18.8,-20.57,False,14.17,152.01,118.65,-21.95,0.0,22,-5.0,-19.07,-21.26,,,,False
SPENCERS,NSE,EQ,INE020801028,2026-10-09,27.45,27.3,27.62,27.3,27.11,1.25,27.43,17701,485511.01,40058.0,0.44,,29.57,35.42,-7.18,-22.49,False,43.53,59.09,24.58,-53.55,11.68,270,1.25,4.61,-6.66,-21.5,-10.73,-50.74,False
SPIC,NSE,EQ,INE147A01011,2026-10-09,61.15,62.13,62.13,60.6,61.77,-1.0,61.25,219823,13463852.26,304093.0,0.72,,66.4,72.77,-7.9,-15.96,False,31.18,96.26,55.42,-36.47,10.34,270,-1.0,-1.74,-13.96,-10.53,-7.86,-33.0,False
SPLIL,NSE,EQ,INE978G01016,2026-10-09,29.29,30.0,30.0,29.1,30.0,-2.37,29.3,2832,82985.0,5971.0,0.47,,30.42,31.66,-3.72,-7.48,False,45.41,44.09,21.5,-33.57,36.23,270,-2.37,2.77,-4.9,-8.78,8.76,-24.06,False
SPLPETRO,NSE,EQ,INE663A01033,2026-10-09,788.55,784.0,795.95,775.25,783.65,0.63,787.19,129656,102064534.15,276711.0,0.47,,781.0,734.25,0.97,7.4,True,46.66,882.2,501.45,-10.62,57.25,270,0.63,1.04,-4.81,7.5,5.56,-5.24,False
SPMLINFRA,NSE,EQ,INE937A01023,2026-10-09,152.18,156.16,156.16,150.0,153.72,-1.0,152.47,237139,36157694.39,147327.0,1.61,,174.71,194.77,-12.9,-21.87,False,27.39,247.46,152.18,-38.5,0.0,270,-1.0,-4.48,-13.69,-21.21,-17.81,-35.78,False
SPORTKING,NSE,EQ,INE885H01029,2026-10-09,196.45,198.75,198.75,194.22,196.39,0.03,195.69,152233,29789718.05,246909.0,0.62,,206.24,169.24,-4.75,16.08,True,40.3,230.6,79.69,-14.81,146.52,270,0.03,-5.8,-8.88,7.56,39.05,100.44,False
SPPPOLY,NSE,SM,INE0QR801013,2026-10-09,11.8,11.55,11.8,11.55,11.25,4.89,11.72,6000,70300.0,5600.0,1.07,,12.31,14.11,-4.16,-16.4,False,47.37,17.85,10.8,-33.89,9.26,177,4.89,-1.26,-8.88,-15.71,-26.25,,True
SPRL,NSE,SM,INE0JW501011,2026-10-05,140.25,153.5,153.5,140.0,146.2,-4.07,145.44,8000,1163560.0,3720.0,2.15,,110.8,118.23,26.58,18.63,False,77.17,199.4,78.0,-29.66,79.81,133,-4.07,16.54,50.81,27.33,7.47,,True
SPUNWEB,NSE,SM,INE19QH01010,2026-10-09,124.15,125.2,127.0,121.1,124.85,-0.56,125.06,36000,4502040.0,21780.0,1.65,,104.7,114.18,18.57,8.74,False,77.4,167.1,82.1,-25.7,51.22,262,-0.56,27.99,20.65,17.12,26.81,-24.04,True
SRD,NSE,EQ,INE01NE01012,2026-10-09,36.8,37.99,38.9,36.44,37.21,-1.1,37.4,47358,1771264.96,31881.0,1.49,,39.12,46.35,-5.94,-20.6,False,35.82,73.79,36.64,-50.13,0.44,270,-1.1,-3.36,-6.58,-8.68,-16.61,-41.46,False
SREEL,NSE,BE,INE099F01013,2026-10-09,276.15,288.9,288.9,270.65,278.2,-0.74,276.17,3168,874922.35,42891.0,0.07,,269.83,232.78,2.34,18.63,True,46.04,370.3,166.85,-25.43,65.51,270,-0.74,-5.62,-3.95,31.48,46.8,21.88,False
SRF,NSE,EQ,INE647A01010,2026-10-09,2519.5,2490.6,2522.5,2473.8,2485.2,1.38,2503.44,171915,430378298.8,230935.0,0.74,,2554.33,2668.77,-1.36,-5.59,False,50.48,3190.0,2391.5,-21.02,5.35,270,1.38,1.34,-0.1,-9.19,3.47,-10.77,False
SRGHFL,NSE,EQ,INE559N01010,2026-10-09,115.81,119.77,121.3,114.93,120.97,-4.27,115.42,57060,6585682.36,52387.0,1.09,,197.28,254.72,-41.3,-54.53,False,22.8,320.0,115.81,-63.81,0.0,269,-4.27,-14.7,-51.06,-62.19,-56.46,-58.87,False
SRHHYPOLTD,NSE,EQ,INE917H01012,2026-10-09,533.85,532.0,547.95,519.2,534.75,-0.17,531.54,13993,7437784.05,55718.0,0.25,,527.96,513.94,1.12,3.87,True,47.69,627.7,384.0,-14.95,39.02,270,-0.17,-1.79,1.13,7.61,18.79,-6.06,False
SRIKPRIND,NSE,BE,INE009C01019,2026-10-09,23.82,24.85,25.9,23.51,24.7,-3.56,24.65,2263,55787.59,6170.0,0.37,,25.45,22.51,-6.39,5.84,True,36.29,33.82,19.79,-29.57,20.36,37,-3.56,-13.35,-26.39,,,,False
SRIT,NSE,BE,INE307K01028,2026-10-09,132.99,132.99,132.99,132.99,139.98,-4.99,132.99,100645,13384778.55,1535760.0,0.07,,153.37,154.65,-13.29,-14.0,False,,155.09,132.99,-14.25,0.0,4,-4.99,,,,,,False
SRIVASAVI,NSE,ST,INE0NPI01014,2026-10-09,91.0,86.5,91.2,86.5,86.9,4.72,90.53,38000,3440250.0,12950.0,2.93,,78.42,67.91,16.05,34.0,True,66.4,94.35,40.0,-3.55,127.5,257,4.72,23.31,19.74,15.19,96.54,37.98,True
SRM,NSE,EQ,INE0R6Z01013,2026-10-09,408.35,409.6,412.95,401.05,406.3,0.5,406.3,16780,6817658.25,40244.0,0.42,,445.15,475.85,-8.27,-14.19,False,38.41,634.1,373.7,-35.6,9.27,270,0.5,2.41,-11.43,-18.44,-5.17,-23.48,False
SRPL,NSE,BZ,INE008Z01020,2026-08-10,0.34,0.34,0.34,0.32,0.33,3.03,0.33,239095,80021.57,552936.0,0.43,,0.49,0.62,-30.7,-45.42,False,16.74,0.84,0.33,-59.52,3.03,125,3.03,-2.86,-30.61,-49.25,,,False
SRTL,NSE,EQ,INE19GK01015,2026-10-09,36.2,37.3,37.3,36.15,36.8,-1.63,36.44,14079,513102.6,23538.0,0.6,,38.48,47.88,-5.94,-24.39,False,39.77,71.4,36.1,-49.3,0.28,150,-1.63,-0.55,-3.75,-8.42,-23.04,,False
SSDL,NSE,EQ,INE0PQ101010,2026-10-09,66.89,65.85,68.87,65.28,65.01,2.89,67.14,59551,3998177.6,231782.0,0.26,,63.2,64.59,5.84,3.56,False,51.39,88.71,47.16,-24.6,41.84,270,2.89,-3.6,17.1,20.03,9.55,-22.99,False
SSEGL,NSE,SM,INE0RFP01011,2026-10-09,376.2,376.15,381.9,375.0,374.9,0.35,377.49,27600,10418730.0,62620.0,0.44,,380.34,383.8,-1.09,-1.98,False,44.38,558.35,286.95,-32.62,31.1,270,0.35,-2.3,-4.59,17.51,-4.95,-20.93,True
SSFL,NSE,ST,INE0ON201012,2026-10-09,286.65,298.5,298.5,286.0,298.5,-3.97,293.43,4500,1320450.0,8800.0,0.51,,269.58,208.39,6.33,37.56,True,52.56,324.85,86.15,-11.76,232.73,270,-3.97,0.6,3.86,4.62,148.61,92.38,True
SSRETAIL,NSE,EQ,INE1EQW01028,2026-10-09,705.85,684.75,713.95,684.75,681.45,3.58,700.35,3528828,2471431879.05,17502287.0,0.2,,738.94,746.15,-4.48,-5.4,False,,811.8,677.15,-13.05,4.24,12,3.58,-1.19,,,,,False
SSWL,NSE,EQ,INE802C01033,2026-10-09,406.8,410.0,416.9,404.0,410.5,-0.9,409.47,617552,252866906.05,1508488.0,0.41,,349.83,273.16,16.29,48.92,True,62.4,424.7,170.43,-4.21,138.69,270,-0.9,4.09,9.03,65.33,101.89,80.62,False
STALL-RE,NSE,BE,INE0RYC20010,2026-02-23,15.75,15.75,20.5,15.75,26.24,-39.98,15.85,650352,10307142.59,539822.0,1.2,,25.83,26.14,-39.02,-39.74,False,,26.24,15.75,-39.98,0.0,2,-39.98,,,,,,False
STALLION,NSE,BE,INE0RYC01010,2026-10-09,214.43,220.0,223.85,212.8,219.62,-2.36,215.68,437748,94411935.0,347674.0,1.26,,221.37,202.21,-3.13,6.04,True,43.79,414.35,101.83,-48.25,110.58,270,-2.36,-7.5,0.78,4.66,58.64,-14.33,False
STANLEY,NSE,EQ,INE01A001028,2026-10-09,128.34,126.5,129.19,126.0,127.29,0.82,127.78,49956,6383148.81,113273.0,0.44,,139.31,166.57,-7.87,-22.95,False,37.08,300.75,123.7,-57.33,3.75,270,0.82,-5.78,-7.4,-17.84,-3.16,-55.81,False
STAR,NSE,EQ,INE939A01011,2026-10-09,1085.3,1095.0,1102.2,1072.0,1095.3,-0.91,1086.85,189136,205562746.5,255787.0,0.74,,1102.89,1028.39,-1.59,5.53,True,42.54,1235.1,793.55,-12.13,36.77,270,-0.91,0.05,-8.6,0.25,12.54,32.26,False
STARCEMENT,NSE,EQ,INE460H01021,2026-10-09,168.46,170.0,172.39,166.5,169.65,-0.7,168.7,120075,20257134.86,177141.0,0.68,,189.56,211.63,-11.13,-20.4,False,26.53,267.15,168.46,-36.94,0.0,270,-0.7,-5.57,-13.53,-17.93,-21.46,-33.76,False
STARHEALTH,NSE,EQ,INE575P01011,2026-10-09,552.1,545.5,553.95,542.6,545.5,1.21,549.23,209111,114850662.95,1165751.0,0.18,,558.85,529.64,-1.21,4.24,True,49.11,610.4,425.15,-9.55,29.86,270,1.21,2.68,-3.5,-8.48,17.53,23.58,False
STARPAPER,NSE,EQ,INE733A01018,2026-10-09,147.49,148.0,151.99,146.01,149.08,-1.07,147.63,3390,500482.22,15686.0,0.22,,151.97,150.15,-2.95,-1.77,True,39.66,174.8,120.49,-15.62,22.41,270,-1.07,-2.85,-7.43,6.05,8.38,-12.48,False
STARTECK,NSE,EQ,INE992I01013,2026-10-09,257.75,276.95,276.95,253.15,264.25,-2.46,261.09,1069,279106.0,4494.0,0.24,,263.11,268.37,-2.04,-3.96,False,46.9,335.4,216.0,-23.15,19.33,270,-2.46,-11.41,4.39,-8.04,5.7,-17.2,False
STCINDIA,NSE,EQ,INE655A01013,2026-10-09,102.24,102.3,106.38,100.55,102.08,0.16,102.78,31542,3242020.14,13589.0,2.32,,112.62,117.49,-9.21,-12.98,False,25.1,145.09,97.82,-29.53,4.52,270,0.16,-3.51,-10.09,-16.44,-8.22,-22.22,False
STEAMHOUSE,NSE,EQ,INE0FRO01022,2026-10-09,127.9,121.99,133.33,120.99,121.21,5.52,130.73,20550747,2686630027.24,15402188.0,1.33,,107.48,103.96,19.0,23.03,True,48.22,127.9,97.98,0.0,30.54,16,5.52,20.08,,,,,False
STEELCAS,NSE,EQ,INE124E01038,2026-10-09,356.5,364.9,364.9,350.65,360.25,-1.04,356.53,63799,22745980.15,262656.0,0.24,,339.84,292.44,4.9,21.91,True,53.06,377.2,182.36,-5.49,95.49,270,-1.04,0.01,7.51,13.97,35.76,66.69,False
STEELCITY,NSE,EQ,INE395H01011,2026-10-09,81.42,79.5,81.58,79.5,79.97,1.81,80.99,3046,246705.1,16451.0,0.19,,82.6,84.53,-1.43,-3.68,False,45.78,102.03,72.0,-20.2,13.08,270,1.81,1.64,-2.16,3.96,0.37,-19.96,False
STEELXIND,NSE,EQ,INE503B01021,2026-10-09,10.37,10.25,10.44,10.04,10.32,0.48,10.28,5260411,54081820.14,9975446.0,0.53,,11.21,10.54,-7.48,-1.58,True,39.44,13.39,7.03,-22.55,47.51,270,0.48,-7.58,-10.06,-13.66,15.74,8.47,False
STEL,NSE,EQ,INE577L01016,2026-10-09,545.25,561.0,566.5,536.9,567.75,-3.96,548.81,6421,3523888.55,5454.0,1.18,,589.68,536.95,-7.54,1.55,True,33.71,663.55,389.3,-17.83,40.06,270,-3.96,-5.03,-9.34,-3.14,11.97,32.09,False
STERTOOLS,NSE,EQ,INE334A01023,2026-10-09,225.24,229.01,238.95,222.01,231.69,-2.78,232.7,54304,12636349.25,36094.0,1.5,,225.19,241.53,0.02,-6.75,False,52.06,320.8,161.09,-29.79,39.82,270,-2.78,0.43,3.0,-7.03,-6.77,-27.56,False
STLNETWORK,NSE,EQ,INE1VXE01018,2026-10-09,46.35,47.82,48.75,45.82,48.07,-3.58,46.99,6627588,311412749.88,10948926.0,0.61,,37.56,28.68,23.4,61.59,True,58.78,54.61,15.92,-15.13,191.14,270,-3.58,-1.76,46.58,80.63,139.78,56.59,False
STLSTRINF,NSE,BE,INE205F01016,2026-10-09,22.0,22.0,22.0,20.9,22.0,0.0,21.21,1454,30838.7,16710.0,0.09,,21.15,19.79,4.02,11.16,True,50.53,26.52,17.67,-17.04,24.5,36,0.0,2.23,21.48,,,,False
STLTECH,NSE,BE,INE089C01029,2026-10-09,1015.2,993.0,1037.0,975.0,1011.55,0.36,999.79,1326359,1326077949.6,2157257.0,0.61,,786.9,502.67,29.01,101.96,True,75.42,1016.8,86.24,-0.16,1077.18,270,0.36,6.26,23.1,86.94,406.31,796.27,False
STOVEKRAFT,NSE,EQ,INE00IN01015,2026-10-09,802.1,803.15,817.85,794.0,803.1,-0.12,807.93,79858,64519572.75,90677.0,0.88,,798.75,701.89,0.42,14.28,True,46.5,849.25,453.5,-5.55,76.87,270,-0.12,-0.87,-4.45,0.39,48.04,18.36,False
STRIDERS,NSE,SM,INE1XWN01017,2026-10-09,50.0,50.0,51.0,50.0,50.0,0.0,50.15,20800,1043200.0,52800.0,0.39,,56.83,61.67,-12.02,-18.92,False,36.87,74.2,49.95,-32.61,0.1,125,0.0,0.1,-19.35,-0.79,,,True
STUDDS,NSE,EQ,INE00Q601028,2026-10-09,414.5,414.0,466.55,410.0,416.0,-0.36,441.81,3768699,1665054237.15,277871.0,13.56,,425.54,468.09,-2.59,-11.45,False,48.93,574.6,393.85,-27.86,5.24,228,-0.36,3.66,-1.74,-10.15,-8.51,,False
STUDIOLSD,NSE,SM,INE17VO01028,2026-10-09,8.6,8.6,8.6,8.6,8.6,0.0,8.6,2000,17200.0,16500.0,0.12,,9.12,11.57,-5.74,-25.65,False,38.41,20.45,7.4,-57.95,16.22,269,0.0,-2.27,-12.24,-4.97,-11.79,-57.0,True
STYL,NSE,EQ,INE04VU01023,2026-10-09,349.05,359.6,360.75,345.3,354.25,-1.47,351.15,50151,17610339.45,148709.0,0.34,,367.76,335.99,-5.09,3.89,True,38.82,429.25,213.13,-18.68,63.77,253,-1.47,-4.63,-8.95,-2.91,42.67,-15.17,False
STYLAMIND,NSE,EQ,INE239C01020,2026-10-09,3271.0,3240.0,3330.3,3203.0,3243.8,0.84,3273.19,22030,72108330.0,42535.0,0.52,,3329.26,2871.56,-1.75,13.91,True,46.5,3736.4,1667.2,-12.46,96.2,270,0.84,1.59,-2.36,-0.42,46.85,98.63,False
STYLEBAAZA,NSE,EQ,INE01FR01028,2026-10-09,376.05,374.35,383.1,366.15,372.35,0.99,375.95,469417,176478581.75,1297412.0,0.36,,370.22,341.98,1.57,9.96,True,48.93,439.6,237.15,-14.46,58.57,270,0.99,2.09,-2.9,25.22,28.15,1.44,False
STYRENIX,NSE,EQ,INE189B01011,2026-10-09,1999.2,1989.0,2029.5,1980.0,1990.5,0.44,2005.05,21450,43008369.4,29114.0,0.74,,2108.59,2191.14,-5.19,-8.76,False,41.06,2569.3,1798.0,-22.19,11.19,270,0.44,-2.72,-5.47,-11.98,4.09,-14.96,False
SUBAHOTELS,NSE,SM,INE0RYR01018,2026-10-09,90.65,88.6,91.0,86.0,90.1,0.61,88.15,42000,3702120.0,27000.0,1.56,,99.94,119.77,-9.3,-24.31,False,41.44,196.65,88.5,-53.9,2.43,249,0.61,-1.95,-12.42,-22.52,-28.23,,True
SUBEXLTD,NSE,EQ,INE754A01055,2026-10-09,19.18,18.42,19.7,18.03,18.41,4.18,19.09,17374996,331716690.92,15279616.0,1.14,,17.72,13.78,8.22,39.19,True,50.89,22.08,6.68,-13.13,187.13,270,4.18,-0.83,-0.26,44.97,115.26,60.5,False
SUBROS,NSE,EQ,INE287B01021,2026-10-09,676.75,667.5,682.4,656.0,664.5,1.84,668.64,33572,22447437.2,33356.0,1.01,,722.0,780.14,-6.27,-13.25,False,39.23,1164.0,635.25,-41.86,6.53,270,1.84,-1.19,-3.02,-17.64,-6.82,-37.64,False
SUDARCOLOR,NSE,EQ,INE492A01029,2026-10-09,350.4,351.6,360.1,346.0,351.9,-0.43,354.26,5949,2107487.95,5072.0,1.17,,378.53,374.16,-7.43,-6.35,True,33.35,428.6,272.25,-18.25,28.71,178,-0.43,-4.81,-9.07,-5.44,5.1,,False
SUDARSCHEM,NSE,EQ,INE659A01023,2026-10-09,1166.8,1184.0,1194.0,1145.9,1176.8,-0.85,1166.48,127952,149253702.4,224353.0,0.57,,1173.09,1075.49,-0.54,8.49,True,41.89,1345.9,747.6,-13.31,56.07,270,-0.85,-6.02,-4.49,16.77,43.99,-12.55,False
SUDEEPPHRM,NSE,EQ,INE0QPI01025,2026-10-09,1050.3,1110.0,1117.2,1035.8,1114.9,-5.79,1054.41,543547,573121968.9,245567.0,2.21,,1107.85,890.47,-5.19,17.95,True,37.12,1344.2,530.0,-21.86,98.17,213,-5.79,-12.46,-21.86,27.42,70.49,,False
SUKHJITS,NSE,EQ,INE450E01029,2026-10-09,145.63,146.67,149.35,144.0,146.67,-0.71,145.96,8717,1272339.06,15434.0,0.56,,159.16,166.83,-8.5,-12.71,False,27.62,216.65,140.64,-32.78,3.55,270,-0.71,-3.51,-9.26,-15.97,-14.88,-12.43,False
SULA,NSE,EQ,INE142Q01026,2026-10-09,130.96,132.0,132.4,130.01,130.58,0.29,131.2,126966,16658484.52,355977.0,0.36,,141.85,167.86,-7.68,-21.98,False,35.08,264.1,130.58,-50.41,0.29,270,0.29,0.02,-10.61,-12.67,-20.25,-49.7,False
SUMAX,NSE,SM,INE11Z001019,2026-10-09,100.1,96.8,103.35,96.8,98.85,1.26,99.8,31200,3113820.0,150000.0,0.21,,109.1,110.23,-8.25,-9.19,False,38.54,126.45,98.85,-20.84,1.26,26,1.26,-1.14,-8.79,,,,True
SUMEDHA,NSE,EQ,INE886B01012,2026-10-09,40.07,41.0,41.0,40.0,41.95,-4.48,40.65,1206,49024.42,2917.0,0.41,,42.63,43.91,-6.01,-8.75,False,29.21,45.48,38.04,-11.9,5.34,38,-4.48,-7.72,3.49,,,,False
SUMEET-RE,NSE,BE,INE235C20010,2026-07-15,2.33,2.54,2.7,2.26,2.5,-6.8,2.39,52105044,124552804.63,8744702.0,5.96,,5.78,7.73,-59.71,-69.85,False,1.24,8.6,2.26,-72.91,3.1,17,-6.8,-2.1,,,,,False
SUMEETINDS,NSE,EQ,INE235C01036,2026-10-09,11.74,11.23,11.85,11.01,11.4,2.98,11.43,1038955,11873866.22,1108492.0,0.94,,14.36,31.54,-18.26,-62.77,False,48.38,181.3,9.35,-93.52,25.56,270,2.98,13.1,3.07,-62.99,-60.3,-93.22,False
SUMICHEM,NSE,EQ,INE258G01013,2026-10-09,417.3,415.0,422.05,410.3,411.4,1.43,416.16,169451,70518002.2,341770.0,0.5,,470.68,478.27,-11.34,-12.75,False,29.52,564.95,364.45,-26.14,14.5,270,1.43,-0.07,-14.26,-18.77,1.68,-21.74,False
SUMIT,NSE,EQ,INE748Z01013,2026-10-09,47.58,48.0,49.0,46.85,45.92,3.61,47.62,8440,401889.47,24503.0,0.34,,49.92,54.55,-4.68,-12.78,False,43.26,100.39,32.42,-52.6,46.76,270,3.61,-0.38,-3.02,1.58,-5.14,-48.19,False
SUMMITSEC,NSE,EQ,INE519C01017,2026-10-09,1330.8,1325.0,1339.9,1301.0,1305.0,1.98,1329.39,2403,3194535.9,2599.0,0.92,,1405.66,1600.97,-5.33,-16.88,False,38.18,2426.5,1305.0,-45.16,1.98,270,1.98,1.16,-5.22,-14.89,-19.58,-39.09,False
SUN-RE,NSE,ST,INE0PLZ20020,2026-08-28,1.0,1.0,1.0,1.0,1.1,-9.09,1.0,33600,33600.0,38222.0,0.88,,4.66,5.48,-78.56,-81.77,False,,5.8,1.0,-82.76,0.0,9,-9.09,-47.37,,,,,True
SUNCLAY,NSE,EQ,INE0Q3R01026,2026-10-09,1224.4,1124.7,1285.0,1087.0,1100.8,11.23,1242.16,249860,310366419.1,18203.0,13.73,,1252.85,1334.66,-2.27,-8.26,False,49.78,1702.9,1100.8,-28.1,11.23,270,11.23,3.5,-5.33,-9.03,-5.51,-27.17,False
SUNDARAM,NSE,EQ,INE108E01023,2026-10-09,1.03,1.07,1.07,1.01,1.05,-1.9,1.04,616218,641260.36,381186.0,1.62,,1.18,1.38,-12.62,-25.56,False,22.01,2.06,1.03,-50.0,0.0,270,-1.9,-4.63,-14.88,-19.53,-24.26,-46.63,False
SUNDARMFIN,NSE,EQ,INE660A01013,2026-10-09,4113.6,4144.3,4159.3,4095.3,4110.6,0.07,4124.96,40316,166301853.9,49889.0,0.81,,4506.92,4627.0,-8.73,-11.1,False,28.79,5581.5,4069.1,-26.3,1.09,270,0.07,-6.42,-12.71,-10.08,-16.05,-6.75,False
SUNDARMHLD,NSE,EQ,INE202Z01029,2025-10-15,684.25,694.0,694.0,666.95,690.4,-0.89,681.1,147641,100558251.9,505211.0,0.29,,577.44,516.49,18.5,32.48,True,80.09,690.4,485.55,-0.89,40.92,28,-0.89,5.03,12.66,,,,False
SUNDRMBRAK,NSE,EQ,INE073D01013,2026-10-09,669.25,652.4,680.0,652.4,669.7,-0.07,668.86,1717,1148436.15,1223.0,1.4,,725.0,719.16,-7.69,-6.94,True,37.45,899.8,465.05,-25.62,43.91,270,-0.07,-0.1,-8.55,-13.9,19.27,-11.69,False
SUNDRMFAST,NSE,EQ,INE387A01021,2026-10-09,1127.8,1115.0,1139.0,1103.9,1108.3,1.76,1124.4,89346,100460327.6,277338.0,0.32,,1139.31,1012.64,-1.01,11.37,True,41.58,1270.0,749.05,-11.2,50.56,270,1.76,0.37,-10.14,19.88,44.54,12.96,False
SUNDROP,NSE,EQ,INE209A01019,2026-10-09,682.1,742.95,751.4,677.4,743.55,-8.26,698.96,191622,133935495.2,50704.0,3.78,,693.02,686.38,-1.58,-0.62,True,40.38,809.75,560.85,-15.76,21.62,270,-8.26,-9.43,3.46,8.9,8.8,-12.82,False
SUNFLAG,NSE,EQ,INE947A01014,2026-10-09,439.8,450.25,457.15,436.2,450.7,-2.42,447.22,276426,123623666.45,834653.0,0.33,,384.21,331.88,14.47,32.52,True,61.12,474.4,194.1,-7.29,126.58,270,-2.42,1.45,30.0,28.33,83.36,67.64,False
SUNLITE,NSE,SM,INE0U2N01013,2026-10-09,642.1,630.1,655.0,630.1,635.5,1.04,643.81,10200,6566910.0,38100.0,0.27,,573.7,446.21,11.92,43.9,True,56.59,705.5,169.1,-8.99,279.72,268,1.04,-0.36,14.12,43.01,67.48,258.72,True
SUNLOC,NSE,EQ,INE671C01016,2026-10-09,66.0,70.51,70.86,66.0,72.5,-8.97,70.08,114,7989.58,237.0,0.48,,71.47,69.7,-7.66,-5.32,True,37.89,80.76,66.0,-18.28,0.0,35,-8.97,-5.85,-17.48,,,,False
SUNPHARMA,NSE,EQ,INE044A01036,2026-10-09,1760.0,1756.2,1776.8,1751.0,1759.8,0.01,1764.95,1346107,2375817649.7,1612463.0,0.83,,1861.25,1817.84,-5.44,-3.18,True,33.66,2001.1,1589.3,-12.05,10.74,270,0.01,-2.28,-6.68,-9.07,2.65,10.39,False
SUNRAKSHAK,NSE,EQ,INE671K01027,2026-10-09,360.4,359.8,361.9,354.0,353.8,1.87,359.97,12492,4496731.0,7602.0,1.64,,368.37,374.96,-2.16,-3.88,False,44.07,380.45,353.8,-5.27,1.87,38,1.87,0.42,-3.57,,,,False
SUNREST,NSE,SM,INE0PLZ01012,2026-10-08,36.75,38.5,38.5,36.75,38.5,-4.55,37.33,4800,179200.0,6160.0,0.78,,37.92,41.06,-3.1,-10.49,False,47.42,49.65,30.05,-25.98,22.3,151,-4.55,-2.0,-7.2,1.38,-15.81,,True
SUNREST-RE,NSE,ST,INE0PLZ20012,2026-04-27,0.3,0.35,0.35,0.3,0.35,-14.29,0.3,32000,9680.0,20114.0,1.59,,1.11,1.39,-72.94,-78.35,False,,1.5,0.3,-80.0,0.0,14,-14.29,-25.0,,,,,True
SUNSHIEL,NSE,EQ,INE199E01014,2026-10-09,1073.6,1055.5,1080.0,1050.0,1048.3,2.41,1066.02,440,469047.0,3465.0,0.13,,1166.37,1208.19,-7.95,-11.14,False,45.3,1273.4,1047.4,-15.69,2.5,38,2.41,1.38,-13.38,,,,False
SUNSHINE,NSE,EQ,INE1B3O01011,2026-10-09,440.2,436.3,446.45,426.95,432.8,1.71,436.92,126656,55338533.5,1600038.0,0.08,,416.92,386.71,5.58,13.83,True,52.14,509.7,333.95,-13.64,31.82,32,1.71,-2.83,-10.01,,,,False
SUNTECH,NSE,SM,INE0SGZ01016,2026-10-09,38.45,37.2,38.45,37.0,36.5,5.34,37.55,4800,180240.0,6960.0,0.69,,37.51,40.05,2.52,-4.01,False,51.84,63.8,28.7,-39.73,33.97,260,5.34,4.63,-4.0,17.23,17.58,-39.5,True
SUNTECK,NSE,EQ,INE805D01034,2026-10-09,271.15,272.85,274.35,266.1,271.6,-0.17,271.04,79246,21479148.7,116241.0,0.68,,291.48,330.7,-6.97,-18.01,False,34.51,462.95,271.15,-41.43,0.0,270,-0.17,-2.97,-8.36,-17.13,-14.11,-34.69,False
SUNTV,NSE,EQ,INE424H01027,2026-10-09,635.9,613.0,639.95,608.6,614.2,3.53,632.06,1787414,1129747873.8,3535060.0,0.51,,520.14,530.26,22.25,19.92,False,76.61,652.45,449.3,-2.54,41.53,270,3.53,6.0,40.22,27.26,5.86,21.48,False
SUPERHOUSE,NSE,EQ,INE712B01010,2026-10-09,153.08,150.1,155.0,150.1,152.11,0.64,153.16,3957,606051.31,6112.0,0.65,,162.94,158.35,-6.05,-3.33,True,33.7,180.05,129.65,-14.98,18.07,270,0.64,-1.02,-10.32,-2.98,1.53,-8.04,False
SUPERSPIN,NSE,BE,INE662A01027,2026-10-09,6.8,6.87,6.97,6.7,6.87,-1.02,6.75,11907,80334.19,32078.0,0.37,,6.74,6.58,0.83,3.34,True,42.93,9.67,3.87,-29.68,75.71,270,-1.02,-9.45,-1.02,33.33,37.1,-25.68,False
SUPRAJIT,NSE,EQ,INE399C01030,2026-10-09,457.65,466.1,466.2,452.4,470.85,-2.8,457.9,103712,47489704.75,92266.0,1.12,,486.21,469.53,-5.87,-2.53,True,37.38,531.25,397.25,-13.85,15.2,270,-2.8,-4.86,-3.77,-10.09,7.08,-1.11,False
SUPREME,NSE,EQ,INE822E01011,2026-10-09,29.63,30.0,30.0,29.12,29.96,-1.1,29.64,4084,121052.91,29878.0,0.14,,36.13,49.4,-17.99,-40.03,False,25.07,96.68,29.63,-69.35,0.0,270,-1.1,-4.67,-20.26,-37.17,-46.17,-65.18,False
SUPREMEENG,NSE,BZ,INE319Z01021,2026-10-09,4.65,4.65,4.65,4.65,4.56,1.97,4.65,91528,425605.2,461731.0,0.2,,3.25,1.99,43.04,133.83,True,99.49,4.65,0.72,0.0,545.83,220,1.97,9.67,47.62,187.04,347.12,,False
SUPREMEIND,NSE,EQ,INE195A01028,2026-10-09,3474.8,3464.7,3504.6,3414.1,3462.0,0.37,3453.75,178497,616483166.6,156256.0,1.14,,3483.74,3625.1,-0.26,-4.15,False,49.85,4264.2,3157.8,-18.51,10.04,270,0.37,2.8,-2.2,4.68,-8.27,-17.65,False
SUPREMEINF,NSE,EQ,INE550H01011,2026-10-09,51.14,51.5,52.67,45.29,49.92,2.44,49.57,477457,23668482.48,130269.0,3.67,,77.25,82.3,-33.8,-37.86,False,17.75,110.17,49.92,-53.58,2.44,270,2.44,-23.6,-39.91,-36.35,-26.51,-50.84,False
SUPREMEPWR,NSE,SM,INE0QHG01026,2026-10-09,273.95,259.5,277.8,258.0,252.6,8.45,270.3,232000,62709750.0,98775.0,2.35,,221.79,213.95,23.52,28.04,True,73.44,280.15,137.05,-2.21,99.89,270,8.45,31.45,17.4,26.98,50.07,36.7,True
SUPRIYA,NSE,EQ,INE07RO01027,2026-10-09,847.65,864.3,872.3,840.1,861.35,-1.59,852.2,137536,117208797.9,301130.0,0.46,,887.42,807.07,-4.48,5.03,True,39.94,1052.5,553.35,-19.46,53.19,270,-1.59,-8.95,-7.43,-0.81,33.08,16.27,False
SUPTANERY,NSE,BE,INE460D01038,2026-10-09,8.52,8.92,9.25,8.45,8.89,-4.16,8.52,125133,1065799.94,148921.0,0.84,,9.26,7.92,-7.96,7.64,True,51.93,15.44,6.83,-44.82,24.74,38,-4.16,5.71,-28.82,,,,False
SURAJEST,NSE,EQ,INE843S01025,2026-10-09,202.34,197.0,204.33,195.15,196.86,2.78,199.39,65341,13028114.37,309290.0,0.21,,199.67,217.07,1.34,-6.78,False,51.04,302.05,168.69,-33.01,19.95,270,2.78,1.09,16.34,-1.11,-3.16,-27.52,False
SURAJLTD,NSE,EQ,INE713C01016,2026-10-09,203.68,184.01,205.0,184.01,184.57,10.35,195.91,5819,1139996.84,1482.0,3.93,,204.23,230.61,-0.27,-11.68,False,55.2,345.1,181.7,-40.98,12.1,270,10.35,5.26,1.74,-12.74,-22.09,-35.89,False
SURAKSHA,NSE,EQ,INE877V01027,2026-10-09,316.25,311.45,333.0,303.85,309.4,2.21,313.46,28941,9071922.65,87378.0,0.33,,320.08,295.04,-1.2,7.19,True,41.28,356.0,227.95,-11.17,38.74,270,2.21,-9.68,-7.01,19.66,20.72,6.0,False
SURANASOL,NSE,EQ,INE272L01022,2026-10-09,23.41,23.95,23.96,23.3,23.73,-1.35,23.65,14383,340195.1,25421.0,0.57,,25.36,26.46,-7.7,-11.52,False,34.56,33.36,18.78,-29.83,24.65,270,-1.35,-3.06,-10.07,-9.09,-0.04,-27.72,False
SURANAT&P,NSE,EQ,INE130B01031,2026-10-09,15.54,15.68,15.98,15.17,15.61,-0.45,15.62,21260,332040.56,41392.0,0.51,,16.42,18.18,-5.38,-14.51,False,37.79,23.32,15.54,-33.36,0.0,270,-0.45,-2.75,-5.36,-16.94,-17.03,-29.52,False
SURANI,NSE,SM,INE01ZJ01015,2026-10-09,160.05,163.5,165.85,151.5,161.9,-1.14,160.54,23400,3756640.0,22230.0,1.05,,108.19,98.71,47.94,62.15,True,82.41,161.9,48.0,-1.14,233.44,245,-1.14,59.97,60.05,61.1,103.63,,True
SURYALA,NSE,EQ,INE132C01027,2026-10-09,378.95,376.25,394.9,376.25,376.35,0.69,378.52,411,155573.5,712.0,0.58,,393.61,389.28,-3.72,-2.65,True,43.55,481.95,336.0,-21.37,12.78,120,0.69,0.38,-7.57,-14.86,,,False
SURYALAXMI,NSE,EQ,INE713B01026,2026-10-09,55.5,55.61,57.0,55.32,55.6,-0.18,55.79,2124,118495.57,3054.0,0.7,,57.71,58.4,-3.82,-4.97,False,42.62,63.39,43.11,-12.45,28.74,270,-0.18,-1.02,-4.84,-5.13,2.91,-11.07,False
SURYAROSNI,NSE,EQ,INE335A01020,2026-10-09,208.33,213.3,214.1,207.21,213.0,-2.19,209.69,262056,54950670.95,445569.0,0.59,,222.79,240.69,-6.49,-13.44,False,35.16,305.45,188.08,-31.8,10.77,270,-2.19,-5.59,-3.56,-19.0,-4.38,-27.23,False
SURYODAY,NSE,EQ,INE428Q01011,2026-10-09,147.93,149.0,153.15,147.0,149.05,-0.75,149.08,275822,41120222.9,234744.0,1.17,,153.66,152.2,-3.73,-2.81,True,47.1,194.31,116.44,-23.87,27.04,270,-0.75,3.05,-4.48,-19.74,7.06,9.59,False
SUTLEJTEX,NSE,EQ,INE645H01027,2026-10-09,34.23,35.99,36.52,34.12,35.25,-2.89,34.44,356934,12293491.48,42596.0,8.38,,37.83,36.41,-9.51,-5.99,True,29.98,40.89,24.18,-16.29,41.56,270,-2.89,-5.55,-15.69,-9.87,15.8,1.72,False
SUULD,NSE,BZ,INE591Q01016,2025-12-29,1.57,1.43,1.57,1.43,1.5,4.67,1.51,114757,172858.75,96199.0,1.19,,1.85,1.94,-15.14,-18.88,False,45.99,2.01,1.5,-21.89,4.67,17,4.67,-7.65,,,,,False
SUVEN,NSE,EQ,INE495B01038,2026-10-09,282.75,288.9,290.65,280.7,288.9,-2.13,284.06,583282,165687130.6,477583.0,1.22,,328.35,271.49,-13.89,4.15,True,26.83,392.05,126.65,-27.88,123.25,270,-2.13,-8.29,-23.56,-20.99,67.25,38.46,False
SUVIDHAA,NSE,EQ,INE018401013,2026-10-09,2.11,2.07,2.15,2.02,2.07,1.93,2.1,68041,142833.04,180712.0,0.38,,2.29,2.78,-7.86,-24.03,False,42.02,4.13,2.06,-48.91,2.43,270,1.93,1.93,-8.66,-17.25,-27.49,-47.38,False
SUYOG,NSE,EQ,INE442P01014,2026-10-09,645.05,651.35,661.95,638.05,643.3,0.27,648.24,12824,8313001.55,25780.0,0.5,,717.22,742.57,-10.06,-13.13,False,37.83,901.4,535.2,-28.44,20.53,270,0.27,-6.5,-9.61,-26.03,-16.12,-15.86,False
SUZLON,NSE,EQ,INE040H01021,2026-10-09,37.6,36.63,37.74,36.31,36.43,3.21,37.14,57534896,2137091484.31,59571766.0,0.97,,44.16,49.25,-14.85,-23.66,False,26.1,59.99,36.43,-37.32,3.21,270,3.21,-3.37,-17.36,-30.27,-14.99,-31.7,False
SVGLOBAL,NSE,EQ,INE159L01013,2026-10-09,135.98,134.0,137.99,132.31,136.06,-0.06,134.9,606,81748.13,6890.0,0.09,,140.56,142.08,-3.26,-4.29,False,40.29,163.62,118.0,-16.89,15.24,38,-0.06,2.29,-11.05,,,,False
SVLL,NSE,EQ,INE00CE01017,2026-10-09,795.9,799.3,833.3,787.3,801.3,-0.67,800.29,5932,4747310.85,7197.0,0.82,,787.98,718.29,1.01,10.81,True,46.84,867.65,479.9,-8.27,65.85,269,-0.67,1.16,-0.54,18.86,39.42,3.63,False
SVPGLOB,NSE,EQ,INE308E01029,2026-10-09,3.44,3.13,3.44,2.9,3.13,9.9,3.27,337131,1103294.09,54553.0,6.18,,3.47,3.6,-0.91,-4.47,False,54.92,6.89,2.24,-50.07,53.57,270,9.9,10.97,-1.99,-9.95,35.43,-3.1,False
SWANCORP,NSE,EQ,INE665A01038,2026-10-09,261.5,260.0,265.35,255.0,260.25,0.48,259.86,1028060,267152535.75,3901147.0,0.26,,292.02,338.11,-10.45,-22.66,False,31.5,480.3,260.25,-45.55,0.48,270,0.48,-4.14,-5.53,-18.08,-20.9,-42.49,False
SWANDEF,NSE,BE,INE542F01020,2026-10-09,2816.8,2790.0,2850.0,2681.1,2785.1,1.14,2803.55,34005,95334881.0,20070.0,1.69,,2568.66,1968.63,9.66,43.08,True,65.39,2816.8,498.6,0.0,464.94,185,1.14,3.63,13.4,26.14,55.25,,False
SWARAJ,NSE,BE,INE0GMR01016,2026-10-09,359.05,361.0,364.85,355.0,363.6,-1.25,359.67,24552,8830545.8,141676.0,0.17,,344.06,299.79,4.36,19.77,True,54.25,388.6,162.2,-7.6,121.36,270,-1.25,-4.9,1.2,9.99,21.51,120.28,False
SWARAJENG,NSE,EQ,INE277A01016,2026-10-09,3439.1,3510.0,3510.0,3416.5,3491.6,-1.5,3439.97,7927,27268633.9,7707.0,1.03,,3583.85,3716.06,-4.04,-7.45,False,30.36,4361.1,3308.9,-21.14,3.93,270,-1.5,-2.92,-5.33,-9.0,-8.65,-16.82,False
SWARNSAR,NSE,EQ,INE967A01012,2026-10-09,39.07,39.89,41.24,39.06,39.1,-0.08,39.93,8959,357740.41,20480.0,0.44,,38.13,36.7,2.48,6.46,True,44.24,42.04,33.98,-7.06,14.98,38,-0.08,1.64,-6.13,,,,False
SWASTIK,NSE,ST,INE0DGC01025,2026-10-08,17.4,18.3,18.3,17.4,18.3,-4.92,17.94,4800,86100.0,3600.0,1.33,,18.61,21.51,-6.53,-19.11,False,42.67,34.25,13.0,-49.2,33.85,222,-4.92,-11.9,-17.14,-7.45,-20.18,,True
SWASTIKAIN,NSE,BE,INE1QJA01015,2026-10-09,219.37,209.58,230.7,209.58,220.61,-0.56,213.72,360978,77148211.45,1076996.0,0.34,,210.56,210.14,4.19,4.39,True,,220.61,200.13,-0.56,9.61,7,-0.56,1.78,,,,,False
SWELECTES,NSE,EQ,INE409B01013,2026-10-09,618.05,584.0,646.75,573.05,581.6,6.27,620.89,169423,105192447.55,28453.0,5.95,,596.73,626.87,3.57,-1.41,False,58.12,934.25,496.45,-33.85,24.49,270,6.27,4.24,5.87,-4.19,14.49,-29.26,False
SWIGGY,NSE,EQ,INE00H001014,2026-10-09,234.2,235.5,237.9,232.4,234.95,-0.32,235.11,9760923,2294879166.7,14044279.0,0.7,,265.18,296.01,-11.68,-20.88,False,29.72,448.4,234.2,-47.77,0.0,270,-0.32,-1.6,-15.05,-14.29,-15.65,-44.63,False
SWISSMLTRY,NSE,BE,INE010C01025,2026-10-09,13.99,13.7,14.4,13.7,13.92,0.5,14.1,47230,665776.3,71992.0,0.66,,14.45,13.88,-3.18,0.77,True,51.69,17.74,13.36,-21.14,4.72,38,0.5,0.29,-8.32,,,,False
SWSOLAR,NSE,EQ,INE00M201021,2026-10-09,162.12,163.5,163.85,159.5,160.09,1.27,161.74,815781,131945672.12,1311509.0,0.62,,185.2,204.2,-12.46,-20.61,False,33.91,249.99,148.88,-35.15,8.89,270,1.27,-1.64,-11.93,-31.46,-8.6,-33.05,False
SYLVANPLY,NSE,SM,INE01IH01015,2026-10-08,48.95,47.55,48.95,47.5,50.0,-2.1,47.9,8000,383200.0,5300.0,1.51,,53.64,58.27,-8.74,-16.0,False,39.41,73.0,40.0,-32.95,22.38,168,-2.1,-11.8,-8.85,-14.87,-24.69,,True
SYMBIOTEC,NSE,EQ,INE899I01028,2026-10-09,1087.5,1081.0,1112.5,1078.1,1093.8,-0.58,1091.92,402278,439254962.8,1343665.0,0.3,,1103.76,1099.2,-1.47,-1.06,True,45.71,1198.0,1003.35,-9.22,8.39,27,-0.58,-9.22,-0.6,,,,False
SYMPHONY,NSE,EQ,INE225D01027,2026-10-09,540.75,540.0,544.85,534.25,538.85,0.35,540.42,31566,17058831.8,57201.0,0.55,,603.46,716.38,-10.39,-24.52,False,31.51,957.75,538.85,-43.54,0.35,270,0.35,-5.41,-11.79,-24.91,-27.9,-40.26,False
SYNCOMF,NSE,EQ,INE312C01025,2026-10-09,23.28,23.73,24.15,22.15,23.57,-1.23,23.3,14864967,346333119.39,32898228.0,0.45,,19.47,16.17,19.58,43.93,True,58.85,26.18,10.3,-11.08,126.02,270,-1.23,-2.84,11.02,64.17,77.57,44.24,False
SYNGENE,NSE,EQ,INE398R01022,2026-10-09,347.4,346.1,351.95,344.45,346.0,0.4,348.34,379586,132226073.45,607600.0,0.62,,386.87,452.15,-10.2,-23.17,False,28.77,663.85,346.0,-47.67,0.4,270,0.4,-3.85,-10.36,-17.35,-12.94,-44.22,False
SYNOPTICS,NSE,SM,INE0BTR01012,2026-10-07,48.35,48.35,48.35,48.35,50.85,-4.92,48.35,1200,58020.0,2550.0,0.47,,56.56,62.42,-14.51,-22.54,False,40.42,111.0,39.65,-56.44,21.94,210,-4.92,2.65,-24.16,0.21,0.42,,True
SYRMA,NSE,EQ,INE0DYJ01015,2026-10-09,1719.9,1683.0,1734.0,1675.8,1680.9,2.32,1710.66,980252,1676881100.5,2351226.0,0.42,,1570.26,1237.91,9.53,38.94,True,56.72,1782.9,640.15,-3.53,168.67,270,2.32,0.12,4.92,18.46,103.63,124.12,False
SYSTANGO,NSE,SM,INE0O7R01011,2026-10-09,212.95,214.5,217.85,212.0,213.1,-0.07,214.55,13600,2917900.0,18540.0,0.73,,221.39,237.99,-3.81,-10.52,False,41.41,397.9,210.45,-46.48,1.19,270,-0.07,-2.9,-6.29,-2.98,-22.14,-4.29,True
SYSTMTXC,NSE,BE,INE356B01024,2026-10-09,73.0,74.0,74.01,73.0,73.0,0.0,73.9,9616,710594.38,10769.0,0.89,,68.44,80.04,6.67,-8.8,False,57.72,168.67,52.65,-56.72,38.65,250,0.0,-1.3,9.94,12.36,6.34,,False
TAALTECH,NSE,EQ,INE524T01029,2026-10-09,1018.4,1069.8,1078.9,1010.0,1041.5,-2.22,1036.57,28184,29214774.4,77033.0,0.37,,3059.28,3311.81,-66.71,-69.25,False,24.32,5714.6,929.7,-82.18,9.54,120,-2.22,7.88,-77.53,-73.37,,,False
TAC,NSE,ST,INE0SOY01013,2026-10-09,397.65,382.7,403.75,382.7,402.8,-1.28,384.57,74800,28765970.0,56000.0,1.34,,442.11,537.72,-10.06,-26.05,False,39.14,1363.0,348.4,-70.83,14.14,270,-1.28,2.91,-8.66,-4.5,-32.09,-61.89,True
TAINWALCHM,NSE,EQ,INE123C01018,2026-10-09,219.26,204.0,229.45,198.0,203.35,7.82,217.89,21625,4711881.38,5150.0,4.2,,208.2,202.72,5.31,8.16,True,60.47,232.0,158.19,-5.49,38.61,270,7.82,7.86,3.26,13.41,19.59,5.09,False
TAJGVK,NSE,EQ,INE586B01026,2026-10-09,325.9,324.8,330.05,320.1,322.4,1.09,325.15,117581,38231902.85,58764.0,2.0,,333.24,351.62,-2.2,-7.31,False,48.35,433.6,284.95,-24.84,14.37,270,1.09,3.49,-2.06,-12.32,-4.25,-21.19,False
TAKE,NSE,EQ,INE142I01023,2026-10-09,13.35,13.35,13.35,13.35,12.72,4.95,13.35,79070,1055584.5,316583.0,0.25,,17.35,24.71,-23.08,-45.97,False,39.07,50.14,11.55,-73.37,15.58,270,4.95,5.53,-12.34,-41.09,-69.46,16.19,False
TALBROAUTO,NSE,EQ,INE187D01029,2026-10-09,402.05,405.0,409.9,398.8,405.35,-0.81,403.58,94099,37976899.7,319646.0,0.29,,420.62,360.74,-4.41,11.45,True,38.59,476.7,224.05,-15.66,79.45,270,-0.81,-4.21,-5.18,-1.48,58.34,36.84,False
TAMBOLIIN,NSE,BE,INE864J01012,2026-10-09,290.6,289.1,298.95,281.55,290.55,0.02,286.98,903,259139.15,7245.0,0.12,,267.61,215.69,8.59,34.73,True,54.7,306.85,150.05,-5.3,93.67,120,0.02,0.21,6.8,33.46,,,False
TANAA,NSE,EQ,INE692C01020,2026-10-09,325.9,331.05,341.55,322.55,330.35,-1.35,330.45,44650,14754581.85,134090.0,0.33,,308.42,302.42,5.67,7.76,True,56.15,367.05,251.5,-11.21,29.58,38,-1.35,0.54,17.67,,,,False
TANKUP,NSE,ST,INE0Z7N01017,2026-10-07,1823.45,1823.45,1823.45,1810.0,1787.7,2.0,1823.22,21500,39199125.0,4438.0,4.85,,1462.98,978.37,24.64,86.38,True,76.54,1823.45,368.85,0.0,394.36,237,2.0,6.08,14.11,82.59,256.63,,True
TANLA,NSE,EQ,INE483C01032,2026-10-09,498.35,492.0,509.1,492.0,493.35,1.01,501.44,412653,206922721.45,342151.0,1.21,,519.89,537.87,-4.14,-7.35,False,45.17,724.3,377.45,-31.2,32.03,270,1.01,2.17,-2.85,-9.42,9.43,-24.12,False
TAPIFRUIT,NSE,SM,INE0M7001010,2026-09-28,43.5,43.5,43.5,43.5,43.5,0.0,43.5,750,32625.0,2062.0,0.36,,54.46,72.11,-20.12,-39.67,False,31.53,99.85,43.5,-56.43,0.0,112,0.0,-11.22,-21.2,-29.84,,,True
TARACHAND,NSE,EQ,INE555Z01020,2026-10-09,46.05,46.5,46.99,45.02,46.11,-0.13,45.86,33470,1534985.17,50585.0,0.66,,48.83,57.27,-5.69,-19.59,False,40.3,94.78,45.97,-51.41,0.17,270,-0.13,-0.65,-3.42,-17.21,-24.93,-32.58,False
TARAPUR,NSE,EQ,INE747K01017,2026-10-09,16.58,16.4,16.58,16.1,13.82,19.97,16.54,810771,13413019.91,70443.0,11.51,,13.96,19.55,18.78,-15.2,False,74.73,38.37,11.52,-56.79,43.92,270,19.97,35.9,29.23,-8.75,-30.86,-36.45,False
TARC,NSE,EQ,INE0EK901012,2026-10-09,117.47,118.32,120.0,113.75,117.55,-0.07,116.61,845541,98596704.74,369065.0,2.29,,126.15,133.71,-6.88,-12.14,False,33.68,182.57,111.59,-35.66,5.27,270,-0.07,-6.46,-10.69,-5.43,-7.04,-25.18,False
TARIL,NSE,EQ,INE763I01026,2026-10-09,290.65,283.45,293.7,278.1,282.75,2.79,286.87,2355379,675697179.6,4633954.0,0.51,,292.34,319.9,-0.58,-9.14,False,53.48,497.05,229.58,-41.52,26.6,270,2.79,3.51,-2.19,-15.69,3.25,-40.26,False
TARMAT,NSE,EQ,INE924H01018,2026-10-09,55.84,55.15,57.8,55.15,55.15,1.25,55.97,4346,243249.08,23187.0,0.19,,56.06,53.88,-0.38,3.64,True,47.42,71.14,47.48,-21.51,17.61,270,1.25,-2.43,-10.3,13.31,0.98,9.9,False
TARSONS,NSE,EQ,INE144Z01023,2026-10-09,320.95,330.55,331.75,319.65,327.65,-2.04,324.28,74185,24056612.15,425412.0,0.17,,320.56,279.43,0.12,14.86,True,46.55,361.5,166.46,-11.22,92.81,270,-2.04,-2.57,-1.29,5.82,65.02,5.18,False
TASTYBITE,NSE,EQ,INE488B01017,2026-10-09,8758.0,8976.5,9151.0,8692.5,8999.0,-2.68,8821.96,1934,17061668.5,2193.0,0.88,,9529.04,8777.06,-8.09,-0.22,True,26.92,10392.0,6453.5,-15.72,35.71,270,-2.68,-7.36,-11.11,-3.69,23.95,-1.21,False
TATACAP,NSE,EQ,INE976I01016,2026-10-09,318.7,315.0,319.4,312.85,314.9,1.21,317.66,997155,316753661.7,1610214.0,0.62,,345.47,341.44,-7.75,-6.66,True,34.12,382.7,297.8,-16.72,7.02,245,1.21,-0.19,-13.41,-11.62,-2.36,,False
TATACHEM,NSE,EQ,INE092A01019,2026-10-09,589.75,598.75,605.3,586.45,592.95,-0.54,596.58,965015,575706261.05,3833895.0,0.25,,651.34,713.97,-9.46,-17.4,False,36.2,926.75,583.25,-36.36,1.11,270,-0.54,-2.97,-2.95,-18.21,-8.98,-35.89,False
TATACOMM,NSE,EQ,INE151A01013,2026-10-09,1656.7,1677.1,1677.3,1621.0,1677.4,-1.23,1641.16,307617,504847798.6,246017.0,1.25,,1722.41,1720.16,-3.82,-3.69,True,40.58,2061.7,1347.9,-19.64,22.91,270,-1.23,-1.56,-5.48,-10.75,12.81,2.69,False
TATACONSUM,NSE,EQ,INE192A01025,2026-10-09,955.0,950.0,959.1,948.4,951.9,0.33,953.57,947397,903405807.95,1262880.0,0.75,,1016.97,1083.91,-6.09,-11.89,False,37.53,1271.0,949.5,-24.86,0.58,270,0.33,-0.21,-5.83,-14.11,-10.62,-15.43,False
TATAELXSI,NSE,EQ,INE670A01012,2026-10-09,3130.0,3014.9,3165.0,3010.6,2996.0,4.47,3115.52,627867,1956132696.1,281548.0,2.23,,3421.13,4092.03,-8.51,-23.51,False,37.73,5853.0,2996.0,-46.52,4.47,270,4.47,1.2,-10.37,-15.18,-29.42,-40.12,False
TATAGOLD,NSE,EQ,INF277KA1976,2026-10-09,14.42,14.33,14.46,14.33,14.21,1.48,14.41,30995307,446616311.4,40827306.0,0.76,,14.53,14.05,-0.75,2.6,True,47.01,17.36,11.37,-16.94,26.82,270,1.48,0.98,-2.5,3.89,-1.1,27.61,False
TATAINVEST,NSE,EQ,INE672A01026,2026-10-09,599.25,607.65,609.85,596.0,609.3,-1.65,599.92,292603,175538375.75,2486984.0,0.12,,649.59,1227.43,-7.75,-51.18,False,35.01,10580.0,541.15,-94.34,10.74,270,-1.65,-2.57,-3.67,-13.62,-3.22,-94.2,False
TATAMOTORS,NSE,EQ,INE155A01022,2025-10-23,405.85,407.5,408.9,403.6,401.85,1.0,406.59,14126009,5743428765.75,19553304.0,0.72,,621.51,672.97,-34.7,-39.69,False,25.37,719.5,390.85,-43.59,3.84,33,1.0,3.84,-41.71,,,,False
TATAPOWER,NSE,EQ,INE245A01021,2026-10-09,342.15,335.55,342.15,333.6,335.65,1.94,339.68,4378116,1487160235.0,3945173.0,1.11,,365.62,381.98,-6.42,-10.43,False,35.0,461.8,335.65,-25.91,1.94,270,1.94,-2.28,-6.4,-10.27,-13.37,-11.96,False
TATASTEEL,NSE,EQ,INE081A01020,2026-10-09,173.8,171.0,174.44,170.23,171.96,1.07,173.27,13053584,2261828103.94,24776490.0,0.53,,184.95,188.78,-6.03,-7.94,False,35.46,221.13,160.67,-21.4,8.17,270,1.07,-2.36,-5.62,-9.1,-14.88,2.98,False
TATATECH,NSE,EQ,INE142M01025,2026-10-09,715.85,698.75,736.0,695.1,694.65,3.05,724.3,2592329,1877612217.6,959535.0,2.7,,745.67,707.65,-4.0,1.16,True,43.85,879.15,509.2,-18.57,40.58,270,3.05,2.44,-10.35,-0.38,27.52,6.92,False
TATSILV,NSE,EQ,INF277KA1984,2026-10-09,21.31,21.15,21.36,21.15,20.9,1.96,21.29,26623905,566804556.43,38335946.0,0.69,,22.05,21.62,-3.34,-1.45,True,43.38,34.94,13.65,-39.01,56.12,270,1.96,0.52,-5.04,0.47,-9.09,54.31,False
TATVA,NSE,EQ,INE0GK401011,2026-10-09,1804.8,1850.1,1880.9,1782.1,1855.6,-2.74,1819.47,77489,140989254.7,94934.0,0.82,,1687.93,1436.55,6.92,25.63,True,53.59,1991.2,1028.1,-9.36,75.55,270,-2.74,3.53,7.42,36.06,50.11,78.36,False
TAURIAN,NSE,ST,INE0XWS01018,2026-10-09,622.25,630.15,637.0,622.25,655.0,-5.0,624.79,24000,14995000.0,28760.0,0.83,,508.77,366.36,22.3,69.85,True,65.1,655.5,196.0,-5.07,217.47,263,-5.0,5.74,31.43,68.7,165.86,109.72,True
TBI,NSE,SM,INE0N2D01013,2026-10-09,73.2,72.6,74.7,72.5,72.95,0.34,73.12,15000,1096830.0,68670.0,0.22,,71.05,71.58,3.03,2.27,False,50.45,94.85,56.5,-22.83,29.56,270,0.34,8.36,7.17,14.38,3.24,-18.67,True
TBOTEK,NSE,EQ,INE673O01025,2026-10-09,1666.4,1670.5,1679.9,1636.0,1666.5,-0.01,1660.99,209266,347588139.7,263632.0,0.79,,1642.63,1508.11,1.45,10.5,True,48.24,1745.1,1018.0,-4.51,63.69,270,-0.01,-0.31,-1.66,10.73,43.33,9.26,False
TBZ,NSE,BE,INE760L01018,2026-10-09,594.95,555.3,594.95,540.75,566.65,4.99,572.55,239097,136893963.95,782172.0,0.31,,471.83,286.69,26.1,107.52,True,58.25,692.45,111.51,-14.08,433.54,270,4.99,-4.57,7.14,160.55,324.69,226.68,False
TCC,NSE,EQ,INE887D01024,2026-10-09,43.93,44.9,45.22,43.5,44.84,-2.03,44.09,292590,12901258.56,4552830.0,0.06,,136.24,293.77,-67.76,-85.05,False,16.65,466.25,41.08,-90.58,6.94,153,-2.03,-7.46,-10.47,-86.32,-88.03,,False
TCI,NSE,EQ,INE688A01022,2026-10-09,851.45,867.15,867.15,825.0,877.05,-2.92,854.16,26266,22435322.0,358194.0,0.07,,879.68,953.29,-3.21,-10.68,False,43.98,1227.6,807.25,-30.64,5.48,270,-2.92,-2.92,-2.41,-8.96,-15.53,-27.92,False
TCIEXP,NSE,EQ,INE586V01016,2026-10-09,466.15,485.0,487.0,460.55,477.2,-2.32,468.52,70741,33143225.5,344557.0,0.21,,519.57,550.54,-10.28,-15.33,False,36.16,732.1,461.0,-36.33,1.12,270,-2.32,-7.65,-15.31,-16.72,-11.23,-36.55,False
TCIFINANCE,NSE,EQ,INE911B01018,2026-10-09,14.13,13.26,14.69,13.26,14.11,0.14,13.99,20730,290097.04,16060.0,1.29,,15.1,15.56,-6.4,-9.19,False,35.25,36.63,10.86,-61.43,30.11,270,0.14,-3.81,-5.8,-13.37,-6.61,22.98,False
TCL,NSE,SM,INE0QJL01014,2026-10-09,127.1,129.0,130.0,127.0,131.0,-2.98,129.63,92000,11926400.0,83840.0,1.1,,126.15,112.79,0.75,12.69,True,47.06,142.9,75.55,-11.06,68.23,266,-2.98,-9.31,14.2,1.68,61.09,7.67,True
TCPLPACK,NSE,EQ,INE822C01015,2026-10-09,4274.7,4090.0,4298.0,3996.4,3994.4,7.02,4208.24,45318,190709077.7,10082.0,4.5,,3801.28,3286.85,12.45,30.05,True,63.79,4394.9,2214.1,-2.73,93.07,270,7.02,8.85,10.32,41.59,72.12,28.5,False
TCS,NSE,EQ,INE467B01029,2026-10-09,2156.0,2086.0,2204.0,2086.0,2076.0,3.85,2168.71,11692314,25357200516.5,3786657.0,3.09,,2196.63,2439.42,-1.85,-11.62,False,50.6,3324.9,1982.6,-35.16,8.75,270,3.85,3.9,-4.41,4.2,-15.75,-25.36,False
TDPOWERSYS,NSE,EQ,INE419M01035,2026-10-09,793.75,795.0,813.0,773.85,793.5,0.03,797.42,2207016,1759926790.75,3470539.0,0.64,,898.83,947.01,-11.69,-16.18,False,45.95,1586.6,595.35,-49.97,33.32,270,0.03,0.2,3.25,-30.99,-10.27,34.34,False
TEAMGTY,NSE,EQ,INE289C01025,2026-10-09,243.02,240.45,249.6,235.0,235.75,3.08,240.39,1628,391358.42,554.0,2.94,,235.97,245.34,2.99,-0.94,False,58.42,312.0,215.32,-22.11,12.86,269,3.08,3.37,3.4,3.92,-10.82,-6.26,False
TEAMLEASE,NSE,EQ,INE985S01024,2026-10-09,1068.0,1080.0,1109.0,1056.0,1076.9,-0.83,1065.3,23274,24793833.7,16539.0,1.41,,1220.16,1357.25,-12.47,-21.31,False,22.18,1798.8,1068.0,-40.63,0.0,270,-0.83,-9.45,-15.0,-22.46,-10.55,-40.02,False
TEAMTECH,NSE,ST,INE2OL601013,2026-10-09,143.1,146.95,147.0,143.1,142.1,0.7,145.01,12000,1740100.0,43000.0,0.28,,131.22,102.77,9.06,39.24,True,56.03,153.2,70.0,-6.59,104.43,94,0.7,-1.95,4.19,17.49,,,True
TECH,NSE,EQ,INF209KB11D8,2026-10-09,31.26,30.48,31.5,30.41,30.48,2.56,31.23,127599,3984993.12,43771.0,2.92,,31.98,33.47,-2.24,-6.6,False,46.08,42.41,28.23,-26.29,10.73,270,2.56,1.1,-4.67,2.29,-8.3,-12.95,False
TECHD,NSE,SM,INE0Y5H01014,2026-10-09,510.6,525.5,525.5,508.1,523.55,-2.47,513.26,26700,13704120.0,24255.0,1.1,,558.81,558.19,-8.63,-8.53,True,38.61,843.15,378.2,-39.44,35.01,259,-2.47,-4.01,-1.3,-6.52,-4.72,-0.91,True
TECHERA,NSE,SM,INE0JQS01019,2026-10-09,150.45,152.5,154.4,148.8,152.65,-1.44,150.91,58400,8813160.0,146920.0,0.4,,161.54,178.52,-6.86,-15.72,False,42.55,325.45,130.2,-53.77,15.55,270,-1.44,-10.15,-2.75,-2.9,-20.48,-42.49,True
TECHLABS,NSE,SM,INE0QD201012,2026-10-09,113.35,112.3,115.0,103.3,111.2,1.93,110.5,11625,1284556.25,19700.0,0.59,,122.51,204.85,-7.48,-44.67,False,43.86,495.85,107.1,-77.14,5.84,270,1.93,2.63,-6.82,-22.44,-44.04,-77.28,True
TECHM,NSE,EQ,INE669C01036,2026-10-09,1514.1,1500.0,1536.6,1496.2,1496.2,1.2,1522.56,2021871,3078412531.7,1968607.0,1.03,,1548.81,1518.51,-2.24,-0.29,True,42.97,1768.4,1331.7,-14.38,13.7,270,1.2,-1.23,-2.88,4.08,4.32,8.13,False
TECHNOCRAF,NSE,EQ,INE1D0W01018,2026-10-09,474.15,472.5,483.6,465.1,472.5,0.35,476.36,900005,428729918.75,1344589.0,0.67,,407.92,344.92,16.24,37.47,True,60.0,491.05,299.94,-3.44,58.08,39,0.35,-0.83,17.41,,,,False
TECHNOE,NSE,EQ,INE285K01026,2026-10-09,954.9,945.2,959.0,938.6,942.7,1.29,951.84,70648,67245913.9,147682.0,0.48,,999.13,1093.67,-4.43,-12.69,False,42.58,1373.0,893.4,-30.45,6.88,270,1.29,-4.38,-1.02,-9.07,-11.44,-28.39,False
TECHNVISN,NSE,EQ,INE314H01012,2026-10-09,4487.7,4500.0,4599.0,4379.8,4384.5,2.35,4487.2,795,3567321.8,493.0,1.61,,4503.79,5135.02,-0.36,-12.61,False,54.11,6072.0,3292.6,-26.09,36.3,119,2.35,19.24,-6.46,25.24,,,False
TECILCHEM,NSE,EQ,INE014B01011,2026-10-09,9.32,9.69,9.7,8.96,9.47,-1.58,9.59,13519,129589.07,18027.0,0.75,,9.52,12.23,-2.09,-23.77,False,49.4,21.4,8.39,-56.45,11.08,266,-1.58,0.76,0.65,-4.41,-23.86,-51.83,False
TEGA,NSE,EQ,INE011K01018,2026-10-09,1935.0,1971.1,2005.4,1928.5,1958.1,-1.18,1960.89,328913,644963821.5,925802.0,0.36,,1837.55,1778.77,5.3,8.78,True,50.79,2129.0,1477.4,-9.11,30.97,270,-1.18,-7.57,18.54,15.94,11.92,2.32,False
TEJA,NSE,SM,INE0R1301019,2026-10-09,212.75,210.0,213.0,210.0,206.0,3.28,212.75,7800,1659420.0,27510.0,0.28,,305.45,406.29,-30.35,-47.64,False,35.38,681.55,202.25,-68.78,5.19,67,3.28,-0.54,-10.85,-57.4,,,True
TEJASCARGO,NSE,SM,INE17WC01013,2026-10-07,410.0,410.0,410.0,410.0,404.0,1.49,410.0,400,164000.0,11980.0,0.03,,387.53,343.18,5.8,19.47,True,54.08,425.0,251.0,-3.53,63.35,156,1.49,-2.38,2.76,26.97,39.46,,True
TEJASNET,NSE,EQ,INE010J01012,2026-10-09,447.2,456.0,461.0,445.7,451.15,-0.88,450.06,1161684,522827690.25,1581782.0,0.73,,513.73,508.29,-12.95,-12.02,True,29.2,632.35,296.15,-29.28,51.0,270,-0.88,-3.79,-24.21,-20.8,1.47,-23.61,False
TEMBO,NSE,EQ,INE869Y01028,2026-10-09,55.06,56.06,56.72,53.35,55.91,-1.52,54.92,2078306,114143300.7,1579500.0,1.32,,137.65,389.95,-60.0,-85.88,False,21.42,813.4,55.06,-93.23,0.0,270,-1.52,-3.67,-5.35,-90.12,-89.64,-90.67,False
TEMPSENS,NSE,EQ,INE1KZI01025,2026-10-09,576.4,563.5,583.1,551.0,561.0,2.75,568.36,1782494,1013104286.1,2287403.0,0.78,,558.4,576.85,3.22,-0.08,False,47.91,588.65,493.95,-2.08,16.69,29,2.75,14.08,0.88,,,,False
TENNIND,NSE,EQ,INE19RI01016,2026-10-09,473.7,468.8,479.0,465.0,468.8,1.05,473.74,686322,325136406.25,636305.0,1.08,,522.75,539.91,-9.38,-12.26,False,33.35,651.35,443.95,-27.27,6.7,220,1.05,-4.38,-9.89,-19.65,-16.66,,False
TERAI,NSE,EQ,INE390D01011,2026-10-09,140.01,118.75,140.01,114.0,116.68,19.99,137.94,25082,3459903.08,1653.0,15.17,,122.52,123.99,14.27,12.92,False,64.71,140.01,111.36,0.0,25.73,32,19.99,19.92,12.64,,,,False
TERASOFT,NSE,EQ,INE482B01010,2026-10-09,225.64,219.0,229.49,217.66,217.16,3.9,224.13,25779,5777734.82,35257.0,0.73,,278.74,347.85,-19.05,-35.13,False,40.14,579.35,207.2,-61.05,8.9,270,3.9,8.53,-17.15,-43.41,-33.43,-51.93,False
TEXINFRA,NSE,EQ,INE435C01024,2026-10-09,118.07,120.2,120.98,115.2,120.04,-1.64,118.85,393940,46818699.31,354709.0,1.11,,115.13,106.43,2.55,10.94,True,51.31,125.42,83.98,-5.86,40.59,270,-1.64,-1.11,-1.63,3.12,20.05,23.14,False
TEXMOPIPES,NSE,EQ,INE141K01013,2026-10-09,51.21,51.5,52.65,51.0,51.42,-0.41,51.51,53564,2759294.93,285284.0,0.19,,51.39,48.52,-0.35,5.54,True,44.79,62.24,33.08,-17.72,54.81,270,-0.41,-4.64,-2.49,14.9,23.67,-5.98,False
TEXRAIL,NSE,EQ,INE621L01012,2026-10-09,110.99,107.75,114.1,105.05,107.08,3.65,110.36,5259219,580427842.23,4032607.0,1.3,,114.86,114.93,-3.37,-3.42,False,43.58,142.34,78.8,-22.02,40.85,270,3.65,-12.51,-6.15,-4.64,14.07,-19.28,False
TFCILTD,NSE,EQ,INE305A01023,2026-10-09,147.05,147.39,150.2,145.0,146.65,0.27,147.25,27675622,4075238495.82,14263106.0,1.94,,130.25,117.94,12.9,24.68,True,61.63,152.24,55.24,-3.41,166.2,270,0.27,5.95,4.37,95.68,118.24,100.48,False
TFL,NSE,EQ,INE804H01012,2026-10-09,12.05,11.7,12.2,11.51,11.88,1.43,12.04,43818,527365.43,7049.0,6.22,,11.81,12.43,2.03,-3.06,False,54.04,17.29,10.41,-30.31,15.75,270,1.43,1.95,-0.08,3.88,-2.03,-13.68,False
TGBHOTELS,NSE,EQ,INE797H01018,2026-10-09,9.08,9.18,9.38,8.85,8.99,1.0,8.98,13772,123720.45,22312.0,0.62,,9.37,9.56,-3.08,-5.0,False,43.2,12.37,7.56,-26.6,20.11,270,1.0,-3.61,-1.41,2.02,4.61,-25.02,False
TGL,NSE,ST,INE0K6601012,2026-10-09,12.45,12.45,12.45,12.45,12.7,-1.97,12.45,10600,131970.0,7340.0,1.44,,16.29,29.99,-23.57,-58.49,False,22.75,79.9,12.45,-84.42,0.0,270,-1.97,-5.68,-28.24,-39.42,-55.14,-77.05,True
TGVSL,NSE,EQ,INE284B01028,2026-10-09,121.4,121.8,124.0,117.72,120.82,0.48,119.98,212393,25483972.69,895725.0,0.24,,111.57,107.94,8.81,12.47,True,58.44,126.26,102.37,-3.85,18.59,38,0.48,4.31,10.9,,,,False
THACKER,NSE,EQ,INE077P01034,2026-10-09,902.0,893.0,944.0,893.0,938.75,-3.91,919.05,162,148886.1,51.0,3.16,,1020.14,1058.74,-11.58,-14.8,False,38.17,1566.8,902.0,-42.43,0.0,108,-3.91,-5.48,-9.98,-21.77,,,False
THAKDEV,NSE,EQ,INE403F01017,2026-10-09,126.36,126.5,129.0,126.35,133.0,-4.99,127.47,119,15169.17,323.0,0.37,,136.97,134.63,-7.75,-6.14,True,42.56,161.0,115.1,-21.52,9.78,101,-4.99,-6.4,-12.25,2.73,,,False
THANGAMAYL,NSE,EQ,INE085J01014,2026-10-09,4889.5,4800.5,4920.0,4792.5,4810.5,1.64,4885.37,38850,189796810.5,84977.0,0.46,,5196.9,4600.14,-5.92,6.29,True,43.9,7309.5,1950.7,-33.11,150.65,270,1.64,0.59,-8.89,-25.24,21.11,142.84,False
THEINVEST,NSE,EQ,INE924D01017,2026-10-09,89.44,91.89,92.8,89.0,90.72,-1.41,90.09,3796,341965.19,5188.0,0.73,,94.86,104.83,-5.71,-14.68,False,37.89,148.17,89.44,-39.64,0.0,270,-1.41,-0.99,-7.1,-9.89,-12.88,-38.35,False
THEJO,NSE,EQ,INE121N01019,2026-10-09,2025.5,2079.6,2081.9,2010.1,2073.8,-2.33,2034.2,6740,13710494.2,8746.0,0.77,,2079.3,1902.82,-2.59,6.45,True,39.01,2223.9,1457.4,-8.92,38.98,270,-2.33,-2.22,-5.09,6.63,28.55,12.43,False
THELEELA,NSE,EQ,INE0AQ201015,2026-10-09,587.5,589.9,609.0,576.2,586.95,0.09,589.77,227500,134173040.45,378192.0,0.6,,539.2,478.98,8.96,22.66,True,61.82,602.45,389.65,-2.48,50.78,270,0.09,3.26,8.29,17.27,36.99,42.25,False
THEMISMED,NSE,EQ,INE083B01024,2026-10-09,108.57,109.49,113.0,107.25,108.71,-0.13,110.25,75032,8272208.6,99265.0,0.76,,116.48,107.62,-6.79,0.88,True,35.98,137.71,66.07,-21.16,64.33,270,-0.13,-4.08,-17.86,-7.17,32.68,-19.46,False
THERMAX,NSE,EQ,INE152A01029,2026-10-09,3256.3,3202.0,3352.0,3180.5,3138.1,3.77,3271.96,574697,1880387948.4,186732.0,3.08,,3711.66,3818.12,-12.27,-14.71,False,34.33,5159.5,2773.8,-36.89,17.39,270,3.77,-3.1,-10.28,-32.29,-1.07,2.71,False
THESL,NSE,ST,INE0SHE01019,2026-10-09,14.05,14.05,14.05,14.05,14.75,-4.75,14.05,6000,84300.0,6150.0,0.98,,15.6,20.26,-9.93,-30.64,False,42.94,43.4,11.95,-67.63,17.57,191,-4.75,-5.39,-21.29,8.08,-43.91,,True
THOMASCOOK,NSE,EQ,INE332A01027,2026-10-09,96.75,98.55,99.75,96.5,98.53,-1.81,97.53,397056,38726485.75,467052.0,0.85,,104.13,113.73,-7.09,-14.93,False,33.47,167.36,87.99,-42.19,9.96,270,-1.81,-3.92,-11.97,-6.05,-5.58,-38.84,False
THOMASCOTT,NSE,EQ,INE480M01011,2026-10-09,269.7,269.05,272.35,261.0,266.4,1.24,266.83,23545,6282498.2,107093.0,0.22,,271.18,294.38,-0.55,-8.38,False,52.53,452.9,233.8,-40.45,15.36,270,1.24,-10.16,5.64,-16.71,5.88,-18.24,False
THYROCARE,NSE,EQ,INE594H01019,2026-10-09,499.7,503.0,503.5,490.9,501.0,-0.26,498.87,346025,172623129.3,279787.0,1.24,,555.16,613.42,-9.99,-18.54,False,28.55,1591.9,349.55,-68.61,42.96,270,-0.26,-6.35,-12.25,-3.1,27.98,-56.94,False
TI,NSE,EQ,INE133E01013,2026-10-09,541.0,543.7,550.4,529.45,548.05,-1.29,539.55,1535658,828569450.05,1019415.0,1.51,,535.31,486.25,1.06,11.26,True,46.66,601.5,388.8,-10.06,39.15,270,-1.29,-0.29,0.12,21.18,24.61,20.61,False
TICL,NSE,BE,INE388G01026,2026-10-09,8.23,8.23,8.23,8.23,8.66,-4.97,8.23,101641,836505.43,868137.0,0.12,,8.89,16.05,-7.39,-48.71,False,55.24,33.43,5.56,-75.38,48.02,270,-4.97,5.65,7.86,-29.78,-66.28,-67.44,False
TIGERLOGS,NSE,EQ,INE906O01029,2026-10-09,23.59,25.0,25.0,22.68,24.88,-5.18,23.62,305706,7220586.0,110296.0,2.77,,27.76,32.75,-15.02,-27.96,False,29.25,47.95,23.59,-50.8,0.0,261,-5.18,-8.17,-15.2,-28.9,-15.72,-49.86,False
TIIL,NSE,EQ,INE545H01011,2026-10-09,2631.1,2581.8,2685.0,2581.8,2581.9,1.91,2639.86,31941,84319738.8,32419.0,0.99,,2924.25,2652.09,-10.02,-0.79,True,26.91,3454.9,1907.0,-23.84,37.97,270,1.91,-9.08,-16.23,6.13,13.05,19.3,False
TIINDIA,NSE,EQ,INE974X01010,2026-10-09,2213.0,2245.5,2272.7,2213.0,2241.0,-1.25,2238.61,841286,1883309297.7,352947.0,2.38,,2623.88,2785.15,-15.66,-20.54,False,27.21,3307.9,2189.3,-33.1,1.08,270,-1.25,-5.43,-16.13,-25.2,-18.85,-28.54,False
TIJARIA,NSE,BE,INE440L01017,2026-10-09,6.08,6.37,6.63,6.06,6.37,-4.55,6.13,60363,369839.41,51828.0,1.16,,6.42,5.63,-5.32,8.05,True,40.46,9.54,3.86,-36.27,57.51,270,-4.55,-5.74,-29.47,42.39,35.11,-1.62,False
TIL,NSE,BE,INE806C01018,2026-10-09,234.2,230.3,236.6,226.5,229.45,2.07,228.86,39616,9066391.25,76939.0,0.51,,240.19,234.56,-2.49,-0.15,True,42.1,332.9,163.56,-29.65,43.19,270,2.07,-6.34,-6.56,8.25,21.43,-25.02,False
TIL-RE1,NSE,BE,INE806C20026,2026-04-01,2.8,2.04,2.8,2.0,2.0,40.0,2.78,103582,287535.83,68214.0,1.52,,2.03,2.01,37.84,39.44,True,,2.8,2.0,0.0,40.0,2,40.0,,,,,,False
TIMESCAN,NSE,SM,INE0IJY01014,2026-10-09,45.0,45.0,45.0,45.0,44.1,2.04,45.0,2000,90000.0,5800.0,0.34,,41.54,50.17,8.32,-10.31,False,63.64,65.0,37.6,-30.77,19.68,125,2.04,12.5,15.38,8.83,,,True
TIMETECHNO,NSE,EQ,INE508G01029,2026-10-09,176.35,180.0,182.55,175.63,179.68,-1.85,179.31,1622533,290929491.61,2563848.0,0.63,,185.09,208.13,-4.72,-15.27,False,39.39,223.57,155.27,-21.12,13.58,270,-1.85,-1.85,-5.46,-4.34,-2.14,-15.94,False
TIMEX,NSE,EQ,INE064A01026,2026-10-09,724.4,709.9,730.0,692.8,709.25,2.14,711.18,352976,251029195.15,743605.0,0.47,,643.25,491.86,12.62,47.28,True,59.92,734.6,322.05,-1.39,124.93,120,2.14,-0.7,19.32,27.18,,,False
TIMKEN,NSE,EQ,INE325A01013,2026-10-09,2962.8,3030.4,3044.4,2953.0,3015.6,-1.75,2977.62,17063,50807112.6,42698.0,0.4,,3183.91,3233.45,-6.94,-8.37,False,36.41,3767.1,2909.4,-21.35,1.84,270,-1.75,-4.39,-4.39,-7.56,-13.99,-1.56,False
TINNARUBR,NSE,EQ,INE015C01016,2026-10-09,885.85,872.8,909.85,870.2,879.6,0.71,889.51,41596,37000028.4,36086.0,1.15,,986.28,902.35,-10.18,-1.83,True,31.36,1189.9,536.0,-25.55,65.27,270,0.71,-5.65,-13.07,-8.8,33.58,-5.96,False
TIPSFILMS,NSE,EQ,INE0LQS01015,2026-10-09,316.25,318.25,324.5,311.6,318.2,-0.61,318.57,9595,3056637.85,13287.0,0.72,,333.92,360.52,-5.29,-12.28,False,44.38,451.5,281.45,-29.96,12.36,270,-0.61,0.27,-4.49,-4.99,-2.56,-25.62,False
TIPSMUSIC,NSE,EQ,INE716B01029,2026-10-09,636.35,621.95,642.0,621.95,618.15,2.94,631.96,147283,93077009.5,256884.0,0.57,,653.48,624.29,-2.62,1.93,True,44.52,713.75,484.4,-10.84,31.37,270,2.94,-1.22,-1.33,-10.57,15.29,8.33,False
TIRUMALCHM,NSE,EQ,INE338A01024,2026-10-09,142.72,143.97,144.95,141.52,142.84,-0.08,143.08,157730,22567989.38,460612.0,0.34,,158.01,188.67,-9.68,-24.36,False,34.74,288.25,142.72,-50.49,0.0,270,-0.08,-2.42,-9.61,-14.78,-22.82,-49.2,False
TIRUPATI,NSE,SM,INE238Y01018,2026-09-29,277.9,277.9,277.9,277.9,292.5,-4.99,277.9,125,34737.5,1662.0,0.08,,404.54,522.0,-31.3,-46.76,False,22.61,893.0,277.9,-68.88,0.0,142,-4.99,-9.77,-36.91,-49.58,-51.67,,True
TIRUPATIFL,NSE,BE,INE319Y01024,2026-10-09,70.77,70.77,70.77,70.77,69.39,1.99,70.77,108469,7676351.13,313144.0,0.35,,69.81,56.2,1.37,25.92,True,47.5,81.55,31.34,-13.22,125.81,270,1.99,-5.84,1.07,3.92,60.66,99.18,False
TITAGARH,NSE,EQ,INE615H01020,2026-10-09,777.2,779.9,789.0,770.2,778.0,-0.1,778.94,196581,153124552.7,446740.0,0.44,,827.89,818.74,-6.12,-5.07,True,32.51,932.6,574.85,-16.66,35.2,270,-0.1,-3.47,-11.76,-7.01,9.67,-10.96,False
TITAN,NSE,EQ,INE280A01028,2026-10-09,4410.0,4375.1,4430.7,4360.2,4359.5,1.16,4401.04,591677,2603994800.2,836498.0,0.71,,4773.35,4458.52,-7.61,-1.09,True,29.36,5169.2,3408.3,-14.69,29.39,270,1.16,-2.34,-11.57,-3.8,-1.84,30.98,False
TMB,NSE,EQ,INE668A01016,2026-10-09,874.8,855.5,879.2,852.5,855.45,2.26,867.83,130870,113573303.2,168013.0,0.78,,869.73,740.59,0.58,18.12,True,47.97,942.45,423.1,-7.18,106.76,270,2.26,0.32,-5.61,9.13,33.63,107.32,False
TMCV,NSE,EQ,INE1TAE01010,2026-10-09,410.3,415.0,419.0,408.6,413.2,-0.7,413.24,4593192,1898081105.8,6446579.0,0.71,,437.45,418.45,-6.21,-1.95,True,36.62,505.3,317.6,-18.8,29.19,225,-0.7,-1.25,-10.03,-2.89,-5.47,,False
TMPV,NSE,EQ,INE155A01022,2026-10-09,279.9,275.8,280.95,274.6,273.0,2.53,279.06,6477363,1807591563.3,11604504.0,0.56,,307.73,341.11,-9.04,-17.95,False,36.89,417.0,273.0,-32.88,2.53,237,2.53,0.18,-8.66,-17.18,-16.39,,False
TNIDETF,NSE,EQ,INF277KA1364,2026-10-09,84.88,81.3,85.0,81.3,83.24,1.97,84.61,36711,3106073.48,112238.0,0.33,,86.78,87.03,-2.19,-2.47,False,43.78,100.8,74.95,-15.79,13.25,270,1.97,4.15,-5.34,1.05,3.65,-9.07,False
TNPETRO,NSE,EQ,INE148A01019,2026-10-09,118.51,119.05,121.5,116.22,118.98,-0.4,119.49,551508,65899846.22,1390950.0,0.4,,118.99,104.89,-0.4,12.99,True,42.46,139.18,79.9,-14.85,48.32,270,-0.4,-3.79,-14.85,20.76,34.55,15.02,False
TNPL,NSE,EQ,INE107A01015,2026-10-09,141.31,138.2,143.1,136.21,137.95,2.44,139.76,140009,19567544.6,212952.0,0.66,,147.3,147.14,-4.06,-3.96,True,42.38,161.78,122.54,-12.65,15.32,270,2.44,-4.28,-12.45,-1.68,6.1,-10.72,False
TNTELE,NSE,BE,INE141D01018,2026-10-09,9.9,9.58,9.91,9.0,9.44,4.87,9.53,126813,1208080.01,76932.0,1.65,,9.69,9.92,2.19,-0.22,False,49.18,15.33,8.11,-35.42,22.07,270,4.87,-14.36,10.12,8.67,-6.78,-8.16,False
TOKYOPLAST,NSE,EQ,INE932C01012,2026-10-09,68.1,69.89,71.48,68.0,69.89,-2.56,68.2,161,10980.65,1315.0,0.12,,76.31,87.62,-10.75,-22.28,False,30.62,128.35,58.56,-46.94,16.29,270,-2.56,-4.1,-13.25,-19.88,-9.41,-45.21,False
TOLINS,NSE,EQ,INE0RWQ01014,2026-10-09,86.89,88.45,88.69,86.23,86.56,0.38,87.03,16498,1435831.31,45910.0,0.36,,92.72,109.41,-6.29,-20.59,False,41.68,192.35,84.45,-54.83,2.89,270,0.38,2.72,-5.79,-17.09,-17.18,-50.01,False
TOP100CASE,NSE,EQ,INF0R8F01067,2026-10-09,9.92,9.95,9.96,9.8,9.8,1.22,9.89,580930,5743361.12,981050.0,0.59,,10.32,10.49,-3.83,-5.46,False,35.14,11.23,9.55,-11.67,3.87,270,1.22,0.2,-4.89,-6.15,-3.78,-5.61,False
TOP10ADD,NSE,EQ,INF740KA1UR9,2026-10-09,84.06,82.88,84.28,82.88,82.5,1.89,83.75,125236,10489060.94,533694.0,0.23,,85.64,89.1,-1.84,-5.66,False,46.21,102.64,82.41,-18.1,2.0,270,1.89,2.0,-2.97,-3.73,-6.64,-10.11,False
TOP15IETF,NSE,EQ,INF109K1A344,2026-10-09,9.19,9.1,9.27,9.1,9.09,1.1,9.22,29357,270759.37,197409.0,0.15,,9.57,9.93,-3.98,-7.45,False,36.43,11.16,9.09,-17.65,1.1,270,1.1,0.66,-5.06,-6.7,-7.36,-11.38,False
TOP20,NSE,EQ,INF769K01PZ5,2026-10-09,8.38,8.3,8.4,8.3,8.24,1.7,8.37,190204,1591227.09,66066.0,2.88,,8.66,8.91,-3.2,-5.9,False,38.57,9.73,8.18,-13.87,2.44,198,1.7,0.96,-4.56,-4.34,-4.99,,False
TORNTPHARM,NSE,EQ,INE685A01028,2026-10-09,4656.9,4618.0,4660.0,4590.0,4617.1,0.86,4635.98,341921,1585139145.0,365479.0,0.94,,4849.32,4506.86,-3.97,3.33,True,36.85,5122.8,3514.7,-9.09,32.5,270,0.86,-2.32,-6.11,-4.99,15.58,29.24,False
TORNTPOWER,NSE,EQ,INE813H01021,2026-10-09,1188.6,1220.0,1220.1,1178.5,1214.6,-2.14,1190.5,380383,452845874.1,216886.0,1.75,,1284.04,1359.28,-7.43,-12.56,False,31.64,1772.5,1188.6,-32.94,0.0,270,-2.14,-4.37,-6.42,-16.26,-17.94,-2.49,False
TOTAL,NSE,BE,INE336X01012,2026-10-09,72.0,70.0,72.9,68.8,70.01,2.84,71.67,4740,339723.99,6854.0,0.69,,67.95,63.41,5.95,13.54,True,54.51,86.05,47.71,-16.33,50.91,270,2.84,2.51,-2.33,30.96,35.95,3.21,False
TOUCHWOOD,NSE,EQ,INE486Y01013,2026-10-09,59.68,58.41,59.69,57.2,58.54,1.95,58.39,245,14305.63,1071.0,0.23,,62.26,73.95,-4.14,-19.29,False,45.92,107.31,57.14,-44.39,4.45,269,1.95,4.45,-3.74,-11.73,-16.57,-40.1,False
TOYAMSL,NSE,EQ,INE457P01020,2026-10-09,0.76,0.76,0.76,0.75,0.73,4.11,0.76,187212,142235.35,1516336.0,0.12,,0.7,0.68,8.48,12.05,True,56.87,0.88,0.61,-13.64,24.59,38,4.11,10.14,22.58,,,,False
TPHQ,NSE,BE,INE065J01024,2026-10-09,0.47,0.45,0.47,0.45,0.45,4.44,0.46,874892,404854.32,942184.0,0.93,,0.51,0.54,-6.95,-12.64,False,39.48,0.85,0.4,-44.71,17.5,270,4.44,-6.0,-7.84,4.44,-16.07,-28.79,False
TPLPLASTEH,NSE,EQ,INE413G01022,2026-10-09,67.08,68.7,68.92,66.85,67.69,-0.9,67.83,112592,7637231.99,218952.0,0.51,,70.49,70.72,-4.84,-5.15,False,44.99,87.16,51.5,-23.04,30.25,270,-0.9,-2.63,-0.9,-18.8,2.41,-6.5,False
TRACXN,NSE,EQ,INE0HMF01019,2026-10-09,34.66,32.62,35.0,32.5,33.06,4.84,34.1,356006,12139266.41,263997.0,1.35,,31.34,34.03,10.6,1.86,False,64.03,55.28,25.99,-37.3,33.36,270,4.84,9.3,19.48,15.38,8.82,-30.43,False
TRANSCOR,NSE,EQ,INE330E01023,2026-10-09,24.45,24.48,24.48,23.36,23.98,1.96,24.2,434,10501.66,4391.0,0.1,,24.57,24.41,-0.5,0.18,True,51.14,26.14,23.4,-6.47,4.49,38,1.96,1.12,-2.16,,,,False
TRANSPEK,NSE,BE,INE687A01016,2026-10-09,1345.0,1365.0,1386.9,1326.6,1379.3,-2.49,1355.92,329,446096.3,1263.0,0.26,,1298.94,1188.63,3.55,13.16,True,50.63,1446.5,967.45,-7.02,39.03,120,-2.49,-0.3,-1.85,37.31,,,False
TRANSRAILL,NSE,EQ,INE454P01035,2026-10-09,464.65,474.0,476.0,462.65,472.15,-1.59,466.67,390123,182058542.2,2656855.0,0.15,,461.01,521.54,0.79,-10.91,False,52.85,759.9,404.9,-38.85,14.76,270,-1.59,-2.16,10.89,-8.54,-12.58,-35.72,False
TRANSTEEL,NSE,SM,INE0NVI01020,2026-10-09,86.0,84.5,86.95,84.4,82.0,4.88,85.27,43000,3666400.0,53550.0,0.8,,90.12,114.2,-4.57,-24.69,False,53.18,152.55,73.5,-43.63,17.01,270,4.88,8.31,13.98,-29.51,-42.63,-34.0,True
TRANSWIND,NSE,SM,INE792X01016,2026-10-07,11.3,11.3,11.3,11.3,11.3,0.0,11.3,4000,45200.0,9400.0,0.43,,15.86,16.54,-28.75,-31.67,False,24.51,25.5,10.8,-55.69,4.63,87,0.0,-0.44,-35.43,-20.98,,,True
TRANSWORLD,NSE,BE,INE757B01015,2026-10-09,151.26,152.4,154.49,150.0,152.68,-0.93,150.95,2552,385212.1,3975.0,0.64,,163.56,174.77,-7.52,-13.45,False,29.67,253.25,115.05,-40.27,31.47,270,-0.93,-4.87,-11.54,-3.72,6.6,-40.17,False
TRAVELFOOD,NSE,EQ,INE103V01028,2026-10-09,1183.9,1186.2,1193.0,1166.0,1186.2,-0.19,1180.0,46223,54543055.5,48552.0,0.95,,1254.72,1263.28,-5.64,-6.28,False,31.82,1428.6,1043.7,-17.13,13.43,270,-0.19,-2.0,-8.61,-9.65,-9.22,-10.55,False
TREEHOUSE,NSE,EQ,INE040M01013,2026-10-09,5.79,5.62,5.95,5.54,5.65,2.48,5.72,4723,26996.38,17963.0,0.26,,6.09,6.91,-4.92,-16.22,False,44.36,10.11,5.65,-42.73,2.48,270,2.48,1.94,-4.61,-11.33,-27.72,-25.77,False
TREJHARA,NSE,EQ,INE00CA01015,2026-10-09,130.56,129.0,134.97,124.52,124.43,4.93,129.87,22326,2899500.18,20996.0,1.06,,141.35,160.75,-7.64,-18.78,False,41.89,276.2,124.43,-52.73,4.93,270,4.93,-0.84,-12.44,-1.89,-12.84,-28.05,False
TREL,NSE,EQ,INE0O3901029,2026-10-09,25.77,25.41,26.19,25.1,25.75,0.08,25.65,45535,1167924.33,197621.0,0.23,,26.85,26.78,-4.03,-3.75,True,41.1,30.95,22.51,-16.74,14.48,270,0.08,-5.57,-3.56,0.98,1.3,-16.28,False
TRENT,NSE,EQ,INE849A01020,2026-10-09,2918.2,2876.3,2930.5,2855.0,2876.3,1.46,2911.76,753581,2194248578.8,1113806.0,0.68,,2869.05,3493.67,1.71,-16.47,False,60.85,4832.0,2580.0,-39.61,13.11,270,1.46,13.11,4.46,0.53,-25.27,-37.61,False
TRF,NSE,EQ,INE391D01019,2026-10-09,216.94,192.73,224.0,190.0,191.78,13.12,212.75,56466,12013073.83,17314.0,3.26,,218.83,247.3,-0.86,-12.28,False,54.22,380.65,191.78,-43.01,13.12,270,13.12,12.8,-6.08,-7.68,-15.04,-36.12,False
TRIDENT,NSE,EQ,INE064C01022,2026-10-09,21.96,22.05,22.12,21.6,21.83,0.6,21.87,2978289,65144419.95,3070521.0,0.97,,23.56,25.08,-6.8,-12.44,False,33.27,29.27,21.83,-24.97,0.6,270,0.6,-0.9,-7.96,-13.85,-12.44,-22.04,False
TRIDHYA,NSE,SM,INE0LWY01029,2026-10-09,7.1,7.1,7.1,7.1,6.8,4.41,7.1,6000,42600.0,7200.0,0.83,,8.49,11.66,-16.38,-39.12,False,39.93,18.65,6.8,-61.93,4.41,167,4.41,-2.74,-17.44,-29.7,-50.0,,True
TRIGYN,NSE,EQ,INE948A01012,2026-10-09,51.55,52.0,52.2,50.0,51.59,-0.08,51.2,12939,662464.45,40257.0,0.32,,54.84,58.08,-6.01,-11.24,False,39.13,84.42,38.65,-38.94,33.38,270,-0.08,-0.48,-9.43,-1.68,5.12,-39.98,False
TRITONV,NSE,EQ,INE440G01017,2026-10-09,1036.4,1050.0,1060.4,1020.0,1029.9,0.63,1038.49,1957,2032330.7,2212.0,0.88,,1107.3,1135.13,-6.4,-8.7,False,37.65,1179.7,1029.9,-12.15,0.63,38,0.63,-3.86,-7.84,,,,False
TRITURBINE,NSE,EQ,INE152M01016,2026-10-09,511.1,518.0,523.0,503.85,516.45,-1.04,508.41,980158,498326340.35,529723.0,1.85,,567.3,569.56,-9.91,-10.26,False,31.84,741.5,435.25,-31.07,17.43,270,-1.04,-3.57,-11.97,-15.67,9.97,-1.51,False
TRIVENI,NSE,EQ,INE256C01024,2026-10-09,235.67,243.1,243.59,234.33,237.86,-0.92,238.12,463098,110272561.02,721052.0,0.64,,270.19,331.95,-12.77,-29.0,False,39.01,477.15,221.5,-50.61,6.4,270,-0.92,2.06,-13.59,-49.03,-39.22,-29.33,False
TROM,NSE,SM,INE0SYV01018,2026-10-09,59.3,53.95,59.3,51.5,54.75,8.31,57.2,21000,1201290.0,5400.0,3.89,,56.7,65.11,4.58,-8.93,False,57.99,98.7,43.95,-39.92,34.93,255,8.31,8.41,2.24,-5.87,10.33,-41.72,True
TRU,NSE,EQ,INE615R01029,2026-10-09,4.47,4.49,4.54,4.17,4.36,2.52,4.44,72974,324110.91,67426.0,1.08,,4.37,6.04,2.25,-26.03,False,62.24,10.77,4.01,-58.5,11.47,270,2.52,5.92,10.1,-16.91,-24.11,-59.62,False
TRUALT,NSE,EQ,INE0MWH01014,2026-10-09,427.2,427.15,428.5,411.95,424.05,0.74,421.88,296304,125003698.7,314527.0,0.94,,440.2,449.29,-2.95,-4.92,False,45.18,531.95,319.65,-19.69,33.65,251,0.74,-3.85,2.77,-3.11,2.67,,False
TRUST,NSE,SM,INE0SWN01019,2026-10-09,26.35,25.05,26.4,25.05,25.65,2.73,26.03,10800,281160.0,15240.0,0.71,,27.7,34.95,-4.87,-24.6,False,47.49,73.6,24.5,-64.2,7.55,269,2.73,-2.77,-9.76,-8.67,-28.49,-43.88,True
TSC,NSE,ST,INE16VK01010,2026-10-09,45.0,45.0,45.0,45.0,46.5,-3.23,45.0,4000,180000.0,12600.0,0.32,,45.65,44.24,-1.42,1.72,True,41.86,70.0,25.3,-35.71,77.87,233,-3.23,-11.68,4.53,55.98,31.0,,True
TSFINV,NSE,EQ,INE202Z01029,2026-10-09,403.9,398.0,406.9,396.1,397.55,1.6,401.62,53142,21342965.95,108454.0,0.49,,426.88,447.71,-5.38,-9.79,False,38.12,685.25,337.65,-41.06,19.62,242,1.6,-1.28,-4.36,-15.04,8.31,,False
TTKHLTCARE,NSE,EQ,INE910C01018,2026-10-09,1016.6,1025.0,1025.0,998.0,1007.0,0.95,1011.24,6689,6764165.9,22220.0,0.3,,1050.93,1014.46,-3.27,0.21,True,42.73,1192.6,739.6,-14.76,37.45,270,0.95,0.36,-14.64,10.45,14.7,-11.78,False
TTKPRESTIG,NSE,EQ,INE690A01028,2026-10-09,515.15,513.0,517.7,506.05,513.0,0.42,513.67,26664,13696501.55,66375.0,0.4,,554.73,576.93,-7.13,-10.71,False,39.93,716.15,428.7,-28.07,20.17,270,0.42,1.73,-6.2,-18.38,7.01,-18.9,False
TTL,NSE,EQ,INE592B01024,2026-10-09,6.96,7.11,7.27,6.9,7.11,-2.11,7.02,95825,672669.16,357472.0,0.27,,6.98,7.69,-0.23,-9.48,False,46.01,10.4,5.74,-33.08,21.25,270,-2.11,-11.34,1.9,2.5,-20.0,-33.59,False
TTML,NSE,EQ,INE517B01013,2026-10-09,32.89,33.0,33.34,32.63,32.95,-0.18,32.89,1507076,49560363.77,6473439.0,0.23,,36.75,41.95,-10.51,-21.59,False,32.59,58.68,31.36,-43.95,4.88,270,-0.18,-5.54,-9.87,-20.32,-19.21,-40.22,False
TUNWAL,NSE,SM,INE0OXV01027,2026-10-09,25.2,25.3,25.7,25.1,25.25,-0.2,25.23,46000,1160500.0,46700.0,0.99,,25.92,28.42,-2.79,-11.32,False,43.0,45.6,24.5,-44.74,2.86,270,-0.2,-2.7,-0.59,-3.26,-23.75,-23.4,True
TURTLEMINT,NSE,EQ,INE0OC301013,2026-10-09,68.31,69.3,70.4,67.83,69.53,-1.75,68.95,658026,45373388.41,2696093.0,0.24,,114.93,129.24,-40.56,-47.14,False,23.19,153.64,68.04,-55.54,0.4,73,-1.75,-2.12,-51.16,-50.06,,,False
TUTIALKA,NSE,EQ,INE400A01014,2026-10-09,52.21,53.49,55.5,52.04,52.41,-0.38,52.57,5687,298973.23,6146.0,0.93,,56.16,56.64,-7.03,-7.82,False,33.21,61.55,52.21,-15.17,0.0,38,-0.38,-3.28,-12.85,,,,False
TVSELECT,NSE,EQ,INE236G01019,2026-10-09,385.9,386.7,389.95,377.1,386.7,-0.21,383.04,33672,12897769.45,179394.0,0.19,,422.15,446.49,-8.59,-13.57,False,40.58,670.7,341.4,-42.46,13.03,270,-0.21,-2.89,-6.28,-24.57,-3.13,-38.65,False
TVSHLTD,NSE,EQ,INE105A01035,2026-10-09,11441.0,11619.0,11619.0,11402.0,11529.0,-0.76,11507.8,3517,40472942.0,8019.0,0.44,,12978.44,13614.83,-11.85,-15.97,False,20.27,15738.0,11441.0,-27.3,0.0,269,-0.76,-3.74,-14.47,-18.37,-17.61,-11.03,False
TVSMOTOR,NSE,EQ,INE494B01023,2026-10-09,3866.8,3830.0,3892.9,3741.9,3839.4,0.71,3841.78,1088205,4180644836.5,733327.0,1.48,,4069.88,3823.14,-4.99,1.14,True,31.25,4466.2,3283.4,-13.42,17.77,270,0.71,-3.83,-6.45,6.73,4.47,12.45,False
TVSSCS,NSE,EQ,INE395N01027,2026-10-09,124.54,125.92,126.9,123.42,125.92,-1.1,124.85,431448,53866695.99,766631.0,0.56,,129.3,124.75,-3.68,-0.17,True,41.36,141.66,90.97,-12.09,36.9,270,-1.1,-3.02,-2.11,-12.09,18.43,0.16,False
TVSSRICHAK,NSE,EQ,INE421C01016,2026-10-09,4374.2,4274.0,4430.0,4250.0,4255.2,2.8,4359.14,6538,28500047.9,8110.0,0.81,,4576.19,4168.42,-4.41,4.94,True,41.95,5525.5,3211.5,-20.84,36.2,270,2.8,0.57,-18.09,5.15,20.49,37.71,False
TVTODAY,NSE,EQ,INE038F01029,2026-10-09,102.32,102.5,106.38,101.54,103.3,-0.95,103.99,17590,1829186.73,36394.0,0.48,,109.15,118.48,-6.26,-13.64,False,36.07,150.89,95.87,-32.19,6.73,270,-0.95,0.66,-7.81,-17.34,-5.43,-30.84,False
TVVISION,NSE,BE,INE871L01013,2026-10-09,2.6,2.56,2.68,2.5,2.61,-0.38,2.61,15917,41567.36,71071.0,0.22,,3.33,4.76,-21.96,-45.34,False,36.06,11.83,2.51,-78.02,3.59,270,-0.38,1.96,-18.24,-48.72,-51.13,-60.78,False
TWCGOLDETF,NSE,EQ,INF2F0001370,2026-10-09,147.96,147.67,148.33,147.51,146.0,1.34,147.96,3445,509708.64,13708.0,0.25,,149.02,146.42,-0.71,1.05,True,47.35,174.4,131.55,-15.16,12.47,189,1.34,1.02,-2.35,3.8,-1.32,,False
UBL,NSE,EQ,INE686F01025,2026-10-09,1168.2,1165.5,1194.0,1164.8,1162.7,0.47,1175.42,110222,129557268.0,129489.0,0.85,,1272.65,1426.64,-8.21,-18.12,False,35.31,1840.3,1158.1,-36.52,0.87,270,0.47,-1.73,-6.73,-12.12,-21.94,-35.13,False
UCAL,NSE,BE,INE139B01016,2026-10-09,134.36,137.2,142.0,134.0,139.39,-3.61,135.64,17353,2353760.65,10319.0,1.68,,136.65,122.91,-1.67,9.31,True,41.12,156.73,80.68,-14.27,66.53,270,-3.61,-4.3,-8.69,16.61,39.49,-1.4,False
UCL,NSE,ST,INE00NI01015,2026-10-06,199.95,199.95,199.95,199.95,210.45,-4.99,199.95,4000,799800.0,24700.0,0.16,,199.39,121.79,0.28,64.17,True,37.15,260.0,38.7,-23.1,416.67,130,-4.99,-13.25,-2.44,60.02,412.69,,True
UCOBANK,NSE,EQ,INE691A01018,2026-10-09,23.25,23.09,23.41,22.9,22.96,1.26,23.23,2973032,69077363.49,3525141.0,0.84,,24.46,26.25,-4.95,-11.44,False,40.64,33.58,22.45,-30.76,3.56,270,1.26,1.4,-3.85,-12.92,-10.3,-23.75,False
UDAYJEW,NSE,EQ,INE551B01012,2026-10-09,181.76,168.6,197.9,166.94,168.73,7.72,185.6,601862,111708365.75,75158.0,8.01,,155.42,148.54,16.95,22.37,True,70.04,181.76,133.31,0.0,36.34,38,7.72,14.27,8.73,,,,False
UDS,NSE,EQ,INE851I01011,2026-10-09,199.8,208.9,209.0,199.0,210.09,-4.9,201.62,161754,32612853.21,131043.0,1.23,,206.81,196.21,-3.39,1.83,True,42.25,258.83,127.47,-22.81,56.74,270,-4.9,-4.2,-7.4,0.3,27.89,-19.54,False
UEL,NSE,EQ,INE899L01030,2026-10-09,214.94,213.0,214.94,205.1,195.4,10.0,213.87,117105,25045721.83,30323.0,3.86,,190.03,193.56,13.11,11.05,False,60.3,371.35,115.92,-42.12,85.42,200,10.0,17.03,-1.43,67.44,51.37,,False
UFBL,NSE,BE,INE382M01027,2026-10-09,697.1,656.55,698.5,651.0,665.25,4.79,681.03,43419,29569631.75,32802.0,1.32,,699.16,525.81,-0.29,32.58,True,49.15,837.95,173.89,-16.81,300.89,245,4.79,0.63,-2.86,-7.77,172.52,,False
UFLEX,NSE,EQ,INE516A01017,2026-10-09,621.7,628.0,629.35,616.0,617.05,0.75,621.93,76093,47324675.65,128650.0,0.59,,606.41,520.41,2.52,19.46,True,44.71,701.8,334.35,-11.41,85.94,270,0.75,-4.33,-9.47,37.79,69.03,14.66,False
UFO,NSE,EQ,INE527H01019,2026-10-09,55.49,55.98,56.45,53.9,54.9,1.07,55.65,39272,2185320.43,26392.0,1.49,,62.62,68.99,-11.38,-19.57,False,25.23,86.83,54.9,-36.09,1.07,270,1.07,-1.77,-14.41,-20.36,-17.97,-21.78,False
UGARSUGAR,NSE,BE,INE071E01023,2026-10-09,54.84,54.02,56.98,52.76,55.53,-1.24,54.6,78276,4273722.58,1842196.0,0.04,,52.94,45.78,3.6,19.78,True,48.38,64.03,35.36,-14.35,55.09,270,-1.24,-2.14,2.91,37.0,39.68,28.55,False
UGROCAP,NSE,EQ,INE583D01011,2026-10-09,79.93,79.9,82.0,78.66,79.72,0.26,79.49,142038,11290067.09,176324.0,0.81,,86.41,108.76,-7.5,-26.51,False,36.55,189.95,79.72,-57.92,0.26,270,0.26,-2.94,-6.03,-18.45,-17.3,-53.21,False
UHTL,NSE,ST,INE0SMR01011,2026-10-09,211.95,203.65,211.95,203.65,207.8,2.0,208.53,46000,9592600.0,79600.0,0.58,,162.26,106.68,30.63,98.67,True,80.31,211.95,44.0,0.0,381.7,260,2.0,10.33,28.65,90.09,323.05,198.1,True
UJJIVANSFB,NSE,EQ,INE551W01018,2026-10-09,61.45,62.35,62.94,61.1,62.3,-1.36,61.84,18832375,1164509799.4,13498874.0,1.4,,65.42,60.49,-6.07,1.59,True,39.42,72.47,47.58,-15.21,29.15,270,-1.36,-6.33,-5.26,-5.85,5.15,32.58,False
ULTRACEMCO,NSE,EQ,INE481G01011,2026-10-09,10675.0,10485.0,10684.0,10479.0,10426.0,2.39,10613.46,157341,1669932528.0,291240.0,0.54,,11173.23,11607.98,-4.46,-8.04,False,41.68,13052.0,10362.0,-18.21,3.02,270,2.39,-0.33,-3.03,-8.85,-8.0,-12.66,False
ULTRAMAR,NSE,EQ,INE405A01021,2026-10-09,398.55,400.1,403.2,396.35,400.8,-0.56,399.74,84996,33976631.3,129131.0,0.66,,411.97,408.62,-3.26,-2.46,True,40.42,442.85,365.8,-10.0,8.95,120,-0.56,-1.87,-5.43,1.07,,,False
UMA,NSE,SM,INE067901012,2026-10-09,17.1,17.1,17.1,17.1,17.1,0.0,17.1,4000,68400.0,10200.0,0.39,,17.04,18.93,0.33,-9.69,False,50.18,24.5,14.4,-30.2,18.75,186,0.0,-4.2,2.09,-17.59,-14.71,,True
UMAEXPORTS,NSE,BE,INE0GIU01018,2026-10-09,19.8,20.25,20.25,19.4,19.88,-0.4,19.72,19992,394214.93,22324.0,0.9,,21.8,26.79,-9.17,-26.09,False,36.07,50.96,18.53,-61.15,6.85,270,-0.4,-10.2,-14.03,-8.21,-32.03,-56.63,False
UMESLTD,NSE,EQ,INE240C01028,2026-10-09,4.4,4.66,4.66,4.3,4.57,-3.72,4.5,21749,97873.31,54534.0,0.4,,4.94,5.32,-10.84,-17.29,False,41.74,6.91,3.94,-36.32,11.68,270,-3.72,-3.72,-13.39,-24.27,-35.77,-21.57,False
UMIYA-MRO,NSE,EQ,INE398B01018,2026-10-09,92.24,93.17,93.17,91.56,92.71,-0.51,92.17,826,76134.75,14083.0,0.06,,93.6,89.19,-1.45,3.42,True,43.04,106.88,70.3,-13.7,31.21,270,-0.51,0.52,-6.76,1.0,14.12,-8.27,False
UNICHEMLAB,NSE,EQ,INE351A01035,2026-10-09,531.1,534.0,539.5,519.0,530.9,0.04,528.99,74517,39418727.35,303961.0,0.25,,532.92,475.63,-0.34,11.66,True,46.72,650.6,284.05,-18.37,86.97,270,0.04,-0.74,-4.41,-16.85,61.28,15.11,False
UNIDT,NSE,EQ,INE961D01019,2026-10-09,218.61,227.5,229.18,216.63,226.24,-3.37,222.8,28841,6425800.96,84882.0,0.34,,226.7,215.35,-3.57,1.52,True,45.09,259.76,146.77,-15.84,48.95,270,-3.37,-8.78,-6.64,-3.73,5.42,9.6,False
UNIECOM,NSE,EQ,INE00U401027,2026-10-09,82.82,79.61,83.16,79.11,79.9,3.65,81.48,281360,22926383.58,923096.0,0.3,,84.57,96.43,-2.07,-14.12,False,48.56,145.24,79.08,-42.98,4.73,270,3.65,0.29,-1.56,-6.51,-11.33,-42.01,False
UNIENTER,NSE,EQ,INE037A01022,2026-10-09,87.2,87.0,87.64,85.05,86.39,0.94,86.59,764,66154.48,3856.0,0.2,,92.92,107.84,-6.16,-19.14,False,35.69,156.49,86.17,-44.28,1.2,270,0.94,0.21,-6.79,-19.24,-10.92,-41.8,False
UNIHEALTH,NSE,SM,INE0PRF01011,2026-10-09,554.75,565.0,565.0,530.55,550.0,0.86,542.95,10500,5701000.0,21600.0,0.49,,653.2,526.72,-15.07,5.32,True,25.85,807.35,155.0,-31.29,257.9,270,0.86,-4.55,-22.65,-21.86,34.09,243.5,True
UNIINFO,NSE,EQ,INE481Z01011,2026-10-09,11.5,11.38,11.69,10.93,11.16,3.05,11.61,725,8417.3,2355.0,0.31,,11.41,12.89,0.8,-10.82,False,54.58,17.97,9.96,-36.0,15.46,270,3.05,5.99,4.07,-5.19,2.95,-34.02,False
UNILEX,NSE,SM,INE0B2801011,2026-10-09,30.0,30.0,30.0,30.0,30.0,0.0,30.0,4800,144000.0,5840.0,0.82,,28.64,32.41,4.75,-7.44,False,53.53,47.35,22.0,-36.64,36.36,191,0.0,2.39,15.38,11.52,-23.08,,True
UNIMECH,NSE,EQ,INE0U3I01011,2026-10-09,1734.8,1752.0,1795.0,1727.8,1751.9,-0.98,1750.09,106141,185756313.5,318822.0,0.33,,1556.19,1234.05,11.48,40.58,True,56.78,1873.1,706.3,-7.38,145.62,270,-0.98,-2.15,6.46,46.4,122.97,69.25,False
UNIONBANK,NSE,EQ,INE692A01016,2026-10-09,173.06,173.0,174.65,171.0,171.51,0.9,172.62,6981361,1205088719.22,8304293.0,0.84,,176.65,170.17,-2.03,1.7,True,45.97,202.27,136.02,-14.44,27.23,270,0.9,3.26,-5.55,5.2,-6.79,24.94,False
UNIONGOLD,NSE,EQ,INF582M01KS4,2026-10-09,145.0,144.8,145.5,144.8,143.35,1.15,145.17,424,61552.85,31160.0,0.01,,146.39,141.68,-0.95,2.34,True,46.18,175.0,114.5,-17.14,26.64,270,1.15,0.76,-2.59,3.5,-1.26,27.58,False
UNIPARTS,NSE,EQ,INE244O01017,2026-10-09,757.95,776.6,793.3,749.65,776.6,-2.4,760.74,163992,124755707.7,121157.0,1.35,,810.88,657.75,-6.53,15.23,True,31.33,902.1,410.2,-15.98,84.78,270,-2.4,-7.49,-15.6,7.52,48.3,86.62,False
UNITDSPR,NSE,EQ,INE854D01024,2026-10-09,1366.0,1319.9,1366.0,1318.3,1318.2,3.63,1356.86,988261,1340928456.4,1066378.0,0.93,,1415.51,1386.43,-3.5,-1.47,True,43.84,1556.0,1218.8,-12.21,12.08,270,3.63,2.31,-5.14,-1.42,9.39,3.15,False
UNITECH,NSE,EQ,INE694A01020,2026-10-09,4.06,4.02,4.22,4.01,4.01,1.25,4.1,7649788,31378256.39,5120999.0,1.49,,4.13,4.77,-1.62,-14.92,False,50.23,7.56,3.16,-46.3,28.48,270,1.25,3.31,0.5,-12.12,-17.31,-45.06,False
UNITEDPOLY,NSE,EQ,INE368U01029,2026-10-09,50.12,48.49,52.0,44.81,47.56,5.38,49.2,1538149,75680464.56,517485.0,2.97,,41.32,35.02,21.3,43.11,True,73.89,50.12,21.32,0.0,135.08,270,5.38,6.52,17.16,62.25,76.67,11.92,False
UNITEDTEA,NSE,EQ,INE458F01011,2026-10-09,407.45,403.3,414.0,403.2,403.0,1.1,406.99,357,145294.9,2711.0,0.13,,440.84,471.87,-7.57,-13.65,False,29.51,565.95,403.0,-28.01,1.1,270,1.1,-2.28,-7.79,-14.24,-21.64,-11.52,False
UNIVAFOODS,NSE,BE,INE275F01019,2026-10-05,9.48,9.48,9.48,9.48,9.48,0.0,9.48,3084,29236.32,4749.0,0.65,,10.01,11.5,-5.27,-17.56,False,53.07,14.24,7.79,-33.43,21.69,52,0.0,4.98,15.61,,,,False
UNIVASTU,NSE,BE,INE562X01013,2026-10-09,136.27,128.49,136.27,126.35,129.79,4.99,134.31,55880,7504991.53,51772.0,1.08,,139.16,122.47,-2.08,11.27,True,45.68,262.2,59.63,-48.03,128.53,270,4.99,1.5,-17.31,36.73,104.95,-41.11,False
UNIVCABLES,NSE,EQ,INE279A01012,2026-10-09,1518.8,1568.0,1571.0,1505.0,1549.9,-2.01,1530.45,64028,97991839.0,118431.0,0.54,,1483.88,1178.56,2.35,28.87,True,49.95,1745.0,584.55,-12.96,159.82,270,-2.01,4.65,-0.39,34.37,99.66,114.87,False
UNIVPHOTO,NSE,BE,INE03V001013,2026-10-09,468.45,479.0,479.0,436.0,456.2,2.69,447.58,141,63108.6,2973.0,0.05,,494.07,412.28,-5.19,13.62,True,39.58,614.0,188.53,-23.71,148.48,270,2.69,-4.4,-13.35,33.8,25.98,85.82,False
UNOMINDA,NSE,EQ,INE405E01023,2026-10-09,1108.0,1087.4,1115.0,1086.5,1085.0,2.12,1106.16,328752,363652134.4,574006.0,0.57,,1188.21,1184.9,-6.75,-6.49,True,36.99,1366.3,1013.2,-18.91,9.36,270,2.12,-0.27,-10.43,-4.98,1.63,-14.69,False
UPHOT,NSE,EQ,INE726E01014,2026-10-09,1585.0,1600.0,1600.0,1585.0,1597.0,-0.75,1586.99,30,47609.8,118.0,0.26,,1469.6,1452.93,7.85,9.09,True,63.99,1597.0,1330.0,-0.75,19.17,27,-0.75,5.67,8.2,,,,False
UPL,NSE,EQ,INE628A01036,2026-10-09,488.45,482.95,493.85,481.9,481.05,1.54,490.13,1335383,654505443.25,2370040.0,0.56,,557.18,617.3,-12.34,-20.87,False,27.92,805.35,481.05,-39.35,1.54,270,1.54,-5.49,-15.31,-17.87,-23.71,-25.52,False
URAVIDEF,NSE,BE,INE568Z01015,2026-10-09,103.0,101.99,103.0,101.99,101.99,0.99,102.52,3841,393763.84,1338.0,2.87,,109.19,146.5,-5.67,-29.69,False,40.07,257.78,101.16,-60.04,1.82,270,0.99,0.0,-9.28,-12.7,-26.64,-54.02,False
URBAN,NSE,SM,INE0O0201019,2026-10-09,114.3,118.5,119.95,109.0,118.5,-3.54,115.48,33600,3880040.0,11960.0,2.81,,126.46,136.81,-9.61,-16.45,False,36.31,189.45,114.3,-39.67,0.0,270,-3.54,-3.26,-10.81,-10.35,-21.6,-29.66,True
URBANCO,NSE,EQ,INE0CAZ01013,2026-10-09,159.76,161.45,162.8,159.31,160.25,-0.31,160.76,2197839,353317585.65,5916870.0,0.37,,158.68,144.64,0.68,10.46,True,46.54,181.09,103.03,-11.78,55.06,262,-0.31,2.19,-6.99,20.35,28.26,-4.55,False
URJA,NSE,EQ,INE550C01020,2026-10-09,8.33,8.32,8.47,8.31,8.36,-0.36,8.37,455001,3807365.32,533349.0,0.85,,9.08,10.1,-8.26,-17.55,False,28.35,13.33,8.01,-37.51,4.0,270,-0.36,-3.25,-8.26,-12.87,-15.77,-36.22,False
USASEEDS,NSE,SM,INE0CBM01019,2026-10-06,86.0,85.0,86.0,85.0,88.95,-3.32,85.51,1712,146397.4,1327.0,1.29,,93.8,139.54,-8.32,-38.37,False,41.93,282.5,80.5,-69.56,6.83,154,-3.32,-3.91,-6.67,-17.31,-53.11,,True
USHAFIN,NSE,ST,INE0LS001014,2026-10-09,53.0,53.0,54.6,52.3,52.0,1.92,53.7,32000,1718400.0,20880.0,1.53,,46.6,40.3,13.72,31.52,True,58.91,56.1,27.0,-5.53,96.3,241,1.92,13.49,-3.11,55.65,96.3,,True
USHAMART,NSE,EQ,INE228A01035,2026-10-09,502.05,505.0,509.4,496.05,503.95,-0.38,501.79,638061,320172822.95,1081148.0,0.59,,503.17,472.81,-0.22,6.19,True,47.84,535.05,387.35,-6.17,29.61,270,-0.38,2.1,0.44,-1.58,18.52,9.3,False
USK,NSE,EQ,INE0N0Y01013,2026-10-09,18.96,19.39,20.84,18.8,18.72,1.28,19.35,17186,332470.99,23767.0,0.72,,20.51,23.14,-7.54,-18.06,False,37.92,31.17,18.39,-39.17,3.1,270,1.28,3.1,-9.2,-16.99,-9.93,-38.88,False
UTIAMC,NSE,EQ,INE094J01016,2026-10-09,877.7,875.25,884.95,868.05,877.2,0.06,878.11,44976,39494046.85,85634.0,0.53,,901.84,985.17,-2.68,-10.91,False,41.24,1401.8,870.55,-37.39,0.82,270,0.06,-0.68,-2.53,-12.61,-9.03,-32.7,False
UTIBANKETF,NSE,EQ,INF789F1AUV1,2025-12-23,61.08,61.11,61.21,60.98,61.02,0.1,61.1,14039,857778.88,256864.0,0.05,,60.18,57.85,1.49,5.58,True,55.13,61.63,55.9,-0.89,9.27,75,0.1,0.21,0.54,6.9,,,False
UTINEXT50,NSE,EQ,INF789F1AUW9,2025-12-23,73.92,73.63,74.33,73.46,73.8,0.16,74.19,260745,19343614.54,120677.0,2.16,,73.71,72.99,0.29,1.28,True,53.16,75.88,71.99,-2.58,2.68,75,0.16,0.85,1.12,-1.26,,,False
UTINIFTETF,NSE,EQ,INF789F1AZC0,2025-12-23,288.15,295.37,295.37,286.01,288.17,-0.01,288.44,153657,44321424.75,93372.0,1.65,,283.95,277.33,1.48,3.9,True,59.37,289.25,270.2,-0.38,6.64,75,-0.01,1.2,0.77,4.06,,,False
UTISENSETF,NSE,EQ,INF789FB1X58,2025-12-23,939.25,939.33,943.54,937.61,939.33,-0.01,941.16,836,786806.86,8180.0,0.1,,928.16,905.68,1.19,3.71,True,55.87,944.77,883.19,-0.58,6.35,75,-0.01,0.67,0.45,4.08,,,False
UTISXN50,NSE,EQ,INF789F1AUU3,2025-12-23,93.15,90.75,94.2,90.75,93.08,0.08,93.39,4783,446686.53,4133.0,1.16,,92.4,90.6,0.81,2.82,True,53.79,93.74,88.49,-0.63,5.27,75,0.08,0.32,1.07,1.0,,,False
UTKAL,NSE,ST,INE1V1R01014,2026-10-09,46.65,45.75,46.65,45.0,47.0,-0.74,45.8,6000,274800.0,18700.0,0.32,,47.52,53.0,-1.83,-11.99,False,46.1,62.7,23.75,-25.6,96.42,78,-0.74,-2.81,-4.7,77.71,,,True
UTKAR-RE,NSE,BE,INE735W20017,2025-10-28,3.59,3.45,3.85,2.61,3.41,5.28,3.03,26269949,79513094.3,21184740.0,1.24,,5.5,5.63,-34.77,-36.2,False,,5.67,3.41,-36.68,5.28,3,5.28,,,,,,False
UTKARSHBNK,NSE,EQ,INE735W01017,2026-10-09,13.58,13.38,13.91,13.21,13.64,-0.44,13.48,6601254,88983848.95,9318126.0,0.71,,14.15,14.83,-4.03,-8.4,False,43.55,23.2,10.22,-41.47,32.88,270,-0.44,1.12,-13.45,-7.24,8.29,-35.27,False
UTLSOLAR,NSE,EQ,INE12UR01024,2026-10-09,409.05,409.2,414.45,402.7,409.2,-0.04,408.26,129592,52907401.75,250352.0,0.52,,412.17,328.88,-0.76,24.38,True,45.75,483.95,174.83,-15.48,133.97,219,-0.04,1.84,-6.01,6.89,83.42,,False
UTSSAV,NSE,SM,INE06IJ01010,2026-10-09,831.15,830.3,847.45,820.15,841.05,-1.18,830.04,54600,45320130.0,80850.0,0.68,,608.29,410.24,36.64,102.6,True,80.6,860.75,161.55,-3.44,414.48,270,-1.18,8.39,76.84,82.97,279.69,374.81,True
UTTAMSUGAR,NSE,EQ,INE786F01031,2026-10-09,298.05,294.75,302.5,294.15,291.55,2.23,298.26,151371,45148337.7,365017.0,0.41,,276.75,255.19,7.7,16.79,True,56.05,336.22,187.38,-11.35,59.06,270,2.23,7.95,3.65,28.22,22.41,21.11,False
UWCSL,NSE,SM,INE00F301010,2026-10-09,120.05,120.05,120.05,120.05,114.95,4.44,120.05,2000,240100.0,1600.0,1.25,,107.3,109.2,11.88,9.93,False,61.72,122.45,87.6,-1.96,37.04,61,4.44,-1.6,12.09,,,,True
UYFINCORP,NSE,BE,INE152C01025,2026-10-09,24.76,24.39,24.89,23.51,23.71,4.43,24.65,679153,16744056.43,215791.0,3.15,,20.1,16.86,23.21,46.87,True,76.13,24.76,11.58,0.0,113.82,270,4.43,8.31,24.55,50.98,80.73,65.4,False
V2RETAIL,NSE,EQ,INE945H01021,2026-10-09,154.5,155.99,157.19,151.0,154.87,-0.24,154.06,1967549,303120419.37,2263682.0,0.87,,215.43,677.8,-28.28,-77.21,False,14.48,2495.6,154.5,-93.81,0.0,270,-0.24,-23.28,-29.83,-29.85,-22.21,-92.58,False
VADILALIND,NSE,EQ,INE694D01016,2026-10-09,7162.0,7181.0,7221.0,7115.5,7167.5,-0.08,7170.64,3806,27291474.0,14825.0,0.26,,7184.76,6149.35,-0.32,16.47,True,44.82,7900.0,4037.6,-9.34,77.38,270,-0.08,-0.35,-4.94,11.73,56.88,33.26,False
VADILENT,NSE,EQ,INE693D01018,2026-10-09,9800.0,9810.0,9810.0,9740.0,9822.0,-0.22,9786.43,7,68505.0,27.0,0.26,,10130.58,10057.88,-3.26,-2.56,True,41.3,10833.0,9700.0,-9.54,1.03,36,-0.22,-1.11,-5.44,,,,False
VAIBHAVGBL,NSE,EQ,INE884A01027,2026-10-09,201.67,199.4,206.0,199.4,199.55,1.06,202.49,280921,56883699.76,249975.0,1.12,,216.99,226.15,-7.06,-10.82,False,37.6,281.25,175.36,-28.3,15.0,270,1.06,-0.91,-6.63,-22.84,-3.65,-10.48,False
VAISHALI,NSE,EQ,INE972X01022,2026-10-09,7.92,8.38,8.38,7.81,7.99,-0.88,8.02,86580,694053.35,198886.0,0.44,,8.2,8.22,-3.38,-3.71,False,38.82,11.44,4.88,-30.77,62.3,270,-0.88,-5.49,-5.04,4.76,28.36,-29.97,False
VAKRANGEE,NSE,EQ,INE051B01021,2026-10-09,5.04,5.06,5.09,5.0,5.04,0.0,5.04,994840,5009425.54,1056968.0,0.94,,5.54,6.38,-9.0,-21.05,False,28.58,9.14,4.68,-44.86,7.69,270,0.0,-1.56,-10.32,-17.11,-21.25,-37.85,False
VAL30IETF,NSE,EQ,INF109KC16X5,2026-10-09,14.32,14.05,15.18,14.0,13.99,2.36,14.15,102405,1449181.84,204402.0,0.5,,14.91,15.03,-3.96,-4.7,False,36.91,16.67,13.47,-14.1,6.31,270,2.36,0.14,-4.53,-6.83,-7.01,6.39,False
VALIANTLAB,NSE,BE,INE0JWS01017,2026-10-09,119.8,119.0,121.0,113.0,117.34,2.1,117.67,57995,6824376.03,105312.0,0.55,,105.83,83.32,13.2,43.79,True,54.63,127.91,50.93,-6.34,135.22,270,2.1,-4.22,4.97,92.98,100.0,47.03,False
VALIANTORG,NSE,EQ,INE565V01010,2026-10-09,467.7,450.0,472.05,428.3,450.6,3.79,451.84,131081,59227738.2,174529.0,0.75,,373.84,313.61,25.11,49.13,True,65.62,496.8,197.64,-5.86,136.64,270,3.79,-1.98,36.59,67.6,77.0,43.07,False
VALUE,NSE,EQ,INF769K01QV2,2026-10-09,14.98,14.85,15.02,14.85,14.82,1.08,14.97,36225,542386.77,25082.0,1.44,,15.79,15.85,-5.11,-5.47,False,29.79,16.97,14.82,-11.73,1.08,133,1.08,-1.06,-6.26,-7.36,-6.14,,False
VALUE360,NSE,SM,INE1E7Y01018,2026-10-09,79.3,80.0,81.8,79.25,82.05,-3.35,80.02,20400,1632360.0,45600.0,0.45,,70.48,76.94,12.51,3.06,False,63.07,89.0,54.85,-10.9,44.58,100,-3.35,42.11,7.16,-8.69,,,True
VALUEAXIS,NSE,EQ,INF846KA1119,2026-10-09,30.55,30.52,30.98,30.25,30.37,0.59,30.48,38416,1170796.09,87991.0,0.44,,32.14,32.81,-4.94,-6.89,False,28.98,33.59,30.37,-9.05,0.59,69,0.59,-1.16,-6.35,-6.92,,,False
VAML,NSE,EQ,INE1CDF01017,2026-10-09,371.65,376.0,377.3,368.2,374.45,-0.75,371.74,10848362,4032730398.35,10050424.0,1.08,,428.17,463.23,-13.2,-19.77,False,30.05,495.9,371.65,-25.06,0.0,82,-0.75,-7.72,-14.88,-16.21,,,False
VARDHACRLC,NSE,EQ,INE116G01013,2026-10-09,42.75,42.75,43.99,41.51,42.7,0.12,42.78,52781,2258233.84,34546.0,1.53,,43.85,42.33,-2.51,1.0,True,41.35,46.82,27.23,-8.69,57.0,270,0.12,-3.59,-3.24,-1.79,23.66,-3.08,False
VARDMNPOLY,NSE,EQ,INE835A01029,2026-10-09,5.26,5.39,5.5,5.19,5.25,0.19,5.28,376738,1989053.83,182645.0,2.06,,5.92,6.66,-11.18,-21.03,False,22.84,8.93,5.25,-41.1,0.19,270,0.19,-7.72,-10.7,-20.66,-27.85,-38.55,False
VARMORA,NSE,EQ,INE0M5301040,2026-10-09,134.21,135.0,136.01,133.0,134.16,0.04,134.18,1449786,194527474.02,9211396.0,0.16,,148.02,151.04,-9.33,-11.14,False,,152.19,132.84,-11.81,1.03,8,0.04,-0.07,,,,,False
VARROC,NSE,EQ,INE665L01035,2026-10-09,793.6,802.9,806.95,784.65,802.9,-1.16,795.33,123172,97962908.2,339242.0,0.36,,801.59,681.43,-1.0,16.46,True,41.22,884.4,467.4,-10.27,69.79,270,-1.16,-4.45,-6.57,19.98,58.59,34.42,False
VASA,NSE,SM,INE068Z01016,2026-09-30,3.55,3.4,3.55,3.4,3.55,0.0,3.48,8000,27800.0,8200.0,0.98,,4.37,4.4,-18.78,-19.35,False,12.33,5.0,3.55,-29.0,0.0,21,0.0,-16.47,,,,,True
VASCONEQ,NSE,EQ,INE893I01013,2026-10-09,30.68,30.34,30.89,29.83,30.34,1.12,30.48,254583,7759563.01,909810.0,0.28,,31.97,37.08,-4.05,-17.27,False,42.9,71.28,27.06,-56.96,13.38,270,1.12,-5.83,2.71,-5.72,-13.09,-55.38,False
VASUPRADA,NSE,EQ,INE574G01013,2026-10-09,99.5,103.91,103.91,99.5,98.97,0.54,99.61,41,4083.91,467.0,0.09,,97.64,96.59,1.9,3.01,True,53.36,108.0,94.0,-7.87,5.85,26,0.54,4.74,5.85,,,,False
VASWANI,NSE,EQ,INE590L01019,2026-10-09,43.74,42.46,44.18,42.46,43.37,0.85,43.6,7019,306020.34,34119.0,0.21,,47.28,52.78,-7.48,-17.13,False,37.16,67.87,43.37,-35.55,0.85,270,0.85,-1.4,-5.94,-19.77,-20.93,-17.78,False
VBL,NSE,EQ,INE200M01039,2026-10-09,441.0,430.55,441.0,430.15,432.0,2.08,438.53,2906521,1274594919.65,5493986.0,0.53,,435.13,458.05,1.35,-3.72,False,58.17,544.05,382.2,-18.94,15.38,270,2.08,3.69,8.7,-7.76,4.53,-0.61,False
VCL,NSE,BE,INE098201036,2026-10-09,1.5,1.5,1.61,1.49,1.56,-3.85,1.52,277651,422220.37,1288568.0,0.22,,1.54,1.52,-2.61,-1.15,True,47.66,2.54,0.88,-40.94,70.45,270,-3.85,9.49,-5.06,12.78,-0.66,53.06,False
VDEAL,NSE,SM,INE0U2M01015,2026-10-09,105.65,123.8,123.8,105.0,112.0,-5.67,111.05,3000,333150.0,14880.0,0.2,,134.18,165.86,-21.26,-36.3,False,35.32,253.1,102.95,-58.26,2.62,229,-5.67,-4.39,-27.71,-34.78,-29.57,,True
VEDAVAAG,NSE,EQ,INE359B01010,2026-10-09,23.19,22.33,23.3,22.22,22.22,4.37,23.01,20088,462296.27,148882.0,0.13,,20.72,19.62,11.91,18.22,True,58.46,23.45,18.14,-1.11,27.84,38,4.37,4.65,23.15,,,,False
VEDL,NSE,EQ,INE205A01025,2026-10-09,264.0,254.6,264.5,254.35,253.1,4.31,261.12,11577993,3023213732.15,8477672.0,1.37,,272.73,383.66,-3.2,-31.19,False,50.11,787.5,252.05,-66.48,4.74,270,4.31,4.74,-2.94,-3.14,-63.4,-43.32,False
VEDPOWER,NSE,EQ,INE694L01019,2026-10-09,31.59,31.79,32.16,31.19,31.89,-0.94,31.75,7104650,225560990.41,13325047.0,0.53,,34.33,38.12,-7.98,-17.14,False,41.06,48.64,30.78,-35.05,2.63,82,-0.94,-3.6,-7.85,-24.48,,,False
VEEDOL,NSE,EQ,INE484C01030,2026-10-09,1352.2,1356.6,1369.0,1345.0,1357.8,-0.41,1355.44,6248,8468815.2,8933.0,0.7,,1414.17,1466.21,-4.38,-7.78,False,39.72,1929.1,1246.2,-29.91,8.51,270,-0.41,-0.32,-7.0,-7.05,-1.72,-23.63,False
VEEGALAND,NSE,EQ,INE1JTV01015,2026-10-09,133.9,139.9,139.9,133.23,136.9,-2.19,135.59,399618,54184389.77,1145192.0,0.35,,144.22,145.68,-7.16,-8.09,False,16.35,148.64,133.9,-9.92,0.0,15,-2.19,-5.56,,,,,False
VEEKAYEM,NSE,SM,INE0KTW01013,2026-10-09,123.85,119.55,123.85,119.55,112.6,9.99,122.48,22000,2694475.0,6350.0,3.46,,111.52,155.24,11.06,-20.22,False,65.28,312.45,81.25,-60.36,52.43,213,9.99,17.73,9.55,-11.54,1.1,,True
VELJAN,NSE,BE,INE232E01013,2026-10-09,2707.7,2707.7,2710.0,2707.7,2762.9,-2.0,2707.96,81,219344.4,1567.0,0.05,,1994.02,1487.18,35.79,82.07,True,83.38,2762.9,978.0,-2.0,176.86,120,-2.0,17.93,43.26,68.0,,,False
VELS,NSE,ST,INE0I3H01019,2026-07-15,73.0,73.0,73.0,73.0,69.85,4.51,73.0,1200,87600.0,3600.0,0.33,,59.66,55.59,22.36,31.33,True,66.72,73.5,39.75,-0.68,83.65,94,4.51,1.53,51.93,22.69,,,True
VENKEYS,NSE,EQ,INE398A01010,2026-10-09,1595.8,1614.7,1635.0,1580.0,1608.2,-0.77,1609.51,23569,37934469.8,59162.0,0.4,,1610.03,1521.65,-0.88,4.87,True,44.64,1787.2,1170.8,-10.71,36.3,270,-0.77,-1.07,-6.62,7.41,9.73,7.13,False
VENTIVE,NSE,EQ,INE781S01027,2026-10-09,551.7,563.55,573.5,549.5,563.55,-2.1,555.55,22458,12476613.7,31284.0,0.72,,581.16,633.31,-5.07,-12.89,False,41.22,779.15,548.0,-29.19,0.68,270,-2.1,-0.09,-3.46,-11.63,-8.33,-20.81,False
VENUSPIPES,NSE,EQ,INE0JA001018,2026-10-09,2041.4,2160.1,2171.7,2001.3,2119.8,-3.7,2053.9,274899,564616095.3,319421.0,0.86,,1919.27,1567.28,6.36,30.25,True,49.64,2282.9,894.0,-10.58,128.34,270,-3.7,-7.42,4.69,12.92,81.38,56.57,False
VENUSREM,NSE,BE,INE411B01019,2026-10-09,1610.1,1636.6,1665.9,1597.0,1681.0,-4.22,1613.64,39011,62949689.4,32107.0,1.22,,1651.93,1310.62,-2.53,22.85,True,43.87,1947.0,434.35,-17.3,270.69,270,-4.22,-10.39,-0.93,-6.36,67.53,265.89,False
VERA,NSE,SM,INE709Z01015,2026-08-18,86.25,86.25,86.25,86.25,82.15,4.99,86.25,1500,129375.0,7929.0,0.19,,71.4,70.28,20.8,22.73,True,,86.25,65.55,0.0,31.58,14,4.99,21.48,,,,,True
VERANDA,NSE,BE,INE0IQ001011,2026-10-09,34.39,34.39,34.39,34.39,32.76,4.98,34.39,122023,4196370.97,453120.0,0.27,,202.95,214.17,-83.05,-83.94,False,10.37,262.44,29.72,-86.9,15.71,270,4.98,-83.91,-85.22,-85.55,-76.34,-84.26,False
VERITAAS,NSE,SM,INE0SRI01019,2026-10-06,28.55,28.55,28.6,28.55,30.05,-4.99,28.57,3600,102840.0,3600.0,1.0,,35.87,51.48,-20.42,-44.54,False,41.91,74.9,24.25,-61.88,17.73,123,-4.99,1.96,-14.26,-45.98,,,True
VERTEXPLUS,NSE,ST,INE0NLB01018,2026-10-07,72.8,72.8,72.8,72.8,69.35,4.97,72.8,1200,87360.0,5460.0,0.22,,61.05,87.15,19.24,-16.46,False,79.09,142.95,37.0,-49.07,96.76,136,4.97,20.63,63.41,-33.94,-44.74,,True
VERTIS,NSE,BL,INE0KXY23015,2025-09-23,101.19,101.19,101.19,101.19,99.52,1.68,101.19,1025000,103719750.0,1025000.0,1.0,,101.19,101.19,0.0,0.0,False,,101.19,101.19,0.0,0.0,1,,,,,,,False
VERTOZ,NSE,EQ,INE188Y01031,2026-10-09,32.19,32.05,33.04,31.51,32.43,-0.74,32.1,34762,1115920.82,44050.0,0.79,,36.77,45.77,-12.46,-29.67,False,21.9,75.15,28.19,-57.17,14.19,270,-0.74,-9.73,-16.13,-17.16,-19.77,-56.44,False
VESUVIUS,NSE,EQ,INE386A01023,2026-10-09,409.0,408.0,411.0,397.3,406.65,0.58,405.72,69533,28210727.25,649629.0,0.11,,419.44,456.91,-2.49,-10.49,False,50.2,556.55,385.4,-26.51,6.12,270,0.58,1.21,-3.05,-11.95,-11.69,-20.22,False
VETO,NSE,EQ,INE918N01018,2026-10-09,131.63,135.0,135.79,131.06,135.63,-2.95,132.77,46125,6124153.94,116078.0,0.4,,132.14,121.51,-0.38,8.33,True,44.59,150.32,84.4,-12.43,55.96,270,-2.95,-3.77,4.71,6.57,30.57,12.08,False
VGCL,NSE,EQ,INE761Q01015,2026-10-09,49.99,48.08,52.88,48.03,48.08,3.97,49.99,362279,18110680.97,21927.0,16.52,,52.54,57.63,-4.85,-13.26,False,43.78,60.5,46.58,-17.37,7.32,38,3.97,4.39,-1.32,,,,False
VGINFOTECH,NSE,SM,INE0VRH01015,2026-10-09,140.65,138.0,140.9,136.3,137.05,2.63,139.37,13000,1811800.0,24050.0,0.54,,143.36,147.85,-1.89,-4.87,False,48.76,177.75,104.5,-20.87,34.59,270,2.63,1.19,-0.74,0.46,-2.63,-20.47,True
VGL,NSE,EQ,INE273D01027,2026-10-09,62.44,63.69,64.49,61.92,62.41,0.05,62.57,68591,4292055.33,266834.0,0.26,,62.65,80.24,-0.34,-22.18,False,47.96,160.58,47.0,-61.12,32.85,245,0.05,-1.06,17.24,-1.53,-6.09,,False
VGUARD,NSE,EQ,INE951I01027,2026-10-09,288.2,292.9,293.75,287.45,291.85,-1.25,289.49,394667,114252034.2,369264.0,1.07,,315.15,323.31,-8.55,-10.86,False,30.63,382.55,288.2,-24.66,0.0,270,-1.25,-2.16,-12.68,-5.69,-11.2,-23.25,False
VHL,NSE,EQ,INE701A01023,2026-10-09,3650.0,3650.0,3685.0,3570.0,3578.8,1.99,3629.8,2153,7814963.5,775.0,2.78,,3472.28,3512.04,5.12,3.93,False,67.1,4234.1,2976.9,-13.8,22.61,265,1.99,6.25,0.51,3.15,9.12,-4.34,False
VHLTD,NSE,BE,INE048C01025,2026-10-09,142.9,140.0,142.9,136.0,136.1,5.0,141.28,104822,14808958.9,50041.0,2.09,,127.29,130.1,12.26,9.84,False,70.17,149.9,115.25,-4.67,23.99,270,5.0,11.9,18.52,11.18,2.22,19.68,False
VHLTD-RE1,NSE,BE,INE048C20025,2026-09-07,0.68,0.68,0.68,0.68,0.49,38.78,0.68,78853,53620.04,61851.0,1.27,,0.37,0.35,84.67,91.73,True,,0.68,0.35,0.0,94.29,3,38.78,,,,,,False
VIAZ,NSE,SM,INE0MO401019,2026-10-09,88.4,88.8,90.0,86.75,87.65,0.86,88.28,58000,5120500.0,19400.0,2.99,,73.03,71.23,21.05,24.11,True,71.38,97.75,58.0,-9.57,52.41,178,0.86,6.06,26.29,44.92,23.81,,True
VICTORYEV,NSE,SM,INE0F8901022,2026-10-09,12.75,13.0,13.8,12.75,13.4,-4.85,12.91,36000,464700.0,15450.0,2.33,,15.09,19.18,-15.5,-33.51,False,31.66,32.75,12.75,-61.07,0.0,176,-4.85,-5.56,-16.67,-25.44,-8.93,,True
VIDHIING,NSE,EQ,INE632C01026,2026-10-09,332.4,333.4,333.9,326.0,331.0,0.42,330.24,9003,2973185.8,26094.0,0.35,,337.26,325.77,-1.44,2.03,True,42.55,374.6,263.25,-11.27,26.27,270,0.42,-5.1,-6.75,12.24,1.42,-5.73,False
VIDYAWIRES,NSE,EQ,INE14UN01029,2026-10-09,98.06,99.0,101.27,95.58,98.03,0.03,98.58,1638627,161528346.3,1517742.0,1.08,,91.02,80.28,7.73,22.15,True,62.25,114.0,44.87,-13.98,118.54,205,0.03,7.79,10.07,1.03,75.8,,False
VIESL,NSE,SM,INE0TR001017,2026-10-09,351.1,360.0,360.0,350.0,354.9,-1.07,352.14,6400,2253680.0,15200.0,0.42,,354.71,303.73,-1.02,15.59,True,41.14,404.4,212.75,-13.18,65.03,270,-1.07,-3.81,-11.7,12.03,26.96,64.45,True
VIGOR,NSE,SM,INE1DM601016,2026-10-09,73.8,73.0,74.0,72.7,72.15,2.29,73.67,14400,1060880.0,32160.0,0.45,,92.85,84.87,-20.51,-13.05,True,30.89,117.0,45.85,-36.92,60.96,244,2.29,-7.75,-36.13,-28.35,56.03,,True
VIJAYA,NSE,EQ,INE043W01024,2026-10-09,1436.6,1423.0,1452.0,1417.6,1431.1,0.38,1437.14,47126,67726604.0,125810.0,0.37,,1452.86,1279.17,-1.12,12.31,True,43.98,1570.7,861.4,-8.54,66.78,270,0.38,0.6,-4.42,3.42,49.21,43.66,False
VIJAYPD,NSE,SM,INE0WL901019,2026-10-09,88.45,90.0,90.0,86.0,88.9,-0.51,87.68,12000,1052200.0,54500.0,0.22,,72.07,66.79,22.73,32.43,True,62.39,109.25,35.9,-19.04,146.38,230,-0.51,10.49,26.54,20.1,32.01,,True
VIJIFIN,NSE,BE,INE159N01027,2026-10-09,13.46,12.2,13.48,12.2,12.84,4.83,12.78,1350960,17268716.16,618509.0,2.18,,13.51,8.21,-0.39,64.03,True,38.93,16.91,2.01,-20.4,569.65,270,4.83,-11.21,-18.82,75.95,318.01,320.62,False
VIJSOLX,NSE,EQ,INE362D01010,2026-10-09,659.6,661.0,679.95,645.0,661.0,-0.21,655.54,591,387421.6,420.0,1.41,,660.69,681.92,-0.16,-3.27,False,56.59,706.0,615.85,-6.57,7.1,37,-0.21,5.82,-3.3,,,,False
VIKASECO,NSE,EQ,INE806A01020,2026-10-09,1.01,1.01,1.05,1.01,1.01,0.0,1.02,1546247,1578450.35,1575495.0,0.98,,1.07,1.3,-5.94,-22.54,False,32.88,2.02,0.99,-50.0,2.02,270,0.0,0.0,-3.81,-16.53,-32.21,-48.73,False
VIKASLIFE,NSE,EQ,INE161L01027,2026-10-09,1.19,1.19,1.22,1.18,1.18,0.85,1.2,1708839,2049203.84,1870967.0,0.91,,1.26,1.48,-5.36,-19.49,False,40.41,2.2,1.06,-45.91,12.26,270,0.85,-0.83,-7.03,-14.39,-25.16,-45.41,False
VIKRAMSOLR,NSE,EQ,INE078V01014,2026-10-09,142.32,143.99,144.5,141.0,143.31,-0.69,142.65,1566297,223436410.46,1619573.0,0.97,,166.2,202.38,-14.37,-29.68,False,19.65,348.35,142.32,-59.14,0.0,270,-0.69,-7.79,-15.93,-30.01,-25.72,-54.94,False
VIKRAN,NSE,EQ,INE01R501028,2026-10-09,55.84,57.13,57.79,55.4,56.76,-1.62,56.15,822631,46193691.49,2927696.0,0.28,,61.07,71.71,-8.57,-22.13,False,40.97,112.56,51.9,-50.39,7.59,270,-1.62,-4.17,-5.58,-24.89,-16.94,-41.15,False
VILAS,NSE,SM,INE0AZY01017,2026-10-09,378.1,390.3,390.45,376.0,393.15,-3.83,381.49,15500,5913112.5,52225.0,0.3,,372.02,391.11,1.63,-3.33,False,50.53,527.65,316.25,-28.34,19.56,270,-3.83,-5.18,6.93,-1.66,-9.48,-25.48,True
VILINBIO,NSE,ST,INE0L4V01013,2026-10-09,52.0,54.0,54.0,52.0,53.65,-3.08,52.68,12000,632200.0,19600.0,0.61,,50.43,40.27,3.11,29.13,True,48.38,60.0,18.95,-13.33,174.41,208,-3.08,-7.96,-4.15,13.04,52.05,,True
VIMTALABS,NSE,EQ,INE579C01029,2026-10-09,537.45,553.0,554.05,525.75,553.0,-2.81,540.39,133418,72097322.45,145807.0,0.92,,597.36,587.5,-10.03,-8.52,True,28.26,748.2,380.7,-28.17,41.17,270,-2.81,-8.03,-14.12,-5.06,21.16,-23.93,False
VINATIORGA,NSE,EQ,INE410B01037,2026-10-09,1124.5,1127.0,1139.3,1116.2,1120.8,0.33,1123.76,40190,45164018.0,59443.0,0.68,,1254.26,1370.85,-10.35,-17.97,False,28.56,1730.5,1120.8,-35.02,0.33,270,0.33,-6.92,-16.57,-15.65,-12.4,-35.22,False
VINCOFE,NSE,EQ,INE498Q01014,2026-10-09,173.46,176.5,179.04,171.31,175.79,-1.33,174.45,1249045,217901455.66,1656081.0,0.75,,170.78,156.53,1.57,10.81,True,47.05,187.21,122.35,-7.34,41.77,270,-1.33,-3.07,-2.74,7.37,23.11,17.43,False
VINDHYATEL,NSE,EQ,INE707A01012,2026-10-09,2814.4,2784.9,2856.6,2777.0,2776.7,1.36,2813.81,57692,162334365.6,68605.0,0.84,,2554.4,1993.72,10.18,41.16,True,57.91,2916.4,975.0,-3.5,188.66,270,1.36,7.54,0.74,41.67,146.21,103.24,False
VINEET-RE,NSE,BE,INE505Y20010,2026-01-27,0.62,0.62,0.62,0.62,0.65,-4.62,0.62,38608,23936.96,51114.0,0.76,,2.59,3.61,-76.09,-82.85,False,0.0,4.07,0.62,-84.77,0.0,17,-4.62,-19.48,,,,,False
VINEETLAB,NSE,EQ,INE505Y01010,2026-10-09,37.45,37.9,37.9,34.61,36.5,2.6,36.47,54462,1986254.8,118976.0,0.46,,36.63,35.84,2.24,4.48,True,54.92,47.87,29.01,-21.77,29.09,270,2.6,4.29,1.38,16.27,15.98,-4.61,False
VINNY,NSE,EQ,INE01KI01027,2026-10-09,0.86,0.89,0.9,0.85,0.89,-3.37,0.88,214573,188421.31,299118.0,0.72,,0.98,1.1,-12.41,-21.47,False,16.95,1.41,0.86,-39.01,0.0,270,-3.37,-4.44,-14.0,-19.63,-26.5,-32.28,False
VINOD,NSE,SM,INE1A5U01014,2026-10-09,35.4,35.4,35.4,35.4,37.25,-4.97,35.4,6000,212400.0,89325.0,0.07,,74.2,84.92,-52.29,-58.31,False,0.0,89.3,35.4,-60.36,0.0,16,-4.97,-30.38,,,,,True
VINSYS,NSE,ST,INE0OSJ01014,2026-10-09,591.5,601.65,601.65,578.0,573.0,3.23,591.69,2500,1479225.0,4700.0,0.53,,564.15,461.63,4.85,28.13,True,56.93,609.0,233.4,-2.87,153.43,262,3.23,2.07,-0.29,18.78,151.38,39.11,True
VINYAS,NSE,SM,INE0OLS01010,2026-10-09,1477.5,1455.0,1488.95,1415.05,1444.7,2.27,1463.0,28600,41841695.0,10370.0,2.76,,1451.08,1296.07,1.82,14.0,True,50.55,1656.6,813.2,-10.81,81.69,270,2.27,7.44,-6.93,6.4,51.12,22.96,True
VINYLINDIA,NSE,EQ,INE250B01029,2026-10-09,201.71,209.8,213.99,198.0,209.8,-3.86,202.44,21163,4284312.37,6450.0,3.28,,226.37,242.01,-10.89,-16.65,False,28.88,293.35,164.98,-31.24,22.26,270,-3.86,-5.84,-10.18,-21.48,-8.88,-28.6,False
VIPCLOTHNG,NSE,EQ,INE450G01024,2026-10-09,20.14,20.5,20.5,19.8,19.97,0.85,20.22,8306,167975.56,49992.0,0.17,,21.04,23.98,-4.3,-16.01,False,41.74,36.0,14.79,-44.06,36.17,270,0.85,0.15,-0.59,-16.26,-16.5,-40.43,False
VIPIND,NSE,EQ,INE054A01027,2026-10-09,269.55,275.2,277.35,267.15,275.2,-2.05,270.19,265449,71722731.45,279744.0,0.95,,298.04,325.63,-9.56,-17.22,False,30.52,439.35,269.55,-38.65,0.0,270,-2.05,-3.99,-12.94,-11.04,-17.37,-35.2,False
VIPULLTD,NSE,BE,INE946H01037,2026-10-09,9.82,9.39,9.82,8.9,9.36,4.91,9.11,276893,2521499.57,207382.0,1.34,,12.27,11.8,-19.94,-16.77,True,30.26,17.81,7.46,-44.86,31.64,270,4.91,-7.27,-26.93,-42.17,-2.39,5.82,False
VIRAT,NSE,EQ,INE467D01017,2026-10-09,435.4,406.0,446.85,406.0,406.25,7.18,439.17,46752,20532025.85,11596.0,4.03,,379.97,354.93,14.59,22.67,True,66.21,482.0,333.95,-9.67,30.38,38,7.18,29.66,-5.42,,,,False
VIRINCHI,NSE,EQ,INE539B01017,2026-10-09,12.81,12.77,13.05,12.6,12.76,0.39,12.84,73082,938173.51,51256.0,1.43,,14.33,17.66,-10.6,-27.44,False,31.05,28.53,12.76,-55.1,0.39,270,0.39,-3.61,-8.83,-20.09,-27.83,-53.45,False
VIRTUALG,NSE,BE,INE247C01023,2026-10-09,0.43,0.44,0.44,0.42,0.43,0.0,0.43,112479,48608.07,243711.0,0.46,,0.45,0.43,-3.52,0.84,True,47.21,0.55,0.41,-21.82,4.88,38,0.0,-2.27,-6.52,,,,False
VISACHROME,NSE,EQ,INE286H01012,2026-10-09,33.9,33.95,34.46,32.51,33.31,1.77,34.05,13191,449174.07,181943.0,0.07,,36.41,42.95,-6.91,-21.07,False,46.02,54.61,30.09,-37.92,12.66,99,1.77,-5.6,-8.2,-15.8,,,False
VISAKAIND,NSE,BE,INE392A01021,2026-10-09,84.57,80.2,84.57,78.03,80.55,4.99,82.5,105998,8744967.09,227911.0,0.47,,87.7,79.93,-3.56,5.8,True,44.12,103.52,51.5,-18.31,64.21,270,4.99,1.18,-9.18,3.23,36.56,12.01,False
VISAMAN,NSE,SM,INE0BHK01012,2026-10-09,23.3,25.6,25.6,23.25,24.45,-4.7,23.8,20000,475900.0,50300.0,0.4,,61.94,95.62,-62.38,-75.63,False,11.96,145.0,23.3,-83.93,0.0,160,-4.7,-14.34,-57.98,-82.05,-80.47,,True
VISASTEEL,NSE,BE,INE286H01012,2026-05-19,47.92,44.73,47.92,43.8,45.64,5.0,46.72,9584,447779.57,50268.0,0.19,,41.26,41.45,16.15,15.62,False,59.04,70.18,27.8,-31.72,72.37,162,5.0,-13.81,35.67,27.38,-28.83,,False
VISDEM,NSE,SM,INE0OWX01025,2026-10-09,92.0,97.0,100.5,92.0,92.65,-0.7,96.5,3600,347400.0,11040.0,0.33,,88.95,85.84,3.43,7.17,True,45.79,103.75,78.0,-11.33,17.95,37,-0.7,1.1,0.0,,,,True
VISHAL,NSE,EQ,INE755Q01025,2026-10-09,17.14,16.48,17.5,16.29,16.48,4.0,17.01,51778,880612.69,61183.0,0.85,,18.01,18.13,-4.84,-5.44,False,36.7,19.27,16.48,-11.05,4.0,38,4.0,-1.38,-6.8,,,,False
VISHNU,NSE,EQ,INE270I01022,2026-10-09,654.85,667.6,675.95,653.0,665.65,-1.62,659.04,60193,39669460.15,86801.0,0.69,,664.47,597.18,-1.45,9.66,True,43.39,731.55,467.95,-10.48,39.94,270,-1.62,-0.52,-10.48,9.69,25.41,44.65,False
VISHNUINFR,NSE,SM,INE0PQ001012,2026-10-09,135.15,136.6,140.95,134.05,141.35,-4.39,137.05,7000,959350.0,21300.0,0.33,,152.18,159.7,-11.19,-15.37,False,34.58,215.3,125.6,-37.23,7.6,262,-4.39,-9.11,-12.81,-14.08,0.15,-19.07,True
VISHWARAJ,NSE,EQ,INE430N01022,2026-10-09,5.33,5.4,5.57,5.25,5.35,-0.37,5.39,320959,1728563.79,340884.0,0.94,,5.5,5.98,-3.05,-10.94,False,46.15,8.31,4.18,-35.86,27.51,270,-0.37,2.9,-9.04,-0.74,1.72,-32.87,False
VISHWAS,NSE,SM,INE0S2E01016,2026-10-08,42.15,42.15,42.15,42.15,44.35,-4.96,42.15,1600,67440.0,5360.0,0.3,,44.19,48.58,-4.61,-13.24,False,47.75,62.85,32.05,-32.94,31.51,155,-4.96,4.33,-4.2,2.8,-20.47,,True
VISL,NSE,EQ,INE1CLE01013,2026-10-09,29.09,28.7,29.4,27.9,28.46,2.21,28.8,13878922,399747768.63,20822526.0,0.67,,32.58,28.0,-10.71,3.87,True,36.95,42.65,21.06,-31.79,38.13,82,2.21,-6.67,-14.37,-16.12,,,False
VITAL,NSE,EQ,INE0L4K01016,2026-10-09,51.99,52.5,52.5,48.0,52.5,-0.97,50.01,5772,288681.76,5601.0,1.03,,53.23,53.59,-2.32,-2.99,False,45.19,66.15,35.4,-21.41,46.86,260,-0.97,-2.75,-6.16,-7.16,-0.36,-12.62,False
VIVIANA,NSE,EQ,INE0MEG01014,2026-10-09,817.85,850.05,869.7,809.7,844.35,-3.14,824.46,35169,28995278.8,41720.0,0.84,,753.09,833.28,8.6,-1.85,False,62.17,1759.95,577.5,-53.53,41.62,270,-3.14,5.6,10.39,5.94,7.28,-49.12,False
VIVIDEL,NSE,SM,INE24H301028,2026-10-09,1772.4,1889.95,1914.8,1751.1,1885.8,-6.01,1806.75,20160,36424164.0,24276.0,0.83,,1621.73,1146.41,9.29,54.6,True,53.6,1953.85,563.05,-9.29,214.79,128,-6.01,1.42,4.36,49.8,204.82,,True
VIVIDHA,NSE,EQ,INE370E01029,2026-10-09,0.51,0.51,0.52,0.5,0.5,2.0,0.51,379342,192880.25,267317.0,1.42,,0.52,0.57,-1.63,-10.19,False,47.54,0.8,0.43,-36.25,18.6,270,2.0,2.0,-1.92,-3.77,-17.74,-37.8,False
VIVIMEDLAB,NSE,BE,INE526G01021,2026-10-09,7.25,7.25,7.25,6.57,6.91,4.92,7.21,965168,6958277.93,82832.0,11.65,,5.97,9.22,21.35,-21.41,False,75.47,26.6,4.88,-72.74,48.57,199,4.92,26.97,14.53,34.01,8.53,,False
VIVO,NSE,ST,INE0IA701014,2026-10-08,150.0,150.0,150.0,150.0,146.0,2.74,150.0,1600,240000.0,6080.0,0.26,,113.48,81.97,32.18,82.99,True,68.01,160.0,64.0,-6.25,134.38,62,2.74,-5.66,59.66,,,,True
VIVOBIOT,NSE,EQ,INE380K01017,2026-10-09,14.93,14.54,15.2,14.05,14.51,2.89,14.85,36581,543408.57,38481.0,0.95,,17.49,18.93,-14.65,-21.14,False,35.54,19.68,13.87,-24.14,7.64,38,2.89,-12.84,-21.46,,,,False
VIYASH,NSE,EQ,INE807F01027,2026-10-09,234.06,236.01,239.76,232.29,235.86,-0.76,234.76,1638950,384753165.73,2570610.0,0.64,,251.01,239.22,-6.75,-2.16,True,38.9,294.15,179.89,-20.43,30.11,175,-0.76,1.0,-10.65,-15.75,13.14,,False
VLEGOV,NSE,EQ,INE03HW01020,2026-10-09,9.08,9.29,9.65,8.92,9.44,-3.81,9.41,405771,3818871.33,116828.0,3.47,,10.37,14.27,-12.47,-36.36,False,33.22,29.06,8.61,-68.75,5.46,270,-3.81,-5.42,-12.36,-18.49,-27.76,-66.47,False
VLINFRA,NSE,SM,INE0QXL01015,2026-10-09,24.25,24.3,24.3,24.25,24.85,-2.41,24.28,4500,109275.0,7800.0,0.58,,26.2,27.97,-7.45,-13.3,False,38.74,37.8,18.6,-35.85,30.38,244,-2.41,1.04,-8.49,-11.01,-11.17,,True
VLSFINANCE,NSE,EQ,INE709A01018,2026-10-09,221.43,226.5,233.0,218.4,228.67,-3.17,224.18,9016,2021190.45,7408.0,1.22,,241.57,244.74,-8.34,-9.52,False,25.7,333.45,201.47,-33.59,9.91,270,-3.17,-4.09,-10.02,-12.79,-4.23,3.13,False
VMARCIND,NSE,SM,INE0GXK01018,2026-10-09,320.3,321.05,322.5,312.2,320.25,0.02,318.43,109500,34867800.0,193425.0,0.57,,399.1,619.55,-19.74,-48.3,False,43.23,1664.05,260.25,-80.75,23.07,270,0.02,-1.45,-0.47,21.42,-55.37,-24.99,True
VMART,NSE,EQ,INE665J01013,2026-10-09,821.95,811.15,847.7,801.0,811.15,1.33,827.45,144267,119374270.25,88396.0,1.63,,790.7,737.81,3.95,11.4,True,59.77,881.35,477.2,-6.74,72.24,270,1.33,10.17,-0.33,5.67,32.33,15.8,False
VMM,NSE,EQ,INE01EA01019,2026-10-09,97.5,97.5,97.95,96.6,97.0,0.52,97.46,6697179,652715413.27,11041098.0,0.61,,105.05,116.77,-7.19,-16.5,False,39.24,150.63,97.0,-35.27,0.52,270,0.52,-2.01,-6.16,-17.92,-16.37,-34.57,False
VMOBILE,NSE,SM,INE27V201011,2026-10-09,51.85,51.85,51.85,51.85,51.8,0.1,51.85,800,41480.0,7280.0,0.11,,67.49,108.78,-23.17,-52.33,False,32.46,147.25,51.8,-64.79,0.1,67,0.1,-7.49,-3.98,-58.96,,,True
VMSTMT,NSE,EQ,INE0SJA01013,2026-10-09,44.61,44.42,45.76,44.16,44.66,-0.11,44.84,24064,1078971.3,77683.0,0.31,,46.54,51.7,-4.15,-13.71,False,42.65,82.67,34.51,-46.04,29.27,257,-0.11,-4.37,-0.49,-3.71,4.08,-45.02,False
VNL,NSE,BE,INE1O5L01025,2026-10-09,194.04,194.04,194.04,194.04,204.25,-5.0,194.04,32760,6356750.4,340346.0,0.1,,203.85,204.15,-4.81,-4.95,False,,204.25,194.04,-5.0,0.0,2,-5.0,,,,,,False
VOEPL,NSE,EQ,INE0I0T01010,2026-10-09,524.95,535.0,539.5,510.35,532.6,-1.44,523.47,110434,57809337.55,177463.0,0.62,,506.27,470.26,3.69,11.63,True,54.77,579.55,435.4,-9.42,20.57,71,-1.44,6.48,-4.5,17.52,,,False
VOGL,NSE,EQ,INE704J01044,2026-10-09,30.1,29.94,30.54,29.12,29.87,0.77,30.08,18199503,547416461.41,22708019.0,0.8,,35.0,35.91,-13.99,-16.19,False,31.34,44.59,29.87,-32.5,0.77,82,0.77,-5.88,-17.87,-22.3,,,False
VOITHPAPR,NSE,EQ,INE285C01015,2026-10-09,1373.1,1398.7,1424.0,1366.6,1398.7,-1.83,1384.76,542,750540.7,430.0,1.26,,1436.14,1425.34,-4.39,-3.66,True,50.9,1517.4,1373.1,-9.51,0.0,38,-1.83,-2.43,-7.9,,,,False
VOLERCAR,NSE,SM,INE241X01014,2026-10-09,218.2,220.0,220.05,216.0,217.75,0.21,219.28,42400,9297680.0,15880.0,2.67,,224.78,224.71,-2.93,-2.9,True,45.51,269.9,189.0,-19.16,15.45,249,0.21,-0.82,-11.64,-6.25,0.95,,True
VOLTAMP,NSE,EQ,INE540H01012,2026-10-09,10302.0,10358.0,10473.0,10161.0,10399.0,-0.93,10298.15,10796,111178845.0,15477.0,0.7,,10487.76,9579.78,-1.77,7.54,True,42.21,12520.0,6778.5,-17.72,51.98,270,-0.93,-1.19,-9.35,7.74,12.8,42.38,False
VOLTAS,NSE,EQ,INE226A01021,2026-10-09,1033.7,1035.4,1048.5,1028.6,1032.0,0.16,1038.66,236986,246147186.5,746784.0,0.32,,1165.39,1288.88,-11.3,-19.8,False,30.65,1561.3,1032.0,-33.79,0.16,270,0.16,-1.85,-9.7,-19.66,-18.27,-23.63,False
VPRPL,NSE,EQ,INE0AE001013,2026-10-09,27.11,27.4,27.78,26.76,27.4,-1.06,27.06,326648,8840161.19,676760.0,0.48,,31.72,44.36,-14.53,-38.89,False,33.46,98.51,25.19,-72.48,7.62,270,-1.06,-4.51,-25.42,2.5,-29.09,-71.22,False
VR,NSE,SM,INE0QQM01017,2026-09-30,95.95,95.95,95.95,95.8,95.5,0.47,95.9,1200,115080.0,680.0,1.76,,120.53,157.5,-20.39,-39.08,False,34.61,211.95,95.5,-54.73,0.47,155,0.47,-9.31,-33.67,-33.32,-54.3,,True
VRAJ,NSE,EQ,INE0S2V01010,2026-10-09,120.1,118.33,121.7,117.0,119.85,0.21,118.96,7339,873038.83,15448.0,0.48,,123.81,126.72,-2.99,-5.22,False,39.8,152.82,94.67,-21.41,26.86,270,0.21,-1.36,-1.1,2.65,-0.51,-17.44,False
VRLLOG,NSE,EQ,INE366I01010,2026-10-09,284.15,284.5,287.9,282.8,284.1,0.02,284.79,211064,60108805.1,126723.0,1.67,,282.64,267.78,0.53,6.11,True,44.45,305.25,229.56,-6.91,23.78,270,0.02,-0.32,-3.27,22.9,15.75,3.93,False
VSCL,NSE,SM,INE551Q01028,2026-10-08,19.65,19.65,19.65,19.65,20.4,-3.68,19.65,3000,58950.0,8400.0,0.36,,23.08,25.38,-14.86,-22.58,False,39.43,31.5,16.05,-37.62,22.43,118,-3.68,-0.76,-14.0,-26.13,,,True
VSSL,NSE,EQ,INE050M01012,2026-10-09,373.4,376.15,379.0,365.3,376.15,-0.73,370.63,72211,26763435.35,575204.0,0.13,,366.47,309.99,1.89,20.46,True,44.05,413.6,208.4,-9.72,79.17,270,-0.73,-2.58,4.71,35.12,60.62,26.19,False
VSTIND,NSE,EQ,INE710A01016,2026-10-09,201.58,200.55,202.56,200.0,200.86,0.36,200.79,89035,17877470.93,110884.0,0.8,,212.16,233.5,-4.99,-13.67,False,37.92,268.4,200.07,-24.9,0.75,270,0.36,0.22,-2.5,-18.91,-8.37,-22.0,False
VSTL,NSE,EQ,INE0QTF01015,2026-10-09,101.24,104.95,105.95,100.0,104.78,-3.38,102.47,28882,2959469.87,8259.0,3.5,,112.07,120.07,-9.66,-15.68,False,26.26,156.72,101.24,-35.4,0.0,270,-3.38,-6.99,-18.64,-11.56,-11.09,-34.64,False
VSTTILLERS,NSE,EQ,INE764D01017,2026-10-09,4235.1,4257.2,4264.1,4163.3,4211.5,0.56,4221.27,4630,19544468.1,12029.0,0.38,,4352.74,4776.12,-2.7,-11.33,False,46.21,6262.5,3996.5,-32.37,5.97,270,0.56,-2.41,2.61,-9.02,-18.95,-16.14,False
VTL,NSE,EQ,INE825A01020,2026-10-09,528.2,527.0,537.35,524.45,527.35,0.16,528.58,120814,63860191.4,361600.0,0.33,,571.68,555.69,-7.61,-4.95,True,38.46,666.25,394.65,-20.72,33.84,270,0.16,-0.2,-9.62,-16.97,-4.2,27.94,False
VTMLTD,NSE,EQ,INE222F01029,2026-10-09,37.89,31.99,37.89,30.41,31.58,19.98,36.38,416468,15151093.68,148072.0,2.81,,45.25,46.88,-16.26,-19.18,False,40.23,59.43,31.58,-36.24,19.98,38,19.98,-0.68,-33.03,,,,False
WAAREEENER,NSE,EQ,INE377N01017,2026-10-09,2323.0,2326.0,2345.0,2281.8,2317.0,0.26,2314.83,349115,808142447.7,620971.0,0.56,,2564.5,2850.08,-9.42,-18.49,False,32.06,3627.4,2317.0,-35.96,0.26,270,0.26,-0.73,-9.65,-20.52,-25.66,-30.21,False
WAAREEINDO,NSE,EQ,INE866K01023,2026-10-09,198.04,202.5,202.5,196.24,197.0,0.53,198.74,92283,18340627.6,158231.0,0.58,,266.14,357.62,-25.59,-44.62,False,22.34,711.7,197.0,-72.17,0.53,227,0.53,-2.63,-24.43,-49.16,-52.5,,False
WAAREERTL,NSE,EQ,INE299N01021,2026-10-09,802.45,799.7,814.8,798.8,795.95,0.82,804.57,125233,100759286.3,131985.0,0.95,,857.62,929.1,-6.43,-13.63,False,37.87,1330.5,782.3,-39.69,2.58,270,0.82,-0.79,-5.06,-21.04,-10.15,-23.43,False
WABAG,NSE,EQ,INE956G01038,2026-10-09,1936.8,1943.9,1957.6,1921.3,1934.1,0.14,1935.34,270798,524087039.5,605694.0,0.45,,2008.15,1744.49,-3.55,11.02,True,41.18,2277.9,1049.1,-14.97,84.62,270,0.14,-3.4,-3.57,-12.8,45.33,34.97,False
WAKEFIT,NSE,EQ,INE0E7301029,2026-10-09,131.39,130.6,133.91,128.71,130.51,0.67,131.05,710663,93129035.72,406877.0,1.75,,139.66,149.41,-5.92,-12.06,False,34.38,215.8,113.04,-39.11,16.23,202,0.67,-6.07,-14.15,1.22,-13.42,,False
WALCHANNAG,NSE,EQ,INE711A01022,2026-10-09,207.3,210.0,215.5,206.5,208.01,-0.34,211.1,795148,167858443.18,992014.0,0.8,,215.19,212.08,-3.67,-2.25,True,48.87,312.05,131.65,-33.57,57.46,270,-0.34,5.72,-5.39,-20.57,24.47,10.22,False
WALPAR,NSE,SM,INE0G2G01015,2026-10-05,26.1,28.45,28.45,26.1,27.4,-4.74,26.64,14000,372900.0,8800.0,1.59,,28.89,36.4,-9.66,-28.3,False,46.79,48.3,22.0,-45.96,18.64,120,-4.74,-4.92,-12.71,-31.32,,,True
WANBURY,NSE,EQ,INE107F01022,2026-10-09,196.42,192.0,201.0,190.89,194.2,1.14,196.33,356358,69963166.89,316617.0,1.13,,237.94,256.14,-17.45,-23.32,False,30.68,344.75,163.34,-43.03,20.25,270,1.14,-0.79,-20.7,-34.05,-16.12,-22.82,False
WARDINMOBI,NSE,BZ,INE945P01024,2026-10-09,5.06,5.02,5.1,4.85,4.95,2.22,5.01,284891,1426949.07,255289.0,1.12,,5.71,6.07,-11.46,-16.58,False,29.76,6.32,4.95,-19.94,2.22,38,2.22,-4.71,-12.31,,,,False
WATERBASE,NSE,EQ,INE054C01015,2026-10-09,44.31,44.16,44.84,43.81,44.12,0.43,44.19,6687,295495.38,18722.0,0.36,,46.61,47.06,-4.93,-5.85,False,37.68,52.39,44.12,-15.42,0.43,38,0.43,-2.4,-7.75,,,,False
WCIL,NSE,EQ,INE0CJF01024,2026-10-09,97.52,92.8,97.8,92.8,93.3,4.52,96.06,571502,54899887.77,268008.0,2.13,,91.26,100.5,6.85,-2.97,False,61.71,136.24,77.87,-28.42,25.23,270,4.52,4.85,18.23,2.91,4.42,-23.88,False
WEALTH,NSE,EQ,INE658T01017,2026-10-09,911.3,833.5,949.85,833.0,836.7,8.92,890.07,5461,4860645.65,6667.0,0.82,,873.4,935.67,4.34,-2.6,False,61.23,1208.7,800.1,-24.6,13.9,270,8.92,2.4,9.04,-7.45,6.1,-23.19,False
WEBELSOLAR,NSE,EQ,INE855C01023,2026-10-09,65.57,66.35,67.25,65.0,66.4,-1.25,66.18,1407005,93121816.96,1756610.0,0.8,,78.53,216.34,-16.5,-69.69,False,30.16,1352.8,51.89,-95.15,26.36,270,-1.25,-4.56,-12.58,-34.33,-17.31,-94.69,False
WEIZMANIND,NSE,EQ,INE080A01014,2026-10-09,71.46,70.31,71.99,70.25,71.07,0.55,70.93,373,26456.92,1335.0,0.28,,74.1,83.01,-3.57,-13.92,False,46.47,110.82,66.5,-35.52,7.46,270,0.55,0.01,-2.92,-10.21,-12.08,-33.74,False
WEL,NSE,EQ,INE02WG01024,2026-10-09,75.54,75.25,76.0,74.21,75.25,0.39,74.79,134919,10090523.21,441984.0,0.31,,89.35,109.78,-15.46,-31.19,False,41.5,179.74,69.18,-57.97,9.19,270,0.39,5.36,8.86,-26.38,-3.61,-39.7,False
WELCORP,NSE,EQ,INE191B01025,2026-10-09,2640.4,2657.9,2691.6,2601.7,2651.3,-0.41,2639.39,760698,2007779375.0,2180232.0,0.35,,2373.18,1633.74,11.26,61.62,True,53.1,2842.0,721.85,-7.09,265.78,270,-0.41,1.33,1.57,63.74,181.78,207.97,False
WELENT,NSE,EQ,INE625G01013,2026-10-09,735.9,740.0,744.4,725.05,732.35,0.48,732.92,124975,91596537.25,709510.0,0.18,,702.76,594.12,4.72,23.86,True,50.69,823.35,415.75,-10.62,77.01,270,0.48,1.58,-6.85,19.85,64.3,47.34,False
WELINV,NSE,BE,INE389K01018,2026-10-09,2305.0,2305.0,2305.0,2305.0,2352.0,-2.0,2305.0,81,186705.0,109.0,0.74,,2214.06,1762.46,4.11,30.78,True,47.07,2499.9,1019.2,-7.8,126.16,263,-2.0,-6.98,-0.68,28.06,77.12,128.22,False
WELSPLSOL,NSE,EQ,INE731F01037,2026-10-09,48.98,49.0,49.5,48.31,48.92,0.12,48.94,446585,21855694.76,620898.0,0.72,,52.48,46.92,-6.67,4.39,True,36.84,60.43,37.05,-18.95,32.2,120,0.12,-6.85,-14.24,-6.95,,,False
WELSPUNLIV,NSE,EQ,INE192B01031,2026-10-09,223.75,225.93,230.31,220.01,225.07,-0.59,223.98,2587725,579594024.94,5069154.0,0.51,,202.84,162.43,10.31,37.75,True,56.26,239.17,108.32,-6.45,106.56,270,-0.59,-6.45,7.64,34.65,81.53,95.07,False
WENDT,NSE,EQ,INE274C01019,2026-10-09,7748.5,7720.0,7844.0,7612.0,7712.0,0.47,7718.15,5264,40628357.5,15955.0,0.33,,8186.23,7927.86,-5.35,-2.26,True,34.49,9137.0,5924.5,-15.2,30.79,270,0.47,-4.53,-7.96,-1.19,16.71,-11.86,False
WESTLIFE,NSE,EQ,INE274F01020,2026-10-09,580.6,574.9,584.2,571.9,577.2,0.59,579.34,64759,37517683.35,511957.0,0.13,,559.62,540.85,3.75,7.35,True,53.17,684.05,416.85,-15.12,39.28,270,0.59,-1.27,7.87,14.38,26.53,-15.56,False
WEWIN,NSE,EQ,INE082W01014,2026-10-09,51.33,50.5,52.0,50.4,51.36,-0.06,50.93,814,41452.99,5626.0,0.14,,47.07,48.29,9.05,6.3,False,64.25,74.07,37.0,-30.7,38.73,270,-0.06,-0.62,22.65,10.94,-6.32,4.05,False
WEWORK,NSE,EQ,INE085001019,2026-10-09,669.45,664.0,674.35,656.0,664.1,0.81,666.8,96372,64261053.65,142360.0,0.68,,673.3,634.87,-0.57,5.45,True,49.75,755.4,426.5,-11.38,56.96,246,0.81,1.49,0.31,-8.55,41.97,,False
WHBRADY,NSE,EQ,INE855A01019,2026-10-09,471.75,471.75,471.75,471.75,471.75,0.0,471.75,1,471.75,115.0,0.01,,490.92,501.65,-3.9,-5.96,False,37.12,534.5,464.4,-11.74,1.58,34,0.0,1.44,-4.79,,,,False
WHEELS,NSE,EQ,INE715A01015,2026-10-09,2207.2,2193.1,2241.8,2143.0,2208.2,-0.05,2209.3,73512,162410084.5,353721.0,0.21,,1921.63,1439.49,14.86,53.33,True,58.66,2400.6,714.05,-8.06,209.11,270,-0.05,-1.52,4.79,45.87,122.52,144.19,False
WHIRLPOOL,NSE,EQ,INE716A01013,2026-10-09,816.75,830.45,836.0,810.0,823.15,-0.78,818.12,493704,403910641.25,3099481.0,0.16,,814.51,885.25,0.27,-7.74,False,48.32,1420.9,717.7,-42.52,13.8,270,-0.78,-5.21,1.46,2.72,-3.42,-31.43,False
WHITEFORCE,NSE,SM,INE0TLP01015,2026-10-06,37.5,37.5,37.5,37.5,37.5,0.0,37.5,1600,60000.0,12160.0,0.13,,40.01,51.19,-6.28,-26.74,False,45.42,90.05,32.3,-58.36,16.1,190,0.0,-12.99,-1.32,5.04,-36.44,,True
WILLAMAGOR,NSE,EQ,INE210A01017,2026-10-09,20.18,20.29,21.4,20.0,19.91,1.36,20.42,3934,80314.63,3834.0,1.03,,23.73,26.52,-14.94,-23.91,False,32.42,35.49,19.91,-43.14,1.36,270,1.36,-4.77,-14.96,-23.15,-22.47,-39.34,False
WIMPLAST,NSE,EQ,INE015B01018,2026-06-08,335.3,346.7,347.0,333.0,335.3,0.0,338.04,20140,6808077.6,10157.0,1.98,,361.95,377.76,-7.36,-11.24,False,33.25,385.26,323.7,-12.97,3.58,34,0.0,1.45,-11.89,,,,False
WINDLAS,NSE,EQ,INE0H5O01029,2026-10-09,949.2,1001.9,1007.1,936.0,991.6,-4.28,956.16,129137,123476055.4,87121.0,1.48,,1017.21,914.68,-6.69,3.77,True,31.94,1154.75,705.75,-17.8,34.5,270,-4.28,-12.31,-17.18,14.37,20.5,4.79,False
WINDMACHIN,NSE,EQ,INE052A01021,2026-10-09,296.2,289.8,298.95,287.1,288.1,2.81,292.67,37371,10937232.35,100366.0,0.37,,299.58,291.95,-1.13,1.46,True,48.29,328.45,205.55,-9.82,44.1,270,2.81,1.04,-3.08,-4.96,19.36,0.92,False
WINNY,NSE,SM,INE0S9101013,2026-10-07,35.75,35.75,35.75,35.75,34.05,4.99,35.75,500,17875.0,4250.0,0.12,,41.1,58.9,-13.02,-39.31,False,49.43,78.0,29.5,-54.17,21.19,96,4.99,15.32,-4.79,-45.04,,,True
WINSOL,NSE,SM,INE0S3D01016,2026-10-09,111.9,103.25,112.6,103.25,106.55,5.02,110.36,8000,882880.0,6040.0,1.32,,112.35,130.39,-0.4,-14.18,False,52.76,191.9,95.9,-41.69,16.68,267,5.02,1.77,-3.53,-7.9,6.37,-39.87,True
WINSOME,NSE,BZ,INE784B01035,2026-07-30,2.51,2.51,2.51,2.51,2.47,1.62,2.51,175840,441358.4,45097.0,3.9,,2.22,2.02,13.23,24.3,True,71.32,2.6,1.61,-3.46,55.9,203,1.62,8.66,5.91,48.52,36.41,,False
WIPL,NSE,EQ,INE215F01023,2026-10-09,160.37,160.69,162.9,160.01,160.69,-0.2,160.35,2086,334492.42,1138.0,1.83,,164.74,161.91,-2.66,-0.95,True,43.12,177.05,141.83,-9.42,13.07,270,-0.2,-0.39,-4.54,-6.86,3.61,-1.59,False
WIPRO,NSE,EQ,INE075A01022,2026-10-09,162.57,158.3,164.3,158.3,158.38,2.65,162.87,23916315,3895149102.77,21894774.0,1.09,,170.72,194.34,-4.77,-16.35,False,43.55,272.67,156.79,-40.38,3.69,270,2.65,2.02,-5.21,-7.35,-20.08,-32.08,False
WOCKPHARMA,NSE,EQ,INE049B01025,2026-10-09,1996.4,2045.8,2064.0,1986.1,2029.6,-1.64,2010.22,687125,1381272642.6,1018048.0,0.67,,2045.81,1771.88,-2.42,12.67,True,42.76,2329.7,1100.3,-14.31,81.44,270,-1.64,-4.2,-10.23,10.26,47.9,31.69,False
WOL3D,NSE,SM,INE0OO201011,2026-10-09,135.0,135.0,135.0,135.0,137.0,-1.46,135.0,1000,135000.0,3700.0,0.27,,137.35,141.2,-1.71,-4.39,False,48.33,213.75,110.0,-36.84,22.73,247,-1.46,-2.88,-1.32,5.68,11.11,,True
WOMANCART,NSE,ST,INE0Q9601016,2026-10-09,84.15,88.0,89.45,83.75,88.1,-4.48,85.34,27600,2355380.0,17360.0,1.59,,102.71,143.74,-18.07,-41.45,False,22.42,340.25,84.15,-75.27,0.0,269,-4.48,-12.66,-16.93,-21.1,-52.19,-63.74,True
WONDERLA,NSE,EQ,INE066O01014,2026-10-09,508.55,505.7,514.0,500.0,509.45,-0.18,504.76,45100,22764488.5,53834.0,0.84,,505.88,515.84,0.53,-1.41,False,49.39,593.7,461.6,-14.34,10.17,270,-0.18,2.72,-1.9,7.23,-5.02,-12.52,False
WORTH,NSE,EQ,INE196Y01018,2025-10-09,159.0,156.94,159.69,155.15,155.81,2.05,158.12,17850,2822409.11,19113.0,0.93,,156.03,155.19,1.9,2.46,True,76.62,161.66,150.6,-1.65,5.58,24,2.05,3.71,0.1,,,,False
WORTHPERI,NSE,EQ,INE196Y01018,2026-10-09,154.9,136.2,164.61,136.0,137.18,12.92,154.64,115180,17811874.1,14965.0,7.7,,147.31,144.05,5.15,7.53,True,58.59,164.13,116.52,-5.62,32.94,246,12.92,7.76,-0.7,14.28,18.28,,False
WPIL,NSE,EQ,INE765D01022,2026-10-09,430.9,426.85,435.5,422.55,421.0,2.35,428.73,19698,8445114.3,62367.0,0.32,,439.24,439.08,-1.9,-1.86,True,47.47,505.8,408.35,-14.81,5.52,120,2.35,0.06,0.54,-7.42,,,False
WSI,NSE,EQ,INE100D01014,2026-10-09,53.74,52.8,53.99,51.5,52.89,1.61,52.73,27302,1439718.04,42905.0,0.64,,58.31,66.36,-7.84,-19.01,False,40.93,92.65,50.66,-42.0,6.08,270,1.61,1.02,-10.06,-18.66,-29.37,-28.18,False
WSTCSTPAPR,NSE,EQ,INE976A01021,2026-10-09,727.65,715.0,735.4,709.85,713.1,2.04,723.82,187634,135813096.75,243162.0,0.77,,668.85,555.26,8.79,31.05,True,55.4,768.3,381.3,-5.29,90.83,270,2.04,0.0,6.82,35.2,63.11,55.81,False
WTICAB,NSE,SM,INE623Y01011,2026-10-09,97.0,97.0,97.0,97.0,96.65,0.36,97.0,2500,242500.0,12050.0,0.21,,103.45,115.67,-6.24,-16.14,False,41.79,168.25,76.05,-42.35,27.55,269,0.36,2.11,-5.37,-19.74,2.37,-41.21,True
XCHANGING,NSE,EQ,INE692G01013,2026-10-09,60.3,59.58,60.97,59.05,58.96,2.27,59.73,35050,2093596.74,91957.0,0.38,,62.14,67.33,-2.95,-10.45,False,47.01,95.46,47.79,-36.83,26.18,270,2.27,0.95,-5.9,-7.02,-3.21,-28.66,False
XELPMOC,NSE,EQ,INE01P501012,2026-10-09,87.94,90.39,94.25,87.0,90.39,-2.71,89.59,6307,565017.46,46381.0,0.14,,82.65,93.91,6.4,-6.35,False,56.01,148.32,73.32,-40.71,19.94,270,-2.71,-6.12,13.31,5.52,-13.66,-7.51,False
XPROINDIA,NSE,EQ,INE445C01015,2026-10-09,1095.0,1088.1,1111.8,1088.1,1088.1,0.63,1098.5,34540,37942337.0,42751.0,0.81,,1202.33,1169.06,-8.93,-6.34,True,34.99,1503.6,813.0,-27.17,34.69,270,0.63,-3.63,-21.21,-24.89,5.73,-3.18,False
XTGLOBAL,NSE,EQ,INE547B01028,2026-10-09,26.76,26.61,27.0,26.0,26.85,-0.34,26.5,20182,534802.78,35928.0,0.56,,29.49,31.12,-9.27,-14.01,False,30.82,41.44,25.99,-35.42,2.96,270,-0.34,-6.73,-13.98,-2.66,-8.01,-31.98,False
XTRANET,NSE,EQ,INE0NG701011,2026-10-09,287.5,288.45,301.95,278.55,287.6,-0.03,292.55,604762,176921629.15,1487765.0,0.41,,238.78,169.43,20.41,69.68,True,55.19,341.43,124.01,-15.8,131.84,50,-0.03,5.54,7.8,,,,False
YAAP,NSE,SM,INE0U0J01015,2026-10-09,116.35,117.5,117.5,113.0,120.0,-3.04,115.41,11000,1269500.0,13700.0,0.8,,133.85,148.17,-13.07,-21.47,False,35.69,213.55,116.35,-45.52,0.0,146,-3.04,-4.63,-12.06,-27.1,-28.6,,True
YAARI,NSE,BE,INE126M01010,2025-11-03,21.04,21.23,21.23,20.2,21.23,-0.89,21.22,672815,14278829.49,190594.0,3.53,,18.83,18.79,11.71,11.95,True,43.1,21.23,17.24,-0.89,22.04,19,-0.89,11.97,,,,,False
YASHO,NSE,EQ,INE616Z01012,2026-10-09,4125.0,4150.0,4219.4,3981.1,4114.7,0.25,4112.94,26040,107101023.3,36602.0,0.71,,3937.62,2862.32,4.76,44.11,True,51.25,4915.8,1165.7,-16.09,253.86,270,0.25,2.21,1.11,35.78,180.8,147.04,False
YASHOPTICS,NSE,SM,INE0TO601017,2026-10-09,123.1,122.25,123.1,122.25,125.0,-1.52,122.52,4800,588080.0,21200.0,0.23,,124.22,121.87,-0.9,1.01,True,45.3,151.0,101.2,-18.48,21.64,261,-1.52,-9.08,9.33,0.9,18.31,-16.37,True
YATHARTH,NSE,EQ,INE0JO301016,2026-10-09,1022.2,1020.5,1055.0,1012.8,1014.2,0.79,1033.09,283350,292727077.9,878991.0,0.32,,985.36,853.55,3.74,19.76,True,49.0,1162.2,550.8,-12.05,85.58,270,0.79,-1.11,5.39,23.19,45.52,37.91,False
YATRA,NSE,EQ,INE0JR601024,2026-10-09,94.74,97.13,97.16,94.5,96.1,-1.42,95.3,702482,66946820.84,896115.0,0.78,,106.68,118.51,-11.19,-20.06,False,31.79,191.34,90.38,-50.49,4.82,270,-1.42,-4.14,-16.63,-17.01,-9.15,-32.13,False
YCCL,NSE,SM,INE08S201019,2026-10-09,8.1,8.1,8.1,8.1,8.15,-0.61,8.1,3000,24300.0,9900.0,0.3,,9.16,10.6,-11.6,-23.56,False,39.75,13.35,8.0,-39.33,1.25,170,-0.61,-1.82,-18.59,-17.35,-34.68,,True
YESBANK,NSE,EQ,INE528G01035,2026-10-09,20.5,20.48,20.69,20.42,20.45,0.24,20.54,49563814,1018125531.08,86301352.0,0.57,,22.2,22.06,-7.67,-7.05,True,33.01,25.48,17.25,-19.54,18.84,270,0.24,-1.2,-8.97,-14.37,7.67,-3.53,False
YOGI,NSE,EQ,INE290E01011,2026-10-09,159.99,156.0,160.0,156.0,156.35,2.33,156.18,1503,234733.83,1230.0,1.22,,159.58,157.39,0.26,1.65,True,58.98,165.97,155.05,-3.6,3.19,37,2.33,0.4,3.19,,,,False
YUDIZ,NSE,SM,INE09FA01019,2026-10-09,20.7,20.7,20.7,20.7,21.75,-4.83,20.7,800,16560.0,1920.0,0.42,,23.95,26.61,-13.57,-22.22,False,38.29,38.75,20.7,-46.58,0.0,228,-4.83,-5.48,-16.19,-15.16,-35.31,,True
YUKEN,NSE,EQ,INE384C01016,2026-10-09,1089.2,1120.0,1147.7,1065.1,1135.3,-4.06,1096.75,42988,47147058.2,42187.0,1.02,,1014.29,867.6,7.39,25.54,True,49.76,1238.6,593.95,-12.06,83.38,270,-4.06,-4.57,7.06,40.9,78.89,9.23,False
ZAGGLE,NSE,EQ,INE07K301024,2026-10-09,168.3,167.55,169.04,165.8,166.43,1.12,167.68,662813,111140474.9,968777.0,0.68,,184.86,232.76,-8.96,-27.69,False,35.42,401.35,160.48,-58.07,4.87,270,1.12,-2.0,-6.56,-19.0,-32.93,-51.37,False
ZEAL,NSE,SM,INE0PPS01018,2026-10-09,69.9,67.7,69.9,67.7,71.2,-1.83,68.43,1800,123180.0,3870.0,0.47,,71.46,78.7,-2.18,-11.18,False,46.24,124.6,57.3,-43.9,21.99,239,-1.83,1.97,-11.07,3.1,-6.8,,True
ZEEL,NSE,EQ,INE256A01028,2026-10-09,69.97,68.7,70.5,68.16,68.37,2.34,69.54,14228095,989408034.43,15755628.0,0.9,,85.61,94.0,-18.27,-25.57,False,28.49,115.75,68.37,-39.55,2.34,270,2.34,-2.71,-18.93,-28.21,-11.19,-37.73,False
ZEELEARN,NSE,EQ,INE565L01011,2026-10-09,6.07,6.2,6.24,5.99,6.2,-2.1,6.14,178544,1096997.26,322751.0,0.55,,7.05,7.24,-13.95,-16.19,False,33.54,9.72,4.25,-37.55,42.82,270,-2.1,-3.65,-8.17,-32.41,20.92,-34.73,False
ZEEMEDIA,NSE,EQ,INE966H01019,2026-10-09,7.03,7.07,7.14,7.0,7.05,-0.28,7.05,1103292,7775352.72,1168069.0,0.94,,7.73,8.49,-9.11,-17.18,False,33.89,11.57,6.65,-39.24,5.71,270,-0.28,-2.36,-11.46,-14.89,-7.01,-36.5,False
ZENITHDRUG,NSE,SM,INE0QWN01013,2026-10-09,40.6,43.8,43.8,40.0,41.4,-1.93,40.96,19200,786400.0,17960.0,1.07,,43.97,47.49,-7.65,-14.51,False,42.73,67.9,35.2,-40.21,15.34,266,-1.93,-3.45,-10.67,-22.45,1.63,-40.82,True
ZENITHEXPO,NSE,EQ,INE058B01018,2026-10-08,180.05,188.0,188.0,177.5,186.63,-3.53,186.67,62,11573.5,140.0,0.44,,201.13,213.86,-10.48,-15.81,False,33.43,274.15,178.98,-34.32,0.6,264,-3.53,-9.52,-8.4,-10.2,-3.92,-35.51,False
ZENITHSTL,NSE,EQ,INE318D01020,2026-10-09,5.2,5.19,5.28,5.06,5.11,1.76,5.19,30992,160856.37,67161.0,0.46,,5.45,5.94,-4.62,-12.43,False,43.24,9.88,4.6,-47.37,13.04,270,1.76,1.96,-14.75,-6.98,0.19,-24.86,False
ZENSARTECH,NSE,EQ,INE520A01027,2026-10-09,448.55,445.0,462.0,443.2,441.8,1.53,454.45,1677315,762249011.65,3852856.0,0.44,,457.54,536.72,-1.96,-16.43,False,51.41,807.95,422.1,-44.48,6.27,270,1.53,3.27,-0.44,-11.75,-18.41,-41.22,False
ZENTEC,NSE,EQ,INE251B01027,2026-10-09,1528.8,1510.0,1534.7,1485.0,1514.2,0.96,1515.27,238886,361976406.5,260877.0,0.92,,1701.35,1635.63,-10.14,-6.53,True,31.22,1997.0,1228.1,-23.45,24.48,270,0.96,-3.0,-16.23,-18.7,5.41,6.7,False
ZFCVINDIA,NSE,EQ,INE342J01019,2026-10-09,2082.2,2105.9,2120.8,2075.0,2116.2,-1.61,2091.74,28388,59380371.8,108004.0,0.26,,3013.27,8045.06,-30.9,-74.12,False,18.88,16086.0,2082.2,-87.06,0.0,270,-1.61,-7.09,-17.29,-10.78,-85.58,-83.87,False
ZFSTEERING,NSE,EQ,INE116C01012,2026-10-09,688.65,685.25,693.75,681.3,683.1,0.81,687.79,1082,744188.1,9777.0,0.11,,697.01,740.12,-1.2,-6.95,False,45.74,855.2,642.3,-19.47,7.22,119,0.81,-2.79,2.74,3.76,,,False
ZIMLAB,NSE,EQ,INE518E01015,2026-10-09,150.47,141.0,153.94,138.69,140.53,7.07,149.27,554208,82728326.9,191834.0,2.89,,129.59,105.6,16.11,42.49,True,67.2,150.47,60.26,0.0,149.7,270,7.07,9.82,16.55,32.43,111.99,111.87,False
ZODIAC,NSE,EQ,INE761Y01019,2026-10-09,205.97,214.0,214.0,205.0,207.2,-0.59,207.48,6441,1336386.75,11737.0,0.55,,234.29,273.13,-12.09,-24.59,False,30.48,398.3,205.97,-48.29,0.0,270,-0.59,-5.04,-12.46,-23.97,-25.33,-47.34,False
ZODIACLOTH,NSE,EQ,INE206B01013,2026-10-09,65.31,66.04,67.97,64.41,66.19,-1.33,65.56,9956,652674.11,3982.0,2.5,,71.36,77.92,-8.48,-16.18,False,31.26,100.5,59.54,-35.01,9.69,270,-1.33,-2.1,-8.66,-16.36,-10.67,-32.85,False
ZOTA,NSE,EQ,INE358U01012,2026-10-09,1324.1,1322.0,1331.9,1300.0,1322.4,0.13,1319.89,27310,36046253.9,135142.0,0.2,,1232.93,1275.33,7.39,3.82,False,60.56,1687.0,1028.1,-21.51,28.79,270,0.13,4.44,18.96,-6.95,8.21,-5.93,False
ZSARACOM,NSE,EQ,INE967G01019,2026-10-09,9900.0,9636.0,9900.0,9636.0,9901.0,-0.01,9742.0,3,29226.0,29.0,0.1,,10740.07,10502.87,-7.82,-5.74,True,41.29,13644.0,9115.0,-27.44,8.61,119,-0.01,-1.17,-12.2,-21.29,,,False
ZTECH,NSE,SM,INE0ISZ01012,2026-10-09,460.05,462.5,475.0,457.0,466.0,-1.28,465.48,9900,4608270.0,20250.0,0.49,,476.16,532.82,-3.38,-13.66,False,51.21,668.15,397.0,-31.15,15.88,270,-1.28,5.26,0.54,-22.07,-15.78,-22.87,True
ZUARI,NSE,EQ,INE840M01016,2026-10-09,206.98,208.51,209.91,206.0,208.18,-0.58,207.54,54843,11381851.52,66107.0,0.83,,221.92,236.01,-6.73,-12.3,False,37.75,337.35,181.17,-38.65,14.25,270,-0.58,-2.77,-9.2,-12.38,-4.33,-23.95,False
ZUARIIND,NSE,EQ,INE217A01012,2026-10-09,268.6,268.05,271.2,265.4,268.7,-0.04,267.86,25414,6807413.75,77771.0,0.33,,272.04,272.4,-1.26,-1.39,False,44.65,366.2,213.3,-26.65,25.93,270,-0.04,-4.7,-3.54,-0.13,7.91,-25.55,False
ZYDUSLIFE,NSE,EQ,INE010B01027,2026-10-09,1117.5,1112.0,1123.7,1105.4,1112.0,0.49,1117.48,529822,592063365.1,1566287.0,0.34,,1140.32,1061.19,-2.0,5.31,True,42.49,1215.0,860.6,-8.02,29.85,270,0.49,-2.46,-2.44,-2.89,25.34,13.81,False
ZYDUSWELL,NSE,EQ,INE768C01028,2026-10-09,490.7,494.05,498.25,489.6,495.8,-1.03,493.15,72845,35923557.4,194977.0,0.37,,524.47,648.25,-6.44,-24.3,False,39.18,602.5,373.5,-18.56,31.38,270,-1.03,-0.52,-12.08,-17.17,1.83,7.33,False
